90100,296.9,296.7,4873,-0.199982,0,0,0,0,0,296.75,0,0,0,0,632,-338,0,0,0,306570,1252,0.04,0.04,0,0,0,0,0,0
90200,296.75,296.95,2086,0.200012,0,0,0,0,0,296.9,0,0,0,0.0130005,875,-968,0,0,0,306697,127,-0.1,-0.03,0,0,0,0,0,0
90300,297,296.8,1134,-0.200012,0,0,0,0,0,296.85,0,0,0,0.0180359,1170,-1057,0,0,0,306795,98,0.19,0.0433333,0,0,0,0,0,0
90400,296.8,296.75,1881,-0.0499878,0,0,0,0,0,296.75,0,0,0,0.0128174,1354,-1135,0,0,0,307209,414,0,0.0325,0,0,0,0,0,0
90500,296.75,296.7,947,-0.0499878,0,0,0,0,0,296.737,0,0,0,0.00762939,1483,-1225,0,0,0,307514,305,0.12,0.05,0,0,0,0,0,0
90600,296.7,296.55,1933,-0.150024,0,0,0,0,0,296.587,0,0,0,-0.00930786,1591,-1248,0,0,0,307795,281,0.15,0.0666667,0,0,0,0,0,0
90700,296.55,296.55,1205,0,0,0,0,0,0,296.563,0,0,0,-0.0238647,1673,-1162,0,0,0,308072,277,0.11,0.0728571,0,0,0,0,0,0
90800,296.6,296.5,965,-0.100006,0,0,0,0,0,296.538,0,0,0,-0.036377,1479,-1051,121,-101,0,308189,117,0.17,0.085,0,0,0,0,0,0
90900,296.5,296.3,1750,-0.200012,0,0,0,0,0,296.362,0,0,0,-0.0601807,1488,-1045,87,-11,0,308243,54,0.1,0.0866667,0,0,0,0,0,0
91000,296.3,296.3,1563,0,0,-0.75,0,0,0,296.35,0,0,0,-0.0778198,1716,-1024,78,4,398,308531,288,0.16,0.094,0,0,0,0,0,0
91100,296.3,296.4,1750,0.100006,0,-0.450012,0,0.341457,0,296.35,0,30.821,0,-0.0895386,2075,-1021,103,16,1147,308861,330,0.07,0.0918182,0,0,3,0,7,5
91200,296.4,296.45,1127,0.0500183,0,-0.600006,0.0769207,0.358968,0,296.45,0,25.0295,0,-0.0879822,2391,-1029,129,28,1249,309027,166,-0.01,0.0833333,0,0,3,1,7,5
91300,296.45,296.55,1202,0.0999756,0,-0.300018,0.102571,0.358968,0,296.525,0,35.2869,0,-0.0788574,2249,-913,94,47,1117,309351,324,0.15,0.0884615,0,0,3,2,7,5
91400,296.55,296.45,1030,-0.0999756,0,-0.350006,0.114295,0.285719,0,296.475,0,38.0978,0,-0.0750122,2022,-819,49,49,945,309283,-68,0.09,0.0885714,0,0,4,2,7,4
91500,296.5,296.75,1059,0.25,0,-0.0500183,0.210543,0.263163,0,296.688,0,47.5009,48.9417,-0.0524902,1962,-809,69,34,810,309302,19,0.04,0.0853333,0,0,4,3,6,4
91600,296.7,296.65,769,-0.0500183,0,0.0499878,0.210547,0.184204,0,296.663,0,53.2309,60.3054,-0.0370789,1925,-810,62,33,604,309111,-191,-0.14,0.07125,0,0,5,3,5,3
91700,296.7,296.6,496,-0.100006,0,-0.0500183,0.210547,0.157894,0,296.638,0,50.6277,68.6008,-0.0271912,1835,-712,17,44,695,309000,-111,-0.06,0.0635294,0,0,5,3,4,2
91800,296.65,296.8,432,0.149994,0,0.199982,0.230785,0.153846,0,296.75,0,57.93,78.6013,-0.00967407,2031,-819,-6,28,769,308977,-23,-0.02,0.0588889,0,0,5,4,4,2
91900,296.8,296.6,628,-0.199982,0,0.200012,0.230785,0.0769231,0,296.638,0,65.5754,84.2426,-0.0062561,1981,-817,-58,30,472,308829,-148,0.08,0.06,0,0,5,4,3,2
92000,296.6,296.5,896,-0.100006,0,0.100006,0.236861,0.13157,296.3,296.604,0.0235311,59.3177,74.2426,-0.0144653,1851,-792,-56,17,5,308983,154,-0.05,0.0545,0,0,5,4,3,3
92100,296.45,296.5,700,0.0499878,0,0.0499878,0.250017,0.111122,296.3,296.59,0.0360529,50.0054,64.5459,-0.0235291,1829,-770,-27,7,-303,309069,86,0.15,0.0590476,0,0,5,4,3,3
92200,296.45,296.5,532,0.0499878,0,0.0499573,0.181837,0.121224,296.3,296.569,0.0406931,41.3571,55.0007,-0.0287781,1864,-795,-14,2,-267,309124,55,0.14,0.0627273,0,0,5,3,3,3
92300,296.5,296.5,702,0,0,-0.0500183,0.161298,0.161318,296.3,296.551,0.0446559,28.0865,40.0011,-0.0332031,1794,-742,-18,9,-151,309228,104,0.11,0.0647826,0,0,4,2,3,4
92400,296.5,296.5,135,0,0.0399963,0.0499573,0.166673,0.166694,296.3,296.537,0.0462677,34.8421,31.6678,-0.00525716,1890,-741,7,-4,-4,309203,-25,0.05,0.0641667,0,0,4,2,2,4
92500,296.5,296.55,628,0.0499878,0.0299927,-0.150055,0.142851,0.178602,296.3,296.528,0.0464403,27.5405,29.1676,1.63E-05,1903,-725,-18,13,63,309151,-52,0.11,0.066,0,0,3,2,2,4
92600,296.55,296.6,367,0.0500183,0.0299988,-0.0500183,0.142851,0.178602,296.3,296.528,0.0479715,41.4002,32.5017,0.00479329,1835,-687,-20,18,25,309558,407,0.06,0.0657692,0,0,3,2,2,4
92700,296.6,297,4576,0.399994,0.1,0.449982,0.435903,0.128226,296.3,296.549,0.105037,79.7698,40.8349,0.0249837,2796,-1272,135,-68,312,309120,-438,0.06,0.0655556,1,0,4,3,2,4
92800,297,297.05,1010,0.0499878,0.109998,0.349976,0.410267,0.128226,296.3,296.574,0.149446,81.2146,50.2789,0.0371867,2425,-1273,85,-71,-12,309148,28,-0.1,0.0596429,2,0,5,2,3,4
92900,297.05,297.05,452,0,0.109998,0.549957,0.457152,0.114297,296.3,296.609,0.181018,88.0309,59.7229,0.0396729,2519,-1434,93,-91,26,309061,-87,-0.17,0.0517241,2,0,6,2,4,3
93000,297.05,296.95,1657,-0.0999756,0.119995,0.549988,0.421061,0.210547,296.3,296.638,0.191394,79.886,64.4458,0.0285563,2845,-1727,150,-140,59,309172,111,0.08,0.0526667,2,0,6,2,4,3
93100,297,296.9,419,-0.100006,0.129993,0.399994,0.410267,0.179498,296.4,296.666,0.199379,76.0195,65.5563,0.0153524,2806,-1801,130,-151,-64,309296,124,0.03,0.0519355,2,0,7,2,4,2
93200,296.9,296.9,502,0,0.0499939,0.350006,0.400006,0.175008,296.45,296.689,0.204896,76.0195,63.3339,0.00546061,2823,-1796,131,-153,-25,309278,-18,-0.18,0.0446875,2,0,6,2,5,2
93300,296.85,296.95,395,0.100006,0.0599976,0.450012,0.400006,0.149998,296.45,296.709,0.210093,77.0659,60.6545,0.000939943,2781,-1826,135,-162,-194,309370,92,-0.09,0.0406061,2,0,6,2,5,1
93400,296.95,297,1307,0.0499878,0.0699951,0.5,0.441859,0.139532,296.45,296.735,0.218279,79.9602,59.1514,0.0026123,2910,-1912,16,-91,-180,309327,-43,-0.08,0.0370588,2,0,6,3,5,1
93500,297,297.15,521,0.149994,0.0799988,0.600006,0.404755,0.142853,296.45,296.756,0.231368,79.7533,63.1788,0.00813802,2927,-1946,71,-96,-167,309254,-73,-0.13,0.0322857,3,0,7,3,5,1
93600,297.2,296.95,1224,-0.25,0.109998,0.299988,0.409092,0.136359,296.45,296.774,0.238536,70.2964,62.068,0.00515137,2686,-1910,23,-68,-748,309450,196,0.06,0.0330556,3,0,6,4,5,2
93700,296.95,296.9,690,-0.0500183,0.120001,-0.150024,0.151516,0.242421,296.45,296.788,0.240261,44.7655,57.6231,-0.00305583,2372,-1723,-67,0,-503,309369,-81,0.04,0.0332432,3,0,5,3,6,3
93800,296.9,296.9,302,0,0.1,-0.200012,0.166663,0.266657,296.45,296.796,0.241752,35.7842,52.5242,-0.00893962,2418,-1734,-55,9,-401,309378,9,-0.03,0.0315789,3,0,5,3,6,3
93900,296.9,296.9,323,0,0.0900024,-0.200012,0.161288,0.290307,296.45,296.809,0.242594,35.7842,46.2492,-0.0126953,2452,-1736,-53,8,-402,309364,-14,-0.06,0.0292308,3,0,4,3,5,4
94000,296.9,296.9,244,0,0.0600037,-0.100037,0.18518,0.111104,296.45,296.828,0.242346,48.7954,32.8555,-0.0128133,2332,-1665,-64,23,-338,309327,-37,0.05,0.02975,3,0,4,3,4,3
94100,296.85,296.95,340,0.100006,0.0300049,0.0999756,0.1923,0.115376,296.45,296.851,0.241225,57.2486,28.5696,-0.0102214,2426,-1690,-69,31,-291,309253,-74,-0.03,0.0282927,3,0,3,3,3,3
94200,296.95,296.9,140,-0.0500183,0.0300049,0.0499573,0.230751,0.115376,296.5,296.872,0.240841,55.513,24.7598,-0.0082723,2439,-1693,-69,36,-209,309236,-17,0.14,0.0309524,3,0,4,4,2,3
94300,296.9,296.95,682,0.0500183,0.0400085,-3.05E-05,0.214269,0.178564,296.5,296.895,0.240158,58.1159,25.5943,-0.00682373,2382,-1698,-43,30,-314,309356,120,0.15,0.0337209,3,0,4,4,2,4
94400,296.9,297,109,0.100006,0.0600098,0.0499878,0.115376,0.1923,296.5,296.919,0.240086,44.5756,28.9281,-0.00362142,2581,-1694,29,4,-94,309417,61,-0.08,0.0311364,3,0,4,3,2,4
94500,297,297.1,864,0.100006,0.080011,0,0.241376,0.172409,296.55,296.947,0.242466,49.2724,39.4055,0.00371094,2679,-1747,37,-1,156,309452,35,-0.05,0.0293333,3,0,4,3,2,4
94600,297.05,297.15,566,0.100006,0.080011,0.350006,0.214269,0.178564,296.6,296.974,0.244252,75.53,49.2463,0.00822347,2785,-1833,47,-13,303,309419,-33,-0.01,0.0284783,3,0,5,2,3,3
94700,297.15,297.15,648,0,0.0700073,0.400024,0.259228,0.111101,296.85,296.984,0.230042,94.8183,61.9454,0.0114136,2964,-1900,90,-33,380,309408,-11,-0.14,0.0248936,3,0,6,3,2,2
94800,297.15,297.2,633,0.0500183,0.0700073,0.450043,0.241355,0.137914,296.85,296.991,0.208489,95.8025,72.223,0.0112752,2987,-1890,80,-28,381,309499,91,-0.11,0.0220833,4,0,5,3,1,3
94900,297.2,297.05,216,-0.150024,0.080011,0.300018,0.233308,0.133336,296.85,296.992,0.183296,89.9725,73.3338,0.00389404,2895,-1919,65,-32,309,309472,-27,0.1,0.0236735,4,0,5,3,2,3
95000,297.1,297.15,235,0.0499878,0.0700073,0.350006,0.233308,0.133336,296.85,297.002,0.174294,90.5952,75.5554,0.000256345,2875,-1932,70,-33,207,309515,43,0.06,0.0244,4,0,5,3,3,3
95100,297.2,297.2,198,0,0.0500061,0.25,0.299976,0.133336,296.85,297.016,0.170095,90.2293,77.7784,0.00100911,2944,-1935,51,-34,263,309412,-103,0.11,0.0260784,4,0,6,4,3,3
95200,297.15,297.15,391,0,0.0500061,0.300018,0.266652,0.133336,296.85,297.03,0.166966,84.4088,77.7784,0.00012207,3029,-1938,50,-27,407,309455,43,-0.03,0.025,4,0,5,3,3,3
95300,297.2,297.2,443,0,0.0400024,0.25,0.285699,0.0714301,296.85,297.044,0.164127,83.3919,77.1436,0.000748701,3071,-1951,40,-16,233,309510,55,0.04,0.025283,4,0,5,3,3,2
95400,297.2,297.2,144,0,0.00999756,0.149994,0.296277,0.0740749,296.85,297.053,0.155805,82.8817,82.7001,-0.000679523,3203,-1948,34,-6,323,309607,97,0.16,0.0277778,4,0,4,3,4,2
95500,297.2,297.4,2244,0.199982,0.0399963,0.249969,0.307669,0.0769231,296.85,297.066,0.149706,87.6815,84.9218,0.00565592,3389,-2043,57,-21,394,309342,-265,-0.08,0.0258182,5,0,4,3,4,2
95600,297.4,297.25,1988,-0.149994,0.0699951,-3.05E-05,0.366644,0.066668,296.85,297.081,0.150515,59.1192,74.4163,0.00659993,2806,-2108,-12,-27,-366,309125,-217,-0.1,0.0235714,5,0,3,4,3,2
95700,297.2,297.25,920,0.0499878,0.0799927,0.0499573,0.333327,0.0666694,296.85,297.098,0.151575,59.1192,66.1338,0.00201823,2691,-2068,-26,-19,-474,309088,-37,-0.2,0.0196491,5,0,2,3,4,2
95800,297.2,297.1,374,-0.100006,0.0999939,-0.100067,0.333327,0.100014,296.85,297.109,0.149241,51.2415,50.809,-0.00776774,2612,-2149,-47,-30,-513,309182,94,-0.2,0.0158621,5,0,2,3,5,2
95900,297.1,297.1,249,0,0.0999939,0.0499573,0.344825,0.103464,296.85,297.119,0.1479,53.1249,35.9605,-0.0152873,2614,-2156,-59,-31,-485,309166,-16,0.01,0.0157627,5,0,2,3,5,2
100000,297.1,297,335,-0.100006,0.0799988,-0.100037,0.344825,0.137938,296.85,297.125,0.148445,48.3047,18.1834,-0.021049,2571,-2161,-71,-30,-599,309134,-32,0.08,0.0168333,5,0,2,3,5,3
100100,297.05,297.1,281,0.0500183,0.0600037,-0.0500183,0.322577,0.129039,296.9,297.134,0.147761,49.0124,14.244,-0.0174439,2667,-2161,-76,-30,-585,309108,-26,0,0.0165574,5,0,2,3,5,3
100200,297.1,297,379,-0.100006,0.0700073,-0.150024,0.312499,0.187492,296.9,297.139,0.149644,49.1114,8.50918,-0.0174886,2620,-2147,-109,-14,-647,309158,50,-0.01,0.016129,5,0,2,3,6,4
100300,297.05,297.2,542,0.150024,0.080011,0,0.352942,0.176462,296.9,297.151,0.149565,49.9305,14.3828,-0.00900065,2772,-2125,-4,-2,-608,309098,-60,0.05,0.0166667,5,0,3,4,6,4
100400,297.2,297.2,662,0,0.080011,0,0.388881,0.166661,297,297.163,0.149681,49.9305,20.2564,-0.000980631,2581,-2125,-15,-8,-890,309077,-21,0.22,0.0198437,5,0,4,5,5,4
100500,297.2,297.4,1276,0.199982,0.100006,0,0.351353,0.162158,297.05,297.176,0.151806,40.5628,34.1021,0.0103068,2739,-2146,18,0,-105,309140,63,-0.01,0.0193846,5,0,4,5,5,4
100600,297.45,297.3,481,-0.150024,0.120007,-3.05E-05,0.312499,0.187492,297.05,297.187,0.152821,57.2351,43.4952,0.013741,2897,-2274,40,-16,0,309143,3,-0.19,0.0162121,5,0,5,4,6,4
100700,297.3,297.25,394,-0.0499878,0.110004,-0.100006,0.312493,0.21873,297.05,297.192,0.147582,51.6825,52.866,0.00939941,2752,-2279,25,-16,10,309167,24,-0.06,0.0150746,5,0,5,4,6,5
100800,297.3,297.35,460,0.0500183,0.0900024,0.0500183,0.32257,0.161266,297.05,297.199,0.14429,61.7003,59.7192,0.00761312,2516,-2284,-21,-17,-226,309356,189,-0.06,0.0139706,5,0,6,4,5,4
100900,297.35,297.3,177,-0.0500183,0.100006,0,0.33332,0.133295,297.05,297.211,0.144212,59.1747,64.7535,0.00353597,2474,-2254,-20,-15,-190,309327,-29,0,0.0137681,5,0,6,4,4,3
101000,297.3,297.25,242,-0.0499878,0.0700073,0.0500183,0.344817,0.137893,297.05,297.217,0.142334,60.4714,61.8167,-0.00109863,2483,-2250,-41,-17,-273,309328,1,0.15,0.0157143,5,0,6,4,4,3
101100,297.25,297.25,429,0,0.0400024,0,0.29629,0.185139,297.05,297.22,0.13644,57.6616,59.9989,-0.00420736,2550,-2283,-4,-22,-206,309295,-33,-0.07,0.014507,5,0,5,3,4,4
101200,297.25,297.3,326,0.0499878,0.0400024,0.149994,0.307691,0.115358,297.05,297.225,0.132389,66.803,60.2008,-0.00502116,2507,-2271,-33,-17,-411,309281,-14,-0.07,0.0133333,5,0,5,3,3,3
101300,297.3,297.3,149,0,0.0299988,-3.05E-05,0.291676,0.124971,297.05,297.23,0.128653,61.4449,54.2262,-0.00364991,2539,-2277,-51,0,-194,309262,-19,0.09,0.0143836,5,0,5,3,3,3
101400,297.3,297.4,1675,0.100006,0.0399963,0.0999756,0.413815,0.103422,297.05,297.243,0.134917,74.2852,49.4988,0.00449219,2826,-2339,10,-8,-106,309378,116,-0.03,0.0137838,5,0,5,3,3,3
101500,297.45,297.35,534,-0.100006,0.05,-0.200012,0.296306,0.148108,297.05,297.242,0.121395,57.3871,44.5897,0.00365397,2933,-2409,59,-17,-99,309401,23,-0.01,0.0134667,5,0,4,2,4,4
101600,297.35,297.35,591,0,0.05,-0.0499878,0.307707,0.153806,297.05,297.242,0.106771,64.6351,39.6805,0.000659183,2893,-2420,59,-23,0,309371,-30,0.09,0.0144737,5,0,3,2,4,4
101700,297.35,297.45,574,0.100006,0.0600037,0.100006,0.37932,0.103422,297.05,297.251,0.10659,76.1088,38.5697,0.00189209,2934,-2455,64,-29,247,309318,-53,-0.01,0.0141558,6,0,3,3,3,3
101800,297.45,297.25,321,-0.200012,0.100006,-0.150024,0.354846,0.0967494,297.05,297.259,0.107216,66.9083,31.9983,-0.0037028,2998,-2476,64,-27,302,309350,32,0.15,0.0158974,6,0,2,3,4,3
101900,297.2,297.25,365,0.0499878,0.0900024,-0.0500183,0.354853,0.129002,297.05,297.266,0.107387,70.1326,25.9985,-0.00894368,2871,-2475,52,-29,163,309483,133,0.11,0.0170886,6,0,2,3,5,4
102000,297.25,297.3,372,0.0499878,0.0799988,0.0499573,0.37501,0.0937285,297.05,297.279,0.105448,77.5159,23.9978,-0.00963542,2857,-2476,45,-28,114,309480,-3,0,0,6,0,2,4,4,3
102100,297.25,297.25,268,0,0.0799988,0.0499573,0.406264,0.0624845,297.05,297.287,0.105377,72.4134,19.9976,-0.00940348,2907,-2473,11,-19,198,0,0,0,0,6,0,3,5,4,2
102200,297.25,297.15,366,-0.100006,0.0799988,-0.100037,0.393948,0.151494,297.05,297.294,0.105711,63.782,11.6638,-0.0126628,2867,-2470,-9,-8,135,0,0,0,0,6,0,3,5,5,3
102300,297.15,297.15,197,0,0.0399963,-0.100037,0.363635,0.151494,297.15,297.294,0.110491,63.782,11.3305,-0.013855,2836,-2461,-8,-5,-112,0,0,0,0,6,0,2,4,6,3
102400,297.15,297.3,271,0.149994,0.0599976,-0.0500488,0.241366,0.172395,297.15,297.296,0.110706,44.9772,19.3303,-0.00887451,2773,-2454,-23,0,-205,0,0,0,0,6,0,1,4,6,3
102500,297.3,297.05,373,-0.25,0.1,-0.200043,0.233322,0.16667,297.15,297.283,0.107495,47.8281,15.3312,-0.0110921,2887,-2453,-15,3,-39,0,0,0,0,6,0,1,4,5,3
102600,297.05,297.1,594,0.0500183,0.110004,-0.150024,0.225792,0.161292,297.05,297.271,0.106859,57.6966,15.5547,-0.0106649,2797,-2408,-10,9,-90,0,0,0,0,6,0,1,4,5,3
102700,297.15,297.25,121,0.100006,0.110004,-0.150024,0.172395,0.172416,297.05,297.269,0.105528,50.5562,23.8885,-0.00440267,2734,-2407,-17,9,-195,0,0,0,0,6,0,2,4,5,3
102800,297.25,297.3,332,0.0499878,0.120001,0.0999756,0.259246,0.185189,297.05,297.267,0.10146,62.6643,38.8879,0.00291748,2836,-2437,-10,5,3,0,0,0,0,6,0,3,5,4,3
102900,297.3,297.3,157,0,0.0900024,0.0499878,0.25924,0.148157,297.05,297.267,0.0992757,62.6643,45.5543,0.00828451,2846,-2434,-3,5,31,0,0,0,0,6,0,4,5,3,2
103000,297.3,297.3,223,0,0.0400024,0,0.222207,0.18518,297.05,297.269,0.0989128,56.6891,62.2199,0.00922445,2836,-2453,0,1,-51,0,0,0,0,6,0,4,4,3,3
103100,297.35,297.35,185,0,0.0299988,0,0.192277,0.1923,297.05,297.274,0.100148,67.0432,79.9969,0.0098999,2866,-2431,13,3,38,0,0,0,0,6,0,4,3,3,3
103200,297.35,297.35,1002,0,0.00999756,0.100006,0.296254,0.0740749,297.05,297.279,0.102419,80.1216,83.3307,0.00993652,3049,-2456,23,0,218,0,0,0,0,6,0,4,4,2,3
103300,297.4,297.55,864,0.149994,0.0299988,0.25,0.285677,0.0714301,297.05,297.288,0.108804,86.3937,88.8867,0.0141032,3146,-2461,49,-7,366,0,0,0,0,7,0,5,4,1,3
103400,297.5,297.45,343,-0.0499878,0.0399963,0.0500183,0.222202,0.0740749,297.05,297.288,0.103195,74.5397,89.9994,0.0132161,3147,-2484,59,-11,229,0,0,0,0,7,0,6,3,1,3
103500,297.45,297.6,1252,0.149994,0.0699951,0.450012,0.346127,0.0384507,297.05,297.299,0.116807,90.706,91.6675,0.0163737,3146,-2519,44,-11,238,0,0,0,0,8,0,7,4,1,2
103600,297.6,297.6,388,0,0.0699951,0.399994,0.374971,0.041655,297.05,297.313,0.130524,88.9255,89.668,0.0163818,3443,-2821,85,-55,295,0,0,0,0,8,0,8,4,1,2
103700,297.6,297.5,468,-0.100006,0.0899963,0.199982,0.347804,0.0869311,297.05,297.318,0.135044,76.451,88.8344,0.0107788,3401,-2800,80,-49,202,0,0,0,0,8,0,7,3,1,3
103800,297.5,297.5,333,0,0.0599976,0.149994,0.260853,0.1304,297.05,297.328,0.13982,73.9405,79.113,0.00486247,3458,-2792,84,-51,254,0,0,0,0,8,0,6,2,2,4
103900,297.5,297.4,277,-0.100006,0.0700012,0.0499878,0.23999,0.159985,297.05,297.338,0.14185,67.898,68.8344,-0.00307211,3436,-2783,55,-46,270,0,0,0,0,8,0,5,2,2,5
104000,297.45,297.35,886,-0.100006,0.0600037,-0.0500183,0.230757,0.192305,297.05,297.342,0.141927,53.8312,53.3588,-0.01073,3569,-2756,60,-42,378,0,0,0,0,8,0,5,2,3,5
104100,297.35,297.35,365,0,0.0600037,-0.0500183,0.230762,0.19231,297.05,297.347,0.141994,51.7438,38.2165,-0.0136312,3502,-2746,50,-37,163,0,0,0,0,8,0,5,2,4,5
104200,297.35,297.6,374,0.25,0.0900024,0.199982,0.230767,0.192314,297.05,297.365,0.142331,55.787,42.8599,-0.0061849,3552,-2764,58,-35,103,0,0,0,0,8,0,5,2,4,4
104300,297.55,297.45,651,-0.0999756,0.109998,-0.0499878,0.230767,0.192314,297.05,297.381,0.140521,38.2583,38.9324,-0.00314942,3426,-2746,-2,10,17,0,0,0,0,8,0,5,2,4,4
104400,297.45,297.4,268,-0.0500183,0.1,-0.0500183,0.239996,0.240021,297.05,297.39,0.140164,38.9454,37.1471,-0.00362142,3507,-2748,15,7,132,0,0,0,0,8,0,4,2,5,5
104500,297.4,297.5,248,0.100006,0.1,-0.100006,0.13043,0.260887,297.05,297.408,0.136766,19.6114,47.6223,-0.00229085,3355,-2745,-14,6,-12,0,0,0,0,8,0,3,1,5,5
104600,297.5,297.55,289,0.0499878,0.109998,-0.0500183,0.166658,0.250025,297.15,297.429,0.133779,26.3253,61.4298,-0.000272624,3371,-2760,-9,3,10,0,0,0,0,8,0,3,2,4,5
104700,297.5,297.45,337,-0.0499878,0.0699951,0,0.166662,0.208373,297.25,297.441,0.133399,27.3618,56.2881,-0.00163167,3275,-2754,-42,0,-145,0,0,0,0,8,0,3,2,5,4
104800,297.45,297.5,256,0.0499878,0.0599976,0.0499878,0.173907,0.17396,297.3,297.45,0.133401,32.548,63.7164,-0.00133057,3425,-2747,-11,0,25,0,0,0,0,8,0,3,2,4,3
104900,297.5,297.6,747,0.100006,0.0699951,0.25,0.260874,0.130464,297.3,297.462,0.134369,47.1968,78.0019,0.00166016,3475,-2734,-11,4,-72,0,0,0,0,8,0,3,3,4,2
105000,297.6,297.7,2124,0.100006,0.0699951,0.450012,0.440022,0.0400176,297.35,297.483,0.143989,76.2843,78.6688,0.00976969,3460,-2474,4,38,230,0,0,0,0,9,0,4,4,3,1
105100,297.7,297.65,228,-0.0500183,0.0700012,0.399994,0.423091,0.0384778,297.35,297.499,0.148775,73.1336,74.0027,0.0117065,3543,-2687,5,8,68,0,0,0,0,9,0,4,4,3,1
105200,297.65,297.8,672,0.149994,0.0900024,0.299988,0.360003,0.0400166,297.35,297.519,0.15576,74.5113,79.7778,0.014506,3643,-2794,41,-7,169,0,0,0,0,10,0,4,4,3,1
105300,297.75,297.85,765,0.100006,0.100006,0.499969,0.416684,0.0416836,297.35,297.536,0.163149,85.9688,83.7768,0.0160645,3618,-2823,35,-9,36,0,0,0,0,11,0,4,5,3,1
105400,297.8,297.75,351,-0.0499878,0.0900024,0.5,0.416684,0,297.35,297.552,0.167293,84.778,79.3322,0.0115763,3589,-2689,44,9,290,0,0,0,0,11,0,4,5,2,0
105500,297.75,297.95,1738,0.200012,0.110004,0.600006,0.481497,0,297.35,297.569,0.172917,87.8017,83.5142,0.01368,3673,-2682,35,9,380,0,0,0,0,12,0,4,6,2,0
105600,298,297.9,746,-0.100006,0.120001,0.450012,0.428587,0,297.35,297.585,0.17814,79.1304,87.878,0.0122721,4064,-2602,84,18,941,0,0,0,0,12,0,4,5,2,0
105700,297.95,297.95,494,0,0.0900024,0.5,0.428578,0,297.35,297.607,0.189452,83.681,88.2832,0.0115885,3925,-2449,66,3,798,0,0,0,0,12,0,5,5,1,0
105800,297.95,297.8,556,-0.150024,0.100006,0.299988,0.387096,0.0967888,297.35,297.624,0.193265,77.659,81.0098,0.00412191,3661,-2453,16,33,467,0,0,0,0,12,0,5,5,1,1
105900,297.8,297.85,432,0.0500183,0.100012,0.25,0.344817,0.103462,297.35,297.644,0.196243,76.7927,77.9546,-0.00291748,3610,-2460,-4,47,164,0,0,0,0,12,0,5,4,2,1
110000,297.9,297.9,494,0,0.0600098,0.149994,0.239984,0.120017,297.35,297.671,0.201854,70.9553,74.0579,-0.00491944,3658,-2458,5,52,344,0,0,0,0,12,0,5,4,2,1
110100,297.9,297.95,557,0.0500183,0.0500122,0.250031,0.319987,0.120017,297.35,297.7,0.209405,75.7091,74.8382,-0.00314127,3510,-2278,-11,58,383,0,0,0,0,12,0,5,5,1,1
110200,297.9,297.8,830,-0.100006,0.0700134,3.05E-05,0.279991,0.200015,297.4,297.715,0.208899,64.3426,60.6549,-0.00740153,3446,-2136,-32,78,515,0,0,0,0,12,0,5,4,2,2
110300,297.85,297.9,581,0.0499878,0.0500061,-0.0499878,0.259251,0.185199,297.4,297.735,0.209725,63.3755,59.9278,-0.0078125,3523,-2258,-77,49,365,0,0,0,0,12,0,4,4,2,3
110400,297.9,297.75,688,-0.149994,0.0700012,-0.149994,0.249995,0.178586,297.4,297.753,0.209763,60.3748,47.4276,-0.0124634,3531,-2290,-56,22,250,0,0,0,0,12,0,4,4,3,3
110500,297.75,297.8,584,0.0499878,0.0799988,-0.300018,0.166671,0.208351,297.45,297.769,0.209379,52.7026,37.1412,-0.0145549,3715,-2664,7,-30,-411,0,0,0,0,12,0,4,3,4,3
110600,297.8,297.85,524,0.0500183,0.0799988,-0.149994,0.217407,0.217407,297.45,297.784,0.208584,63.8707,27.998,-0.0122314,3952,-2949,48,-69,-473,0,0,0,0,12,0,3,4,4,3
110700,297.8,297.75,326,-0.0499878,0.0699951,-0.199982,0.208351,0.250006,297.45,297.798,0.20878,56.9304,27.3317,-0.0137858,3953,-2957,42,-71,-212,0,0,0,0,12,0,2,4,5,4
110800,297.75,297.7,328,-0.0499878,0.0699951,-0.0999451,0.227299,0.136357,297.5,297.81,0.20935,59.3612,15.3322,-0.0143921,3875,-2955,52,-96,-230,0,0,0,0,12,0,2,4,5,3
110900,297.7,297.75,199,0.0499878,0.0499939,-0.0999756,0.217425,0.130434,297.6,297.819,0.20901,57.5081,18.6648,-0.0127157,3837,-2954,55,-116,-317,0,0,0,0,12,0,2,4,4,3
111000,297.75,297.7,809,-0.0499878,0.0499939,-0.149963,0.166709,0.125,297.65,297.82,0.203308,45.0664,14.6658,-0.0119548,3699,-2927,25,-95,-460,0,0,0,0,12,0,1,3,4,3
111100,297.7,297.65,639,-0.0500183,0.0499939,-0.25,0.0833672,0.166684,297.65,297.82,0.201435,34.2814,6.66531,-0.0123454,3713,-2949,26,-94,-546,0,0,0,0,12,0,0,2,5,4
111200,297.65,297.7,143,0.0500183,0.05,-0.0999756,0.0869934,0.130437,297.65,297.816,0.197514,42.1334,9.04719,-0.0115641,3653,-2959,-8,-42,-571,0,0,0,0,12,0,0,2,5,4
111300,297.65,297.75,262,0.100006,0.0600037,-0.0499573,0.0952506,0.142861,297.65,297.811,0.188422,38.0299,19.0472,-0.00791016,3694,-2953,-36,0,-500,0,0,0,0,12,0,1,2,5,3
111400,297.75,297.75,196,0,0.0500061,0.100037,0.105278,0.157901,297.65,297.809,0.181957,44.8913,27.714,-0.00419922,3726,-2980,-32,-3,-305,0,0,0,0,12,0,2,2,4,3
111500,297.75,297.7,520,-0.0499878,0.0500061,6.10E-05,0.100012,0.200024,297.65,297.798,0.167644,30.0833,35.7145,-0.00325114,3702,-2957,-24,0,-258,0,0,0,0,12,0,2,2,3,4
111600,297.7,297.65,190,-0.0500183,0.0500061,-0.0999756,0.0526214,0.21055,297.65,297.786,0.152682,17.6816,40.7138,-0.00451253,3624,-2915,-30,5,-287,0,0,0,0,12,0,2,1,4,4
111700,297.65,297.65,324,0,0.0400024,-0.0499878,0.0555443,0.222245,297.65,297.77,0.132508,19.5473,39.9985,-0.00581462,3577,-2908,-17,2,-251,0,0,0,0,12,0,2,1,3,4
111800,297.65,297.55,384,-0.100006,0.0400024,-0.100006,0.0526181,0.263187,297.65,297.757,0.125907,19.2004,29.9985,-0.00868734,3607,-2928,-15,3,-204,0,0,0,0,12,0,2,1,3,5
111900,297.5,297.55,523,0.0499878,0.05,-0.100006,0.0526164,0.315795,297.5,297.743,0.126175,13.7432,21.3316,-0.0106771,3629,-3013,-3,-7,-156,0,0,0,0,12,0,2,1,4,6
112000,297.55,297.7,320,0.150024,0.0700073,0.100006,0.105229,0.315784,297.5,297.731,0.118875,29.4957,29.3321,-0.00557861,3668,-3012,-3,-8,-108,0,0,0,0,12,0,3,2,4,6
112100,297.65,297.65,179,0,0.0600037,0.150024,0.111073,0.277751,297.5,297.716,0.105933,36.2872,36.3324,-0.00156657,3715,-3007,-1,-3,14,0,0,0,0,12,0,4,2,3,5
112200,297.65,297.65,219,0,0.0600037,0.100006,0.176443,0.235281,297.5,297.708,0.102983,31.3756,43.3327,0.00200602,3701,-2977,0,-2,-17,0,0,0,0,12,0,4,3,2,4
112300,297.65,297.65,142,0,0.0400024,0,0.124995,0.312469,297.5,297.696,0.0996628,20.0866,55.3322,0.00257568,3672,-2975,6,-8,-49,0,0,0,0,12,0,3,2,3,5
112400,297.65,297.7,170,0.0500183,0.0400085,0.0500183,0.176479,0.294084,297.5,297.69,0.0992467,27.7927,68.0005,0.00367025,3680,-2978,14,-10,-43,0,0,0,0,12,0,2,3,3,5
112500,297.7,297.75,551,0.0499878,0.0200012,0.149994,0.222215,0.222181,297.5,297.686,0.0992404,58.0305,71.9995,0.00585124,3652,-2982,6,-7,-39,0,0,0,0,12,0,2,4,3,4
112600,297.75,297.75,482,0,0.0200012,0.200012,0.222222,0.222188,297.5,297.682,0.0996342,64.9047,80,0.00781657,3418,-3036,-30,-3,-287,0,0,0,0,12,0,3,4,2,4
112700,297.75,297.7,83,-0.0499878,0.0299988,0.150024,0.235298,0.176456,297.5,297.68,0.0993904,61.7108,84.0015,0.0071167,3472,-3032,-28,-2,-239,0,0,0,0,12,0,3,4,2,3
112800,297.7,297.7,244,0,0.0299988,0.250031,0.25001,0.187488,297.5,297.679,0.0980161,79.8927,88.0029,0.0050415,3464,-3036,-35,-4,-188,0,0,0,0,12,0,3,4,2,3
112900,297.7,297.6,337,-0.100006,0.0399963,0.100037,0.25001,0.187488,297.5,297.672,0.0971752,63.4775,77.0035,-0.000341797,3458,-3034,-34,-8,-232,0,0,0,0,12,0,3,4,2,3
113000,297.6,297.6,242,0,0.0299988,-0.0499878,0.200033,0.199992,297.5,297.667,0.0958824,54.6247,57.0035,-0.00389404,3486,-3011,-26,-5,-233,0,0,0,0,12,0,2,3,3,3
113100,297.55,297.55,530,0,0.0299988,-0.0499878,0.187533,0.250019,297.5,297.662,0.0925646,43.1544,37.0035,-0.00673421,3357,-3000,-46,-3,-367,0,0,0,0,12,0,1,3,3,4
113200,297.55,297.65,149,0.100006,0.0400024,0.0500183,0.117658,0.235315,297.5,297.659,0.0868878,47.8078,31.0025,-0.00482992,3278,-2994,-53,-1,-413,0,0,0,0,12,0,1,2,3,4
113300,297.65,297.7,369,0.0500183,0.0500061,0.100037,0.176498,0.176498,297.5,297.658,0.0845087,56.6068,30.0031,0.0004069,3285,-3003,-19,4,-420,0,0,0,0,12,0,2,3,2,3
113400,297.7,297.7,224,0,0.0300049,0.0500183,0.176462,0.176498,297.5,297.656,0.0834003,52.9529,40.0031,0.00413005,3288,-3027,-26,0,-409,0,0,0,0,12,0,2,3,2,3
113500,297.7,297.7,87,0,0.0300049,3.05E-05,0.133341,0.200033,297.5,297.656,0.081587,35.2901,55.0046,0.00638021,3263,-3026,-28,1,-145,0,0,0,0,12,0,3,2,2,3
113600,297.7,297.7,122,0,0.0300049,3.05E-05,0.133341,0.200033,297.5,297.659,0.0782043,35.2901,70.0061,0.00636393,3265,-3019,-27,2,-194,0,0,0,0,12,0,2,2,2,3
113700,297.7,297.7,337,0,0.0100037,0.0500183,0.133341,0.200033,297.5,297.662,0.0744677,37.4055,75.0076,0.00523275,3290,-3021,-28,-1,-159,0,0,0,0,12,0,2,2,2,3
113800,297.7,297.7,259,0,0,0.0500183,0.14287,0.14287,297.5,297.668,0.0665776,37.4055,75.0076,0.00401204,3271,-3019,-12,-2,-172,0,0,0,0,12,0,2,2,2,2
113900,297.7,297.75,91,0.0499878,0.00999756,0.200012,0.153864,0.0769556,297.55,297.677,0.0522975,53.4756,80.0061,0.00404867,3267,-3016,-1,-3,-224,0,0,0,0,12,0,2,2,1,1
114000,297.75,297.95,888,0.200012,0.05,0.400024,0.375029,0.0625238,297.55,297.69,0.0642649,73.8669,85.0046,0.0112183,3407,-3014,17,-1,36,0,0,0,0,12,0,3,3,0,1
114100,297.95,298,1105,0.0499878,0.0599976,0.450012,0.470595,0,297.55,297.707,0.0879534,100,88.0035,0.018217,3420,-3150,18,-17,-14,0,0,0,0,13,0,4,4,0,0
114200,298,298,673,0,0.0599976,0.350006,0.500034,0,297.55,297.724,0.109197,100,88.5574,0.0210612,3390,-3218,18,-27,-110,0,0,0,0,13,0,5,5,0,0
114300,298.05,297.9,422,-0.149994,0.0899963,0.149994,0.400018,0.0500214,297.55,297.739,0.118105,83.1595,84.6667,0.0158813,3454,-3254,27,-33,-61,0,0,0,0,13,0,4,4,1,1
114400,297.95,298,246,0.0499878,0.0899963,0.199982,0.350027,0.0500214,297.55,297.755,0.128568,84.6651,79.6663,0.0117554,3418,-3253,18,-33,-72,0,0,0,0,13,0,5,3,2,1
114500,298,297.95,298,-0.0499878,0.0599915,0.149994,0.333353,0.0952768,297.55,297.767,0.134895,76.3926,72.1665,0.00575358,3364,-3243,13,-32,-125,0,0,0,0,13,0,4,3,2,2
114600,297.95,297.9,169,-0.0500183,0.0599976,0.0999756,0.318194,0.136389,297.55,297.775,0.13728,72.3824,64.1653,-0.000655115,3318,-3227,7,-30,-178,0,0,0,0,13,0,4,3,3,3
114700,297.9,297.85,256,-0.0499878,0.0699951,0.0499878,0.304355,0.173951,297.55,297.782,0.137879,67.0515,56.1097,-0.00641683,3294,-3230,-16,-30,-188,0,0,0,0,13,0,4,3,4,4
114800,297.85,297.9,81,0.0499878,0.0499939,0.0999756,0.304355,0.173951,297.55,297.791,0.139326,67.8019,54.9981,-0.00781657,3275,-3229,-20,-11,-205,0,0,0,0,13,0,5,3,4,4
114900,297.9,297.9,71,0,0.0399963,0.0499878,0.34784,0.173946,297.55,297.806,0.14125,66.9568,48.5694,-0.00639649,3301,-3228,-12,-1,-320,0,0,0,0,13,0,6,4,4,4
115000,297.9,297.9,241,0,0.0299988,-0.150024,0.210536,0.210569,297.55,297.82,0.141934,55.5732,42.7359,-0.00537516,3305,-3211,-21,6,-176,0,0,0,0,13,0,5,3,5,4
115100,297.85,297.8,328,-0.0500183,0.0299988,-0.250031,0.111149,0.333379,297.55,297.832,0.140843,18.1695,32.7366,-0.00802002,3187,-3185,-33,9,-170,0,0,0,0,13,0,4,2,5,5
115200,297.8,297.9,174,0.100006,0.0400024,-0.150024,0.0588425,0.352983,297.65,297.845,0.140603,25.3816,33.2373,-0.00721843,3196,-3184,-24,8,-188,0,0,0,0,13,0,3,1,5,5
115300,297.9,297.9,201,0,0.0300049,-3.05E-05,0.0666884,0.33336,297.7,297.855,0.140628,32.2843,33.2381,-0.00578614,3170,-3181,-21,6,-176,0,0,0,0,13,0,4,1,4,4
115400,297.9,297.85,61,-0.0499878,0.0400024,-0.100006,0.0714535,0.35718,297.7,297.863,0.140279,18.6536,29.6687,-0.0055013,3152,-3159,-20,10,-128,0,0,0,0,13,0,3,1,3,4
115500,297.85,297.8,152,-0.0500183,0.0500061,-0.100037,0.0769484,0.384648,297.7,297.868,0.140099,20.8858,23.002,-0.00705566,3144,-3156,-18,10,-103,0,0,0,0,13,0,3,1,4,4
115600,297.8,297.8,32,0,0.0400024,-0.0500183,0.083363,0.416713,297.7,297.872,0.140897,24.2416,28.0005,-0.00909424,3053,-3119,-35,15,-130,0,0,0,0,13,0,3,1,4,4
115700,297.8,297.85,338,0.0500183,0.0300049,0.0499878,0.166726,0.33335,297.7,297.877,0.14102,52.2934,30,-0.00772298,3055,-3099,-35,16,-90,0,0,0,0,13,0,3,2,3,3
115800,297.85,297.9,222,0.0499878,0.0400024,0.0499878,0.250038,0.33335,297.7,297.886,0.140603,57.57,34.9985,-0.0029541,3058,-3098,-18,12,-113,0,0,0,0,13,0,3,3,3,3
115900,297.9,297.95,345,0.0500183,0.0400085,0.100006,0.307714,0.307714,297.75,297.897,0.14055,66.6086,45.9979,0.00323079,3146,-3122,-7,8,-70,0,0,0,0,13,0,3,3,3,3
120000,297.95,297.95,125,0,0.0300049,0.100006,0.285727,0.285727,297.8,297.899,0.13396,66.6086,61.9989,0.00558268,3083,-3111,-12,10,-30,0,0,0,0,13,0,3,3,3,3
120100,297.95,297.9,397,-0.0500183,0.0400085,0.100006,0.3077,0.15385,297.8,297.895,0.118943,63.8835,68.9999,0.0043457,3128,-3078,-3,11,38,0,0,0,0,13,0,3,3,3,2
120200,297.9,297.9,77,0,0.0300049,0,0.363646,0.181823,297.8,297.889,0.0994039,59.7357,70.9995,0.00175374,3036,-3045,-15,15,2,0,0,0,0,13,0,3,3,4,2
120300,297.9,297.85,120,-0.0499878,0.0300049,-0.0499878,0.363646,0.272707,297.8,297.886,0.0876368,55.3517,64.0015,-0.00205485,3022,-3038,-4,11,-9,0,0,0,0,13,0,2,3,4,3
120400,297.85,297.8,90,-0.0500183,0.0300049,-0.0500183,0.363626,0.363626,297.8,297.877,0.0724796,54.3876,51.9995,-0.00615641,2963,-3036,-13,9,-61,0,0,0,0,13,0,2,3,5,4
120500,297.8,298,325,0.200012,0.0700073,0.200012,0.499978,0.214264,297.8,297.877,0.0611238,66.9574,55.9985,-0.00126546,2934,-2973,-17,17,27,0,0,0,0,13,0,2,4,4,3
120600,298,298.2,1410,0.200012,0.100006,0.400024,0.624962,0.125,297.8,297.889,0.0745086,81.3121,66.5,0.0105835,3285,-2792,19,47,537,0,0,0,0,14,0,3,5,3,2
120700,298.2,298.15,623,-0.0500183,0.11001,0.299988,0.555522,0.111111,297.8,297.903,0.087249,65.1784,71.9997,0.015861,3174,-2789,13,46,425,0,0,0,0,14,0,3,5,3,2
120800,298.15,298.15,173,0,0.100012,0.25,0.499983,0.111111,297.8,297.915,0.0978388,62.8442,81.4985,0.017041,3259,-2827,18,35,408,0,0,0,0,14,0,3,4,4,2
120900,298.15,298.15,265,0,0.0900085,0.199982,0.411754,0.117649,297.8,297.926,0.105359,58.5223,94.9987,0.0138428,3298,-2853,37,27,473,0,0,0,0,14,0,2,3,4,2
121000,298.15,298.1,137,-0.0499878,0.0600037,0.149994,0.388885,0.166689,297.8,297.936,0.110097,55.9372,89.9987,0.00738525,3283,-2852,37,26,381,0,0,0,0,14,0,2,3,3,3
121100,298.1,298.15,1222,0.0499878,0.0299988,0.25,0.450012,0.150024,297.8,297.953,0.120005,75.3031,83.0531,0.00577392,3264,-2733,43,43,540,0,0,0,0,14,0,3,4,3,3
121200,298.15,298.2,107,0.0500183,0.0299988,0.300018,0.428576,0.142878,297.8,297.969,0.12915,75.9583,83.3323,0.00520427,3078,-2758,20,30,336,0,0,0,0,14,0,4,4,3,3
121300,298.2,298.25,105,0.0499878,0.0399963,0.399994,0.476182,0.0952713,297.8,297.986,0.140327,78.8528,85.833,0.00641683,3123,-2774,-23,2,422,0,0,0,0,15,0,5,5,3,2
121400,298.25,298.25,448,0,0.0399963,0.450012,0.476196,0.047637,297.8,298.005,0.149322,80.6572,88.3338,0.00606283,2926,-2775,-35,2,190,0,0,0,0,15,0,5,5,2,1
121500,298.25,298.1,331,-0.149994,0.0599976,0.100006,0.333343,0.190519,297.8,298.021,0.150995,72.2762,81.3343,-0.00110677,2868,-2772,-55,7,-397,0,0,0,0,15,0,5,4,2,2
121600,298.1,298.1,302,0,0.05,-0.100006,0.200012,0.200043,297.8,298.036,0.150369,56.7965,73.7794,-0.00712077,2818,-2764,-68,12,-331,0,0,0,0,15,0,4,3,3,2
121700,298.05,298.05,9,0,0.0399963,-0.0499878,0.176462,0.235343,297.8,298.048,0.149811,75.0424,56.001,-0.0121623,2670,-2761,-87,13,-523,0,0,0,0,15,0,4,2,4,2
121800,298.1,298.05,12,-0.0500183,0.0400024,-0.100006,0.176456,0.235334,297.8,298.057,0.149825,75.0424,36.001,-0.0136597,2670,-2762,-84,-4,-537,0,0,0,0,15,0,3,2,3,2
121900,298.05,298.15,184,0.100006,0.0600037,0,0.222188,0.222256,297.8,298.066,0.149789,77.2341,26.001,-0.00962728,2718,-2776,-51,-2,-489,0,0,0,0,15,0,3,3,3,2
122000,298.1,298.15,116,0.0499878,0.0400024,0.0999756,0.235262,0.176492,297.8,298.076,0.150145,82.637,28.0005,-0.00591634,2719,-2776,-57,0,-588,0,0,0,0,15,0,4,3,3,1
122100,298.15,298.1,299,-0.0499878,0.05,0,0.187481,0.187519,297.8,298.086,0.150436,38.2635,25.0015,-0.00405273,2749,-2777,-25,0,-348,0,0,0,0,15,0,3,3,3,1
122200,298.1,298.15,156,0.0499878,0.0599976,-3.05E-05,0.176456,0.235334,297.8,298.098,0.150478,41.0526,35.0015,-0.00331218,2757,-2774,-15,0,-366,0,0,0,0,15,0,2,3,3,2
122300,298.15,298.15,109,0,0.0499939,-0.0500183,0.117649,0.235334,297.8,298.111,0.150498,34.7281,45.0015,-0.00287272,2747,-2754,-10,1,-158,0,0,0,0,15,0,2,2,3,2
122400,298.15,298.15,42,0,0.0299927,-0.0500183,0.117649,0.235334,297.8,298.128,0.149901,34.7281,45.0015,-0.00263672,2752,-2758,11,0,-102,0,0,0,0,15,0,2,2,3,2
122500,298.15,298.2,167,0.0500183,0.0299988,0.149994,0.200024,0.0666884,298,298.139,0.149499,62.2087,55.0015,-0.000695802,2765,-2765,13,0,-54,0,0,0,0,15,0,2,3,3,1
122600,298.2,298.25,580,0.0499878,0.0299988,0.199982,0.312493,0.0625215,298.05,298.144,0.141963,77.9243,66.001,0.00306803,2966,-2830,35,-7,227,0,0,0,0,15,0,3,4,2,1
122700,298.25,298.15,634,-0.100006,0.0400024,0.0999756,0.294126,0.0588468,298.05,298.148,0.134535,53.8116,64.0015,0.00279948,3076,-2814,51,-5,354,0,0,0,0,15,0,4,4,1,1
122800,298.15,298.2,239,0.0500183,0.0500061,0.200012,0.294126,0.117694,298.05,298.15,0.125584,58.6982,66.0034,0.00121256,3078,-2823,47,-6,313,0,0,0,0,15,0,4,4,2,2
122900,298.15,298.3,221,0.149994,0.0800049,0.25,0.333333,0.111156,298.05,298.156,0.118603,59.3654,76.0034,0.00290934,3186,-2824,61,-7,419,0,0,0,0,16,0,4,4,2,2
123000,298.3,298.3,233,0,0.0700012,0.200012,0.333333,0.111156,298.05,298.166,0.115839,59.3654,76.0034,0.00427246,3180,-2806,61,-7,402,0,0,0,0,16,0,4,4,2,2
123100,298.3,298.3,750,0,0.0600037,0.25,0.333333,0.111156,298.05,298.172,0.109326,68.2516,76.6681,0.00520427,2963,-2813,30,-7,167,0,0,0,0,16,0,4,4,2,2
123200,298.3,298.45,393,0.150024,0.0700073,0.350037,0.421054,0.0526519,298.05,298.184,0.109494,71.6235,88.6676,0.00987549,2980,-2808,30,-6,179,0,0,0,0,17,0,5,5,1,1
123300,298.45,298.4,430,-0.0500183,0.0700073,0.300018,0.399994,0.0500183,298.05,298.192,0.105369,60.0578,93.8075,0.00996094,3099,-2862,19,-4,243,0,0,0,0,17,0,5,5,1,1
123400,298.4,298.55,837,0.149994,0.0700073,0.450012,0.47824,0.0434933,298.05,298.206,0.11539,69.6129,91.8068,0.0140422,3025,-2836,-7,-3,189,0,0,0,0,18,0,6,6,1,1
123500,298.55,298.6,118,0.0500183,0.080011,0.450012,0.454503,0.0454697,298.05,298.229,0.137637,69.1832,91.8068,0.0169556,3288,-2910,30,-12,242,0,0,0,0,19,0,7,5,1,1
123600,298.6,298.6,42,0,0.080011,0.400024,0.399969,0.0500153,298.05,298.254,0.155474,62.9627,95.1411,0.0154785,3300,-2888,16,-9,150,0,0,0,0,19,0,6,4,1,1
123700,298.6,298.6,774,0,0.0500061,0.500031,0.380918,0.0476329,298.05,298.28,0.169573,80.7874,93.1416,0.0121338,3389,-2884,29,-11,250,0,0,0,0,19,0,5,5,1,2
123800,298.55,298.5,142,-0.0499878,0.05,0.400024,0.363609,0,298.05,298.303,0.177197,73.2849,90,0.0043986,3383,-2873,60,-8,148,0,0,0,0,19,0,5,5,1,1
123900,298.5,298.55,360,0.0499878,0.0299988,0.300018,0.3,0,298.1,298.324,0.182932,74.9164,87.0004,-0.000846356,3337,-2869,51,-8,94,0,0,0,0,19,0,5,4,2,1
124000,298.55,298.55,565,0,0.0199951,0.300018,0.333343,0,298.1,298.344,0.188182,74.9164,82,-0.00356039,3610,-2879,73,-2,581,0,0,0,0,19,0,4,5,2,1
124100,298.55,298.7,462,0.150024,0.05,0.450043,0.363626,0,298.1,298.371,0.197956,79.1447,82,9.77E-05,3217,-2830,27,0,215,0,0,0,0,20,0,5,5,2,1
124200,298.7,298.7,822,0,0.05,0.300018,0.28571,0,298.15,298.399,0.206778,75.657,83.9995,0.00251871,3122,-2747,-23,23,138,0,0,0,0,20,0,5,4,2,1
124300,298.7,298.6,227,-0.100006,0.0600037,0.250031,0.27272,0.0454672,298.15,298.422,0.211231,82.804,83.3326,-0.000329591,3040,-2660,-37,32,191,0,0,0,0,20,0,4,4,2,2
124400,298.55,298.7,812,0.150024,0.080011,0.250061,0.181813,0.0454672,298.15,298.449,0.216743,82.6047,84.3339,-0.000427246,2792,-2664,-85,31,-250,0,0,0,0,20,0,3,4,2,2
124500,298.7,298.6,319,-0.100006,0.100012,0.100037,0.166667,0.0416794,298.15,298.472,0.220259,70.3716,77.3348,-0.0036499,2930,-2727,-64,20,-209,0,0,0,0,20,0,3,4,2,2
124600,298.6,298.65,330,0.0499878,0.0800049,0.150024,0.166671,0.0416804,298.15,298.492,0.221597,74.0585,69.3343,-0.00569254,2890,-2712,-63,22,-327,0,0,0,0,20,0,3,4,3,2
124700,298.6,298.7,240,0.100006,0.100006,0.250031,0.217407,0.0434921,298.15,298.516,0.223601,76.2115,65.3353,-0.00493571,2888,-2713,-103,23,-335,0,0,0,0,20,0,3,4,3,1
124800,298.7,298.85,460,0.149994,0.110004,0.450012,0.304347,0.0434933,298.15,298.547,0.229648,82.9919,75.3366,0.000773117,3012,-2739,-29,13,-195,0,0,0,0,21,0,4,5,2,1
124900,298.8,299,1240,0.200012,0.120001,0.600037,0.423075,0.0384742,298.3,298.581,0.24186,86.6555,79.3357,0.0104492,3248,-2867,18,-17,-350,0,0,0,0,22,0,5,6,1,1
125000,299,298.95,674,-0.0499878,0.109998,0.550049,0.384601,0.0384742,298.3,298.614,0.251865,74.3887,89.1136,0.0138306,3413,-3019,53,-51,7,0,0,0,0,22,0,6,5,1,1
125100,298.95,299,813,0.0499878,0.109998,0.450012,0.346135,0.0384751,298.3,298.649,0.261189,76.1497,95.1145,0.0142293,3444,-3204,93,-77,-135,0,0,0,0,22,0,5,5,1,1
125200,299,298.95,314,-0.0499878,0.0999939,0.400024,0.359985,0.0400146,298.4,298.676,0.264761,71.7435,95.1145,0.00951742,3360,-3194,61,-66,-214,0,0,0,0,22,0,5,5,2,1
125300,298.95,298.9,566,-0.0500183,0.0799988,0.450012,0.39129,0.0434944,298.4,298.702,0.265028,67.5231,85.7801,0.00167236,3246,-3136,50,-60,-18,0,0,0,0,22,0,5,5,3,1
125400,298.9,298.9,255,0,0.0399963,0.299988,0.399994,0.0500183,298.5,298.721,0.259481,62.2058,79.1134,-0.00374755,3212,-3060,46,-49,-51,0,0,0,0,22,0,5,4,3,1
125500,298.9,299,275,0.100006,0.05,0.5,0.473659,0.0526502,298.5,298.741,0.252235,68.3587,79.1133,-0.00435384,3299,-3078,41,-48,43,0,0,0,0,22,0,4,5,3,1
125600,299,298.95,218,-0.0499878,0.05,0.400024,0.449968,0.0500168,298.5,298.759,0.244989,63.0805,76.6692,-0.00574952,3233,-3058,-2,-27,0,0,0,0,0,22,0,4,5,2,1
125700,298.95,298.85,553,-0.100006,0.0600037,0.200012,0.3809,0.142874,298.5,298.772,0.236355,54.5278,69.2399,-0.0105672,3022,-3022,-55,0,-273,0,0,0,0,22,0,4,4,3,2
125800,298.85,298.8,287,-0.0500183,0.0600037,0,0.285681,0.190473,298.5,298.786,0.230704,47.1292,58.5723,-0.0162638,3034,-3017,-58,26,-364,0,0,0,0,22,0,3,3,4,3
125900,298.8,298.85,327,0.0500183,0.0700073,-0.149994,0.111073,0.222215,298.55,298.801,0.226009,35.1405,51.9064,-0.0171794,2923,-3000,-62,27,-471,0,0,0,0,22,0,3,2,4,3
130000,298.85,298.85,230,0,0.0500061,-0.100006,0.117605,0.235281,298.55,298.816,0.221317,42.205,40.7955,-0.0159465,2936,-3003,-44,19,-307,0,0,0,0,22,0,2,2,4,3
130100,298.85,298.85,48,0,0.0400085,-0.149994,0.0666395,0.26664,298.55,298.824,0.212368,23.7006,33.2395,-0.0134888,2965,-3029,-35,4,-230,0,0,0,0,22,0,2,1,4,3
130200,298.85,298.85,80,0,0.0200073,-0.100006,0.133279,0.26664,298.55,298.834,0.203876,27.0447,32.6683,-0.00998128,2990,-3041,-44,5,-161,0,0,0,0,22,0,2,2,3,3
130300,298.85,298.85,106,0,0.0100037,-0.0499878,0.133285,0.199967,298.55,298.846,0.19925,36.2673,37.3362,-0.00793864,3008,-3026,-32,4,-170,0,0,0,0,22,0,2,2,2,2
130400,298.85,298.8,231,-0.0500183,0.0100037,-0.100006,0.124957,0.24999,298.6,298.854,0.19329,31.8375,34.6678,-0.00830485,2942,-3009,-11,1,-288,0,0,0,0,22,0,2,2,2,3
130500,298.85,298.95,224,0.100006,0.0300049,-0.100006,0.117641,0.235281,298.6,298.868,0.189481,29.9462,44.0015,-0.00367839,2944,-3012,-12,0,-243,0,0,0,0,22,0,3,2,2,3
130600,298.95,298.9,92,-0.0500183,0.0400085,-0.100037,0.117641,0.235281,298.6,298.881,0.186893,32.1486,50.9995,-0.00235189,3027,-3013,14,-1,14,0,0,0,0,22,0,3,2,2,3
130700,298.85,298.9,10,0.0499878,0.0500061,0.0499573,0.133331,0.133331,298.7,298.892,0.183851,47.4624,57.9974,-0.00233968,3030,-3012,13,-1,1,0,0,0,0,22,0,3,2,2,2
130800,298.9,298.9,9,0,0.0500061,0.0999756,0.142857,0.0714504,298.8,298.896,0.176106,63.0446,63.3289,-0.00257975,3024,-3011,8,2,90,0,0,0,0,22,0,3,2,1,1
130900,298.9,298.75,202,-0.149994,0.0700012,-0.100037,0.125005,0.187526,298.8,298.888,0.158757,29.9125,59.3299,-0.0080485,2957,-3004,-4,5,20,0,0,0,0,22,0,2,2,1,2
131000,298.75,298.75,37,0,0.05,-0.100037,0.12501,0.187533,298.75,298.879,0.142125,29.9125,43.3289,-0.0115153,2952,-3003,-8,3,13,0,0,0,0,22,0,2,2,2,2
131100,298.8,298.8,15,0,0.0399963,-0.100037,0.125014,0.187541,298.75,298.869,0.121834,31.2883,33.3289,-0.0105672,2953,-3006,1,0,-2,0,0,0,0,22,0,3,2,2,2
131200,298.8,298.85,363,0.0500183,0.0400024,-0.0500183,0.117694,0.176504,298.75,298.862,0.103589,53.4179,28.3305,-0.00751953,2946,-3005,0,1,-41,0,0,0,0,22,0,2,2,2,3
131300,298.85,298.85,133,0,0.0400024,-0.0500183,0.117689,0.176498,298.75,298.859,0.091955,53.4179,24.9985,-0.00385742,3024,-3032,0,-2,59,0,0,0,0,22,0,3,2,2,3
131400,298.85,298.9,120,0.0499878,0.0200012,0.0499878,0.176498,0.117653,298.75,298.857,0.0809406,71.0647,39.9969,8.14E-05,3036,-3047,0,-5,57,0,0,0,0,22,0,3,3,2,2
131500,298.9,298.95,208,0.0500183,0.0300049,0,0.187533,0.12501,298.75,298.854,0.0647308,70.6016,59.9969,0.00400798,3036,-2968,1,6,54,0,0,0,0,22,0,3,3,2,2
131600,298.95,298.9,173,-0.0500183,0.0400085,0,0.187533,0.12501,298.75,298.852,0.0497708,65.3105,69.9969,0.00427246,3007,-2887,7,16,102,0,0,0,0,22,0,3,3,2,2
131700,298.9,298.85,30,-0.0499878,0.0400024,-0.0999756,0.187533,0.12501,298.75,298.852,0.0452147,63.5469,69.9969,0.00177409,2971,-2898,2,15,60,0,0,0,0,22,0,3,3,2,2
131800,298.8,298.7,802,-0.0999756,0.0599976,-0.199951,0.166695,0.27778,298.75,298.849,0.0502184,36.911,59.9969,-0.00614827,2892,-2752,-8,36,187,0,0,0,0,22,0,3,3,3,3
131900,298.7,298.85,392,0.149994,0.0799988,0.100037,0.166695,0.166661,298.7,298.847,0.0508217,52.2158,56.998,-0.00686442,2894,-2786,-7,31,159,0,0,0,0,22,0,3,3,3,2
132000,298.85,298.8,460,-0.0500183,0.0799988,0.0500183,0.250023,0.149989,298.7,298.847,0.05067,42.8432,44.996,-0.00482178,3112,-2876,12,22,289,0,0,0,0,22,0,4,4,2,2
132100,298.75,298.8,93,0.0499878,0.0799927,0.100006,0.250023,0.199976,298.7,298.845,0.052475,42.5067,37.9956,-0.00481771,3074,-2869,5,25,264,0,0,0,0,22,0,3,4,3,3
132200,298.75,298.8,300,0.0499878,0.0799927,0.0999756,0.200012,0.249969,298.7,298.841,0.0545263,32.9551,35.9937,-0.00443522,3055,-2850,2,16,213,0,0,0,0,22,0,3,3,3,3
132300,298.8,298.75,125,-0.0499878,0.0699951,0.0499878,0.200018,0.249977,298.7,298.836,0.0564811,31.1721,39.9927,-0.00509847,3136,-2846,18,5,301,0,0,0,0,22,0,3,3,3,3
132400,298.75,298.7,260,-0.0499878,0.0499939,-0.0499878,0.157929,0.315761,298.7,298.83,0.0617372,24.4931,27.9932,-0.00721029,3100,-2825,18,10,207,0,0,0,0,22,0,3,2,4,4
132500,298.7,298.7,52,0,0.0399902,-0.100006,0.111122,0.388878,298.7,298.818,0.0678429,17.485,23.3295,-0.00836995,3019,-2818,18,-9,81,0,0,0,0,22,0,2,1,5,5
132600,298.7,298.75,72,0.0499878,0.0399902,0,0.176475,0.411763,298.7,298.81,0.0698511,21.6729,21.9981,-0.00562744,2998,-2795,14,-1,130,0,0,0,0,22,0,3,2,5,5
132700,298.75,298.75,4,0,0.0299927,0.0499878,0.187502,0.437493,298.7,298.803,0.0708285,21.981,20.6667,-0.00246989,3010,-2798,-14,11,72,0,0,0,0,22,0,4,2,4,5
132800,298.75,298.8,268,0.0499878,0.0299927,0.199951,0.285708,0.285708,298.7,298.798,0.0708467,46.4165,26.6667,0.00175374,3172,-2814,14,7,250,0,0,0,0,22,0,4,3,3,4
132900,298.8,298.8,36,0,0.0199951,0.0499573,0.333333,0.333333,298.7,298.798,0.0681309,28.6903,36.6656,0.00398356,3161,-2809,15,5,116,0,0,0,0,22,0,4,3,3,4
133000,298.8,298.9,417,0.100006,0.0399963,0.199982,0.363651,0.363651,298.7,298.804,0.0648983,66.2941,53.3313,0.00847982,3121,-2649,-2,28,267,0,0,0,0,22,0,4,3,3,4
133100,298.9,298.9,30,0,0.0299988,0.149994,0.400012,0.300024,298.7,298.809,0.0662425,66.2941,66.6646,0.0112101,3286,-2664,26,23,417,0,0,0,0,22,0,5,3,2,3
133200,298.9,298.85,160,-0.0499878,0.0399963,0.0500183,0.444452,0.333356,298.7,298.811,0.0666368,58.1456,75.9989,0.00957438,3297,-2677,39,20,330,0,0,0,0,22,0,5,3,2,3
133300,298.85,298.85,246,0,0.0299988,0.100006,0.444452,0.333356,298.7,298.812,0.0675174,64.3199,82.0009,0.00733236,3085,-2507,12,41,303,0,0,0,0,22,0,4,3,2,3
133400,298.85,298.8,137,-0.0500183,0.0400024,0.0999756,0.444422,0.333401,298.7,298.809,0.0675056,71.8203,84.0015,0.00237223,3091,-2501,11,42,389,0,0,0,0,22,0,4,3,2,3
133500,298.8,298.8,168,0,0.0200012,0.0999756,0.5,0.250038,298.7,298.802,0.0660541,71.8203,73.9999,-0.00118408,3034,-2475,-19,48,356,0,0,0,0,22,0,4,3,2,2
133600,298.85,298.85,89,0,0.0200012,0.0499878,0.500038,0.250019,298.7,298.8,0.0661232,72.2684,67.3346,-0.000345865,3064,-2473,-13,48,379,0,0,0,0,22,0,4,3,2,2
133700,298.85,298.85,6,0,0.0100037,0.0499878,0.555578,0.222245,298.7,298.8,0.0677023,72.2684,64.6683,0.00100505,3125,-2473,0,25,294,0,0,0,0,22,0,3,4,2,2
133800,298.85,298.95,272,0.100006,0.0300049,0.100006,0.500061,0.200012,298.7,298.809,0.0683514,72.3747,68.6674,0.00489502,3121,-2466,-23,28,303,0,0,0,0,22,0,3,4,2,2
133900,298.95,298.9,121,-0.0500183,0.0300049,0.0499878,0.500031,0.2,298.7,298.814,0.0712897,65.0515,69.9998,0.00580241,3324,-2509,3,24,343,0,0,0,0,22,0,4,4,2,2
134000,298.9,298.9,80,0,0.0300049,-0.0500183,0.333379,0.333311,298.7,298.817,0.0728203,46.3444,73.3333,0.00391439,3369,-2504,40,0,243,0,0,0,0,22,0,3,3,3,3
134100,298.9,298.85,125,-0.0499878,0.0400024,-0.100006,0.300049,0.299988,298.7,298.821,0.0722401,39.9364,66.6667,0.000854492,3389,-2499,42,0,270,0,0,0,0,22,0,2,3,3,3
134200,298.8,298.75,122,-0.0499878,0.05,-0.100006,0.272763,0.363646,298.7,298.82,0.0713253,41.6907,53.332,-0.00604655,3276,-2462,34,1,236,0,0,0,0,22,0,2,3,4,3
134300,298.75,298.8,93,0.0499878,0.0399963,-0.0500183,0.272763,0.363646,298.7,298.821,0.0701527,47.3439,38.3305,-0.00802002,3283,-2460,31,1,233,0,0,0,0,22,0,2,3,4,3
134400,298.8,298.8,17,0,0.0299927,0,0.272778,0.272722,298.7,298.825,0.0660755,55.2333,29.9969,-0.0078776,3295,-2452,24,3,284,0,0,0,0,22,0,2,3,3,2
134500,298.8,298.8,93,0,0.0299927,0,0.250051,0.25,298.7,298.83,0.0597166,55.2333,21.6634,-0.00649007,3300,-2441,25,3,268,0,0,0,0,22,0,2,3,2,2
134600,298.8,298.95,400,0.150024,0.05,0.150024,0.357196,0.214283,298.75,298.839,0.0588181,67.5229,34.9954,0.00128581,3426,-2457,14,7,317,0,0,0,0,22,0,2,3,2,2
134700,298.95,298.95,482,0,0.0400024,0.150024,0.400041,0.2,298.75,298.85,0.0648635,67.5229,48.3301,0.00819092,3550,-2546,25,-6,349,0,0,0,0,22,0,3,3,2,2
134800,298.95,298.95,69,0,0.0300049,0.0500183,0.357168,0.214292,298.75,298.859,0.0691295,57.2613,56.6663,0.0104045,3416,-2505,3,0,96,0,0,0,0,22,0,3,2,3,2
134900,298.95,298.95,136,0,0.0300049,0.100037,0.33336,0.266705,298.75,298.867,0.0715085,66.6261,65.0025,0.00926921,3391,-2490,16,-4,36,0,0,0,0,22,0,2,2,3,3
135000,298.95,299,271,0.0499878,0.0400024,0.150024,0.375019,0.187548,298.75,298.873,0.075633,75.5752,76.6714,0.00869141,3466,-2493,26,-4,83,0,0,0,0,22,0,3,3,2,2
135100,299,299,129,0,0.00999756,0.200012,0.375019,0.187548,298.75,298.879,0.0790877,86.2364,73.3388,0.00767822,3440,-2508,20,-8,118,0,0,0,0,22,0,4,3,2,2
135200,299,299,147,0,0.00999756,0.25,0.400033,0.133358,298.75,298.885,0.0811268,100,76.6714,0.00522461,3386,-2483,12,-6,80,0,0,0,0,22,0,4,3,2,2
135300,299,298.9,120,-0.100006,0.0299988,0.100006,0.375019,0.187548,298.75,298.888,0.0808299,84.8296,73.3367,0.00012207,3380,-2447,-6,1,90,0,0,0,0,22,0,4,3,2,3
135400,298.9,298.9,415,0,0.0299988,0.100006,0.375019,0.250038,298.75,298.892,0.0808328,84.8296,70.002,-0.00509847,3243,-2403,-43,20,-19,0,0,0,0,22,0,4,3,3,4
135500,298.9,298.95,96,0.0500183,0.0300049,0.150024,0.437531,0.250029,298.75,298.899,0.0811998,86.4715,65.3366,-0.00528158,3278,-2406,-19,14,-97,0,0,0,0,22,0,5,4,3,4
135600,298.95,298.95,36,0,0.0300049,0,0.307696,0.307743,298.75,298.904,0.0810885,75.3624,58.6708,-0.00386149,3234,-2408,-22,11,-178,0,0,0,0,22,0,5,3,3,4
135700,298.95,298.95,10,0,0.0300049,0,0.166684,0.416734,298.75,298.908,0.0799146,75.3624,52.005,-0.00289307,3232,-2404,-33,12,-83,0,0,0,0,22,0,4,2,3,5
135800,298.95,298.85,106,-0.100006,0.0300049,-0.100006,0.153857,0.461571,298.75,298.905,0.0763843,61.8944,42.005,-0.0051595,3232,-2404,-29,14,-73,0,0,0,0,22,0,4,2,2,6
135900,298.85,298.85,145,0,0.0300049,-0.100006,0.166684,0.416684,298.75,298.903,0.0733208,61.8944,32.005,-0.00716553,3327,-2475,-8,1,-121,0,0,0,0,22,0,4,2,3,5
140000,298.85,298.8,121,-0.0500183,0.0300049,-0.200012,0.083363,0.500025,298.75,298.899,0.0733029,21.6733,20.0031,-0.00939941,3329,-2476,-7,-4,-79,0,0,0,0,22,0,3,1,3,6
140100,298.85,299.1,1091,0.25,0.0800049,0.0499878,0.200024,0.400008,298.75,298.906,0.0738205,77.3841,40.0015,-0.00136312,3497,-2529,36,-18,65,0,0,0,0,23,0,2,2,3,6
140200,299.1,298.8,901,-0.300018,0.140009,-0.250031,0.250015,0.250015,298.75,298.912,0.072899,48.7532,30,-0.00187175,3842,-2718,80,-44,191,0,0,0,0,23,0,2,3,2,5
140300,298.85,298.95,484,0.100006,0.140009,-0.0500183,0.227287,0.181818,298.8,298.919,0.072471,59.705,40.001,0.000655111,3874,-2740,91,-47,294,0,0,0,0,23,0,3,3,3,4
140400,298.95,298.95,447,0,0.140009,-0.0500183,0.217402,0.130446,298.8,298.926,0.0719012,59.705,50.002,0.00107422,3856,-2750,89,-49,234,0,0,0,0,23,0,3,3,3,3
140500,298.9,298.85,210,-0.0499878,0.140002,-0.150024,0.159998,0.160022,298.8,298.929,0.0733199,54.0739,53.3364,-0.00325521,3746,-2754,73,-50,166,0,0,0,0,23,0,2,2,4,4
140600,298.85,298.85,108,0,0.0900024,-0.150024,0.153846,0.15387,298.85,298.927,0.0732769,54.0739,26.6707,-0.00411377,3777,-2757,64,-40,192,0,0,0,0,23,0,2,2,4,4
140700,298.85,298.9,255,0.0499878,0.0399963,-0.100037,0.15385,0.115399,298.85,298.922,0.0675077,57.7702,33.3374,-0.00335286,3756,-2760,61,-40,168,0,0,0,0,23,0,2,2,4,3
140800,298.9,299,736,0.100006,0.0399963,0.0999756,0.259257,0.0740992,298.85,298.924,0.0644359,67.5671,36.6697,0.00243734,3922,-2778,60,-35,292,0,0,0,0,23,0,3,3,4,2
140900,299,298.9,145,-0.100006,0.0599976,-3.05E-05,0.249995,0.0714519,298.85,298.923,0.061744,65.0824,33.3354,0.00308024,4052,-2773,30,-7,426,0,0,0,0,23,0,3,3,4,2
141000,298.9,299,162,0.100006,0.0700012,0.149994,0.249995,0.035726,298.85,298.921,0.0557717,68.4784,43.3344,0.00496826,3956,-2745,11,0,243,0,0,0,0,23,0,3,3,4,1
141100,299,299.05,266,0.0499878,0.0799988,-0.0500183,0.230757,0.0384751,298.85,298.922,0.051072,60.2458,56.6656,0.00727946,4007,-2741,21,1,142,0,0,0,0,23,0,4,3,4,1
141200,299,299,224,0,0.0700012,0.25,0.190461,0.047637,298.85,298.923,0.0506141,76.6735,66,0.00671794,4003,-2768,36,-2,101,0,0,0,0,23,0,5,2,4,1
141300,299,298.95,230,-0.0499878,0.0599976,0.100006,0.222211,0.111122,298.85,298.925,0.0504619,63.6914,64.6686,0.0035848,3936,-2760,22,0,70,0,0,0,0,23,0,4,2,4,2
141400,298.95,298.95,284,0,0.0399963,0.100006,0.235288,0.117662,298.85,298.929,0.0511328,63.6914,70.0039,0.000760905,3952,-2749,28,1,211,0,0,0,0,23,0,4,2,3,2
141500,298.95,298.95,127,0,0.0199951,0.149994,0.266675,0.0666585,298.85,298.93,0.051205,70.3166,66.6721,-0.00121257,4023,-2753,14,3,250,0,0,0,0,23,0,4,2,2,1
141600,298.95,299.05,214,0.0999756,0.0299927,0.249969,0.312502,0.0624928,298.85,298.934,0.0534667,73.163,70.0064,0.000960287,4050,-2747,0,3,307,0,0,0,0,23,0,3,3,2,1
141700,299.05,299.05,319,0,0.0299927,0.199982,0.352962,0.0588151,298.85,298.939,0.0586282,69.7027,69.0039,0.00357666,4092,-2715,19,4,233,0,0,0,0,23,0,4,4,2,1
141800,299.05,299,88,-0.0499878,0.0299927,0.0499878,0.200016,0.0666585,298.85,298.946,0.0605126,48.3088,67.002,0.00271403,4033,-2728,3,1,26,0,0,0,0,23,0,3,3,3,1
141900,299.05,299,124,-0.0499878,0.0399902,0.100006,0.214311,0.0714223,298.85,298.954,0.0616059,54.2237,65,0.0014445,3986,-2712,-2,8,63,0,0,0,0,23,0,3,3,2,1
142000,299,299,130,0,0.0399902,0,0.230805,0.0769195,298.85,298.963,0.0609954,46.9685,61.6638,-0.000105795,4014,-2718,11,6,30,0,0,0,0,23,0,3,3,2,1
142100,299,299.05,348,0.0499878,0.0299927,0,0.166709,0.0833291,298.85,298.965,0.0614141,50.9084,54.9944,2.44E-05,3938,-2660,-2,12,43,0,0,0,0,23,0,2,2,2,1
142200,299,299.05,186,0.0499878,0.0399902,0.0499878,0.166709,0.0833291,298.85,298.973,0.0628177,63.8672,53.3265,0.000280762,3894,-2668,-18,12,50,0,0,0,0,23,0,1,2,2,1
142300,299.05,299.05,106,0,0.0299927,0.0999756,0.166709,0,298.85,298.978,0.0639445,86.4619,56.6572,0.000179037,3871,-2651,-25,13,17,0,0,0,0,23,0,1,2,1,0
142400,299.05,298.95,260,-0.0999756,0.0399902,0,0.142888,0.142888,298.85,298.98,0.0639776,61.762,51.6587,-0.00363363,3787,-2614,-43,14,-97,0,0,0,0,23,0,1,2,1,1
142500,298.95,298.9,395,-0.0500183,0.0499939,-0.0500183,0.133358,0.200016,298.85,298.982,0.0641741,43.0725,48.9924,-0.00871989,3699,-2603,-47,17,-207,0,0,0,0,23,0,1,2,2,2
142600,298.9,298.95,441,0.0500183,0.05,-0.0999756,0.0666965,0.200008,298.85,298.986,0.0646118,51.5039,43.6623,-0.00957845,3716,-2597,-38,16,-258,0,0,0,0,23,0,1,1,2,2
142700,298.95,299.05,269,0.0999756,0.0599976,0,0.133317,0.200016,298.9,298.992,0.0642442,58.7486,50.3317,-0.00412598,3784,-2635,-32,11,-156,0,0,0,0,23,0,1,1,2,2
142800,299.05,298.9,425,-0.149994,0.0899963,-0.100006,0.11763,0.235332,298.9,298.99,0.0634831,49.4892,42.0003,-0.00392253,3705,-2643,-33,2,-212,0,0,0,0,23,0,1,1,1,3
142900,298.9,298.75,820,-0.149994,0.1,-0.200012,0.105246,0.368458,298.9,298.983,0.0755024,35.7753,36.9987,-0.0103271,3530,-2616,-52,7,-382,0,0,0,0,23,0,1,1,2,4
143000,298.75,298.8,157,0.0499878,0.0999939,-0.150024,0.105246,0.368458,298.75,298.974,0.0860811,39.011,36.3324,-0.013619,3476,-2601,-56,7,-403,0,0,0,0,23,0,1,1,3,4
143100,298.8,299.05,1045,0.25,0.13999,0.0499878,0.333342,0.291684,298.75,298.972,0.0834663,50.164,45.4738,-0.00443115,3705,-2635,-11,-3,-156,0,0,0,0,23,0,2,2,3,4
143200,299.05,299.05,183,0,0.119995,0,0.320011,0.280019,298.75,298.973,0.0813888,50.164,42.6156,0.00390625,3802,-2666,14,-9,-84,0,0,0,0,23,0,3,2,4,4
143300,299.05,299.1,490,0.0500183,0.1,0.0500183,0.370385,0.259274,298.75,298.979,0.0841294,55.8432,55.1169,0.0118693,3815,-2690,14,-13,-48,0,0,0,0,23,0,4,3,4,4
143400,299.15,299.2,796,0.0500183,0.0800049,0.200012,0.444467,0.185193,298.75,298.991,0.0958328,66.1147,73.1174,0.0193359,3909,-2684,17,-7,129,0,0,0,0,24,0,5,4,4,3
143500,299.2,299.2,558,0,0.0700073,0.250031,0.444467,0.148163,298.75,299.003,0.105138,71.9909,87.7853,0.019755,4161,-2722,65,-11,320,0,0,0,0,24,0,5,4,3,2
143600,299.2,299.25,964,0.0499878,0.0300049,0.25,0.500033,0.142873,298.75,299.015,0.117799,74.9458,87.3099,0.0202922,4026,-2586,70,4,291,0,0,0,0,25,0,6,5,3,2
143700,299.25,299.25,373,0,0.0300049,0.150024,0.428609,0.14287,298.75,299.026,0.128715,73.5111,86.8345,0.0181722,3998,-2614,74,-1,322,0,0,0,0,25,0,6,4,3,2
143800,299.3,299.25,73,-0.0499878,0.0299988,0.250031,0.461582,0.115384,298.75,299.039,0.137535,80.8217,86.0005,0.0135498,4113,-2738,58,-14,461,0,0,0,0,25,0,6,4,4,1
143900,299.25,299.25,146,0,0.0199951,0.400024,0.500051,0,298.75,299.051,0.145047,100,84.6665,0.00915934,4112,-2814,44,-21,423,0,0,0,0,25,0,6,4,3,0
144000,299.25,299.25,230,0,0.0199951,0.350037,0.480053,0.0399922,298.75,299.063,0.150471,100,83.0295,0.00445963,4109,-2801,42,-15,238,0,0,0,0,25,0,6,4,2,1
144100,299.25,299.4,950,0.149994,0.0399963,0.250031,0.391364,0.0434702,298.75,299.08,0.162841,100,84.3623,0.00681966,4134,-2867,32,-26,131,0,0,0,0,26,0,6,4,2,1
144200,299.45,299.25,708,-0.200012,0.0799988,0.0500183,0.375041,0.0416571,298.75,299.094,0.1709,81.8793,78.8066,0.00441487,4292,-3008,18,-40,159,0,0,0,0,26,0,6,4,1,1
144300,299.25,299.35,234,0.100006,0.0900024,0.100006,0.291702,0.0833143,298.75,299.109,0.177701,80.6109,75.4734,0.00313314,4166,-2995,20,-58,-54,0,0,0,0,26,0,5,3,2,2
144400,299.35,299.35,172,0,0.0900024,0.0499878,0.217419,0.0869358,298.75,299.128,0.184475,75.2091,72.1403,0.00182699,4141,-2996,20,-54,-294,0,0,0,0,26,0,5,2,2,2
144500,299.35,299.4,247,0.0499878,0.1,0.0999756,0.238127,0.0952159,298.75,299.152,0.189732,77.1828,71.7753,0.000821941,4184,-3002,10,-37,-258,0,0,0,0,26,0,6,2,3,2
144600,299.4,299.3,214,-0.100006,0.0900024,-0.0500183,0.210543,0.105239,298.75,299.172,0.193224,60.8179,61.7741,-0.00165609,4176,-2993,9,-25,-201,0,0,0,0,26,0,5,2,3,2
144700,299.35,299.25,363,-0.100006,0.0700012,-0.150024,0.210543,0.210511,298.75,299.185,0.194396,52.691,54.6623,-0.00664876,4119,-2990,1,-27,-246,0,0,0,0,26,0,4,2,4,3
144800,299.25,299.35,324,0.100006,0.0700012,-3.05E-05,0.19049,0.238069,298.75,299.204,0.195379,57.7325,53.3285,-0.0077474,3966,-2971,-24,-14,-303,0,0,0,0,26,0,4,2,3,4
144900,299.4,299.3,158,-0.100006,0.0900024,-0.100037,0.227271,0.227244,298.75,299.231,0.192415,54.8803,47.9932,-0.00742594,4072,-2987,-31,3,-223,0,0,0,0,26,0,5,3,3,4
145000,299.3,299.4,256,0.100006,0.100006,-3.05E-05,0.227265,0.227237,298.8,299.259,0.188386,58.2243,47.9932,-0.00531819,3975,-2965,-27,4,-257,0,0,0,0,26,0,5,3,4,4
145100,299.35,299.35,276,0,0.0800049,-0.150024,0.157854,0.263122,299.05,299.277,0.189437,38.1655,51.9946,-0.00326334,4019,-2987,-17,1,-252,0,0,0,0,26,0,5,3,4,4
145200,299.35,299.25,189,-0.100006,0.0800049,-0.0500183,0.166627,0.388864,299.05,299.289,0.189191,46.927,52.9948,-0.00673421,3978,-2976,-29,3,-169,0,0,0,0,26,0,4,3,5,5
145300,299.25,299.3,211,0.0499878,0.0700012,-0.100037,0.176426,0.352924,299.15,299.3,0.187757,46.381,50.9938,-0.0075887,4102,-2977,-10,2,-20,0,0,0,0,26,0,4,3,4,4
145400,299.3,299.3,167,0,0.05,-0.100037,0.18745,0.374976,299.2,299.306,0.181881,46.381,52.9942,-0.0072225,4084,-2984,-5,0,-82,0,0,0,0,26,0,4,3,4,4
145500,299.3,299.3,173,0,0.0299988,-0.150024,0.166621,0.388851,299.2,299.311,0.176491,39.728,46.9942,-0.00696208,4068,-2995,14,-3,-110,0,0,0,0,26,0,3,3,3,5
145600,299.3,299.4,200,0.100006,0.05,0.0499878,0.157849,0.368379,299.25,299.316,0.16766,50.1271,54.9947,-0.00244954,4147,-3015,10,-4,3,0,0,0,0,26,0,4,3,3,5
145700,299.4,299.3,96,-0.100006,0.05,0.0499878,0.157849,0.263114,299.25,299.319,0.157536,57.9523,59.9939,-0.00257162,4109,-3023,19,-8,91,0,0,0,0,26,0,4,3,2,4
145800,299.3,299.1,899,-0.199982,0.0799988,-0.25,0.149959,0.399951,299.25,299.313,0.152624,29.1967,49.9954,-0.0109782,3780,-2973,-34,2,-278,0,0,0,0,26,0,4,3,3,4
145900,299.1,299.15,500,0.0499878,0.0899963,-0.100006,0.105236,0.421009,299.1,299.307,0.149932,44.4247,43.3296,-0.0156901,3840,-2972,-19,0,-142,0,0,0,0,26,0,3,2,4,4
150000,299.15,299.1,282,-0.0499878,0.0999939,-0.25,0.105236,0.421041,299.1,299.299,0.150734,34.3395,36.1893,-0.0187866,3829,-2964,-39,1,-167,0,0,0,0,26,0,3,2,3,4
150100,299.1,299.15,401,0.0499878,0.0899902,-0.200012,0.0499863,0.399982,299.1,299.287,0.141633,47.2291,21.9038,-0.0164062,3763,-2921,-45,9,-160,0,0,0,0,26,0,2,1,3,4
150200,299.1,299.05,559,-0.0500183,0.0799927,-0.150024,0.0499863,0.299979,299.1,299.275,0.137934,41.6814,11.9053,-0.0143514,3759,-2941,-44,7,-307,0,0,0,0,26,0,2,1,2,3
150300,299.1,299.15,431,0.0499878,0.0499939,-0.150024,0.136354,0.272707,299.1,299.266,0.131039,45.489,17.6199,-0.00826009,3851,-2927,-42,12,-176,0,0,0,0,26,0,2,2,2,3
150400,299.15,299.15,246,0,0.0399963,-0.150024,0.136354,0.272707,299.1,299.256,0.122923,45.489,20.0017,-0.00319417,3861,-2907,-35,16,-119,0,0,0,0,26,0,2,2,3,3
150500,299.15,299.15,227,0,0.0299988,-0.150024,0.136354,0.272707,299.1,299.245,0.115127,45.489,22.8581,-0.000675457,3838,-2901,8,10,-195,0,0,0,0,26,0,2,2,3,3
150600,299.15,299.1,406,-0.0499878,0.0299988,-0.300018,0.0909116,0.272707,299.1,299.234,0.110406,37.2688,20.0017,-0.000227865,3682,-2879,-22,13,-283,0,0,0,0,26,0,1,1,3,3
150700,299.1,298.95,577,-0.149994,0.0499939,-0.350006,0.0909116,0.318177,299.1,299.222,0.114818,32.8499,12.0037,-0.00510254,3690,-2876,-19,12,7,0,0,0,0,26,0,1,1,4,4
150800,298.95,299,699,0.0499878,0.0499939,-0.100037,0.105265,0.263146,298.95,299.206,0.123247,52.6844,9.62182,-0.00890706,3325,-2809,-62,16,-352,0,0,0,0,26,0,1,1,4,4
150900,299,298.9,1052,-0.100006,0.0699951,-0.250031,0.0952395,0.333324,298.95,299.185,0.135139,34.7433,6.40671,-0.0130208,3309,-2830,-64,15,-386,0,0,0,0,26,0,1,1,3,5
151000,298.9,298.95,755,0.0500183,0.0799988,-0.150024,0.0909116,0.272707,298.9,299.164,0.143708,46.8447,5.69256,-0.0119548,3203,-2851,-92,10,-490,0,0,0,0,26,0,1,1,3,4
151100,298.95,298.9,287,-0.0500183,0.0800049,-0.250031,0.0909116,0.272707,298.9,299.142,0.149786,39.5505,5.33385,-0.00935872,3135,-2839,-103,9,-522,0,0,0,0,26,0,2,1,3,4
151200,298.9,298.65,1558,-0.25,0.100006,-0.450012,0.0800029,0.439979,298.9,299.114,0.172319,32.7058,13.3319,-0.0159383,3004,-2816,-119,12,-736,0,0,0,0,26,0,2,1,4,5
151300,298.65,298.75,951,0.100006,0.11001,-0.399994,0,0.458319,298.65,299.086,0.189531,38.2643,13.6357,-0.0161865,2893,-2789,-112,12,-850,0,0,0,0,26,0,2,0,5,5
151400,298.75,298.8,532,0.0499878,0.100006,-0.350006,0,0.45833,298.65,299.06,0.199357,43.0807,16.5904,-0.0117798,2874,-2747,-116,18,-810,0,0,0,0,26,0,2,0,4,5
151500,298.75,298.85,477,0.100006,0.110004,-0.25,0.0800068,0.40001,298.65,299.037,0.204475,46.8026,18.863,-0.00426432,2843,-2746,-68,9,-706,0,0,0,0,26,0,2,1,4,4
151600,298.85,298.9,266,0.0499878,0.109998,-0.150024,0.120022,0.40001,298.65,299.013,0.205726,51.4394,26.3635,0.00527344,3015,-2772,-42,8,-571,0,0,0,0,26,0,3,2,4,4
151700,298.95,298.9,269,-0.0500183,0.0700012,-0.0500488,0.125022,0.37499,298.65,298.993,0.206398,55.9554,40.649,0.0106567,3081,-2778,-17,10,-213,0,0,0,0,26,0,4,2,3,3
151800,298.95,298.9,261,-0.0500183,0.0600037,-0.150055,0.16001,0.280005,298.65,298.981,0.204064,50.7149,51.298,0.0130086,3134,-2767,0,10,-112,0,0,0,0,26,0,4,3,2,2
151900,298.9,298.95,104,0.0500183,0.0600098,-3.05E-05,0.17392,0.217387,298.65,298.971,0.200519,62.581,62.9875,0.013501,3129,-2765,17,7,12,0,0,0,0,26,0,4,3,3,1
152000,298.9,298.9,641,0,0.0400085,-0.0500488,0.227265,0.227265,298.65,298.963,0.195609,48.3792,70,0.0118978,3172,-2769,39,2,107,0,0,0,0,26,0,4,4,3,1
152100,298.9,299.05,929,0.149994,0.0600098,0.149963,0.260853,0.217387,298.65,298.957,0.192114,59.7154,80,0.0142782,3378,-2851,72,-14,339,0,0,0,0,26,0,3,5,3,1
152200,299.05,299.15,938,0.100006,0.0700073,0.499969,0.368411,0,298.65,298.959,0.189917,86.7497,87.9362,0.0192586,3254,-2686,58,8,464,0,0,0,0,26,0,4,6,2,0
152300,299.15,299.15,269,0,0.0600037,0.399963,0.470561,0,298.65,298.958,0.192186,83.5103,93.6507,0.021582,3228,-2731,30,5,370,0,0,0,0,26,0,5,7,1,0
152400,299.15,299.3,1088,0.149994,0.0799988,0.499969,0.549971,0,298.65,298.962,0.200504,85.5781,96.5071,0.0258464,3086,-2546,0,33,443,0,0,0,0,26,0,4,8,1,0
152500,299.25,299.5,1367,0.25,0.129999,0.649963,0.590884,0,298.65,298.977,0.222309,87.9895,102.222,0.0334554,2775,-2362,-51,57,170,0,0,0,0,27,0,5,8,1,0
152600,299.5,299.35,794,-0.149994,0.129999,0.449982,0.521707,0,298.65,298.99,0.23941,75.517,97.2219,0.0312907,2764,-2327,-52,62,134,0,0,0,0,27,0,5,7,1,0
152700,299.35,299.4,356,0.0499878,0.119995,0.549988,0.499975,0,298.65,299.009,0.251981,76.9198,91.6667,0.0265462,2590,-2296,-83,67,-73,0,0,0,0,27,0,4,7,2,0
152800,299.4,299.35,375,-0.0499878,0.129993,0.550018,0.478253,0,298.65,299.027,0.258411,72.542,86.667,0.0178019,2543,-2288,-119,80,-109,0,0,0,0,27,0,4,6,3,0
152900,299.3,299.35,762,0.0500183,0.109998,0.550018,0.45833,0.0833397,298.65,299.048,0.258424,72.1022,81.6673,0.00799561,2509,-2277,-106,58,-171,0,0,0,0,27,0,4,6,3,1
153000,299.3,299.45,1225,0.150024,0.0900024,0.700043,0.5,0.0769285,298.65,299.072,0.264649,83.4643,80.001,0.00651041,2553,-2126,-96,86,-100,0,0,0,0,27,0,5,6,3,1
153100,299.45,299.45,2371,0,0.0600037,0.550049,0.461537,0.0769267,298.65,299.097,0.269159,80.9664,82.7791,0.00428466,2358,-1778,-104,109,12,0,0,0,0,27,0,5,5,4,1
153200,299.45,299.45,1326,0,0.0500061,0.450043,0.444424,0.0740783,298.65,299.134,0.26493,77.5395,83.6132,0.00417073,1884,-1576,-127,112,-189,0,0,0,0,27,0,5,5,4,1
153300,299.5,299.5,280,0,0.0400085,0.450043,0.407396,0.0740783,298.75,299.171,0.262357,78.6864,88.613,0.00472818,1827,-1508,-133,117,-221,0,0,0,0,27,0,5,4,4,1
153400,299.5,299.55,780,0.0499878,0.0400024,0.350037,0.359985,0.0800049,298.75,299.208,0.264129,77.4223,93.6127,0.0049235,1692,-1422,-128,124,-143,0,0,0,0,28,0,5,4,4,1
