90100,295.45,296.1,296.15,295.3,295.912,6066,6066,0.649994,0,0,0,0,0,295.912,0,0,0,0,49,-23,0,0,0,278728,470,0.43,0.43,0,0,0,0,0,0,0,0,0,0
90200,296.05,295.8,296.35,295.75,295.925,4067,-4067,-0.25,0,0,0,0,0,295.925,0,0,0,0.00112915,88,-33,0,0,0,279919,1191,0.55,0.49,0,0,0,0,0,0,0,0,0,0
90300,295.8,295.75,295.9,295.65,295.763,1818,-1818,-0.0499878,0,0,0,0,0,295.763,0,0,0,-0.012146,54,-66,0,0,0,279838,-81,0.47,0.483333,0,0,0,0,0,0,0,0,0,0
90400,295.75,296.2,296.25,295.75,296.1,3780,3780,0.450012,0,0,0,0,0,296.1,0,0,0,0.00744629,-47,-76,0,0,0,280633,795,0.54,0.4975,0,0,0,0,0,0,0,0,0,0
90500,296.15,296.7,296.7,296.15,296.563,3171,3171,0.550018,0,0,0,0,0,296.563,0,0,0,0.0618591,21,-87,0,0,0,280963,330,0.44,0.486,0,0,0,0,0,0,0,0,0,0
90600,296.7,296.65,296.7,296.4,296.6,3421,-3421,-0.0500183,0,0,0,0,0,296.6,0,0,0,0.104309,0,-58,0,0,0,281354,391,0.51,0.49,0,0,0,0,0,0,0,0,0,0
90700,296.65,296.75,296.8,296.55,296.712,1945,1945,0.100006,0,0,0,0,0,296.712,0,0,0,0.143677,32,-84,0,0,0,281831,477,0.46,0.485714,1,0,0,0,0,0,0,0,0,0
90800,296.8,296.65,296.8,296.6,296.675,1605,-1605,-0.149994,0,0,0,0,0,296.675,0,0,0,0.167084,29,-80,-2,-8,0,282135,304,0.56,0.495,1,0,0,0,0,0,0,0,0,0
90900,296.65,296.7,296.7,296.55,296.663,1143,1143,0.0500183,0,0,0,0,0,296.663,0,0,0,0.18045,194,-64,15,-4,0,282465,330,0.68,0.515556,1,0,0,0,0,0,0,0,0,0
91000,296.7,296.95,297,296.65,296.888,2879,2879,0.25,0,1.55005,0,0,0,296.888,0,0,0,0.206696,169,-56,16,1,87,282522,57,0.44,0.508,2,0,0,0,0,0,0,0,0,0
91100,296.9,297,297.05,296.75,296.95,3659,3659,0.100006,0,1.00006,0.420279,0.0434848,0,296.95,0,60.3358,0,0.227936,168,-58,30,2,55,282713,191,0.57,0.513636,3,0,0,0,0,0,0,0,0,0
91200,297.05,297.25,297.25,297,297.188,3009,3009,0.200012,0,1.45007,0.46773,0.0483944,0,297.188,0,74.1243,0,0.260315,426,-84,57,0,354,283277,564,0.31,0.496667,4,0,0,0,0,0,0,0,0,0
91300,297.2,297.05,297.25,297,297.087,1782,-1782,-0.150024,0,1.35004,0.46773,0.0161347,0,297.087,0,74.2026,0,0.271118,451,-81,64,-3,493,283308,31,0.55,0.500769,4,0,0,0,0,0,0,0,0,0
91400,297.05,297.15,297.2,297,297.125,1440,1440,0.100006,0,1.00003,0.392842,0.0178634,0,297.125,0,71.7048,0,0.27771,536,-100,72,-2,502,283708,400,0.49,0.5,4,0,0,0,0,0,0,0,0,0
91500,297.15,297.15,297.2,297.05,297.138,1565,1565,0,0,0.450012,0.270812,0.0208405,0,297.138,0,67.4135,92.4477,0.278809,592,-136,80,-8,514,283734,26,0.27,0.484667,4,0,0,0,0,0,0,0,0,0
91600,297.15,297.15,297.25,297.1,297.163,1671,-1671,0,0,0.500031,0.311085,0.0222301,0,297.163,0,80.6052,90.3046,0.276978,603,-137,58,-10,518,284111,377,0.52,0.486875,4,0,0,0,0,0,0,0,0,0
91700,297.2,297.05,297.2,297,297.075,1527,-1527,-0.150024,0,0.25,0.272711,0.0681916,0,297.075,0,71.1695,84.59,0.263245,567,-138,56,-11,480,284270,159,0.38,0.480588,4,0,0,0,0,0,0,0,0,0
91800,297.05,297.05,297.15,296.95,297.05,1384,-1384,0,0,0.399994,0.272711,0.0909129,0,297.05,0,78.5604,81.5423,0.246338,671,-148,71,-12,393,284509,239,0.38,0.475,4,0,0,0,0,0,0,0,0,0
91900,297.05,297,297.05,296.95,297,639,-639,-0.0499878,0,0.299988,0.279059,0.0697648,0,297,0,73.5606,75.0273,0.22522,815,-163,55,-11,539,284751,242,0.45,0.473684,4,0,0,0,0,0,0,0,0,0
92000,297.05,296.95,297.05,296.95,296.975,598,-598,-0.0999756,0,-0.0499878,0.157891,0.0789457,295.45,296.728,0.0618275,64.0736,65.3809,0.203552,1017,-177,80,-13,730,284755,4,0.5,0.475,4,0,0,0,0,0,0,0,0,0
92100,297,297.15,297.15,296.95,297.1,1512,1512,0.149994,0,0,0.194452,0.0833319,295.75,296.787,0.0895683,56.7393,61.5708,0.194794,1151,-176,87,-10,633,284507,-248,0.44,0.473333,4,0,0,0,0,0,0,0,0,0
92200,297.15,297.1,297.15,297.05,297.1,939,-939,-0.0499878,0,-0.25,0.0909074,0.0909074,295.75,296.846,0.105695,34.9909,57.2854,0.184967,1112,-176,74,-5,566,284608,101,0.4,0.47,4,0,0,0,0,0,0,0,0,0
92300,297.15,297.15,297.2,297.05,297.138,429,429,0,0,-0.0999756,0.129041,0.096771,295.75,296.914,0.116481,47.7312,56.3326,0.177734,1183,-178,82,-5,569,284617,9,0.51,0.471739,4,0,0,0,0,0,0,0,0,0
92400,297.2,297.1,297.2,297.05,297.112,718,-718,-0.100006,0.0799927,-0.299988,0.133341,0.0999959,296.15,296.965,0.121089,30.5112,54.6658,-0.0123291,1127,-177,80,-5,494,284524,-93,0.49,0.4725,4,0,0,0,0,0,0,0,0,0
92500,297.15,297.15,297.2,297.1,297.15,387,-387,0,0.0599976,-0.299988,0.137941,0.103445,296.65,296.994,0.125572,34.4968,59.998,-0.0114787,1125,-185,64,-5,474,284622,98,0.51,0.474,4,0,0,0,0,0,0,0,0,0
92600,297.15,297.25,297.3,297.15,297.237,944,944,0.100006,0.05,-0.199982,0.172416,0.103445,296.65,297.026,0.133782,42.5383,63.8087,-0.00718181,1143,-183,46,-2,531,284928,306,0.47,0.473846,4,0,0,0,0,0,0,0,0,0
92700,297.25,297.2,297.3,297.2,297.225,667,-667,-0.0499878,0.05,-0.0999451,0.185193,0.0370295,296.65,297.052,0.139769,47.8895,68.0954,-0.0060669,1212,-263,27,-12,426,284896,-32,0.37,0.47,4,0,0,0,0,0,0,0,0,0
92800,297.25,297.25,297.35,297.2,297.263,1710,-1710,0,0.05,-0.0999451,0.230791,0,296.65,297.081,0.145774,58.3244,69.7623,-0.00438233,1305,-341,22,-23,312,285053,157,0.54,0.4725,4,0,0,0,0,0,0,0,0,0
92900,297.25,297.25,297.3,297.25,297.263,633,-633,0,0.0299988,-0.0499573,0.240021,0,296.7,297.111,0.149832,63.0371,74.762,-0.00481364,1307,-342,27,-23,125,285083,30,0.51,0.473793,4,0,0,0,0,0,0,0,0,0
93000,297.3,297.35,297.35,297.25,297.325,716,716,0.0500183,0.0400024,0.100037,0.280029,0,296.9,297.133,0.155281,71.0336,81.4293,-0.00344644,1367,-346,26,-24,46,285022,-61,0.44,0.472667,5,0,17,14,7,4,295.763,3,297.325,30
93100,297.35,297.35,297.5,297.35,297.388,1463,-1463,0,0.0200012,-0.0499573,0.33335,0,297,297.155,0.164618,64.3088,77.6197,-0.000508621,1371,-346,34,-24,89,285070,48,0.59,0.476452,5,0,17,14,7,4,295.763,3,297.388,31
93200,297.35,297.45,297.5,297.3,297.425,718,718,0.100006,0.0300049,0.100037,0.307707,0.0384751,297,297.167,0.173771,77.983,81.1114,0.00154622,1348,-339,31,-22,4,285267,197,0.77,0.485625,6,0,16,13,7,5,295.763,3,297.425,32
93300,297.45,297.75,297.75,297.45,297.675,1306,1306,0.299988,0.0900024,0.400024,0.413803,0.0344958,297,297.196,0.201202,80.6827,86.1118,0.0127116,1313,-341,24,-22,22,285562,295,0.54,0.487273,7,0,17,14,6,4,296.1,4,297.675,33
93400,297.75,297.6,297.75,297.45,297.6,1590,-1590,-0.149994,0.120001,0.350037,0.375017,0.0312625,297,297.22,0.218399,71.9123,86.4969,0.0125163,1400,-364,26,-14,96,285751,189,0.57,0.489706,7,0,16,13,6,4,296.563,5,297.675,33
93500,297.6,297.5,297.65,297.5,297.538,1484,-1484,-0.100006,0.129999,0.250031,0.363655,0.0303154,297,297.24,0.229133,59.0367,78.1637,0.00609943,1416,-366,15,-3,90,285728,-23,0.53,0.490857,7,0,16,12,7,4,296.6,6,297.675,33
93600,297.5,297.4,297.5,297.35,297.413,1405,-1405,-0.100006,0.15,0.0500183,0.303061,0.121224,297,297.253,0.232053,46.3671,72.1021,-0.00626628,1452,-371,20,-4,132,285766,38,0.51,0.491389,7,0,15,12,8,5,296.663,9,297.675,33
93700,297.4,297.4,297.55,297.35,297.425,1080,-1080,0,0.129999,0.100006,0.314307,0.114297,297,297.27,0.234902,49.828,61.596,-0.0145833,1411,-374,6,-4,73,286006,240,0.63,0.495135,7,0,14,12,8,5,296.663,9,297.675,33
93800,297.4,297.45,297.5,297.3,297.425,1328,1328,0.0500183,0.0800049,0.150024,0.277784,0.138909,297,297.289,0.236636,47.5913,49.5964,-0.0176147,1376,-371,0,-3,40,286186,180,0.62,0.498421,7,0,13,12,9,6,296.663,9,297.675,33
93900,297.5,297.4,297.55,297.4,297.438,1101,-1101,-0.100006,0.0700073,0.0500183,0.289473,0.131598,297,297.311,0.23868,42.1611,40.2114,-0.0169515,1323,-370,-3,-4,-68,286160,-26,0.69,0.503333,7,0,14,13,8,5,296.888,10,297.675,33
94000,297.45,297.45,297.5,297.4,297.45,429,429,0,0.0500061,0,0.263147,0.131598,297,297.334,0.23316,40.3902,35.2123,-0.0144206,1270,-339,-6,0,-94,286264,104,0.6,0.50575,7,0,13,12,9,5,296.95,11,297.675,33
94100,297.45,297.55,297.55,297.4,297.512,731,731,0.0999756,0.05,0.0999756,0.210511,0.131598,297.15,297.355,0.225876,44.7078,39.0508,-0.00983886,1264,-334,-19,4,-79,286319,55,0.62,0.508537,7,0,12,12,9,5,296.975,20,297.675,33
94200,297.55,297.65,297.7,297.55,297.638,580,580,0.100006,0.0700012,0.0999756,0.297295,0.108116,297.15,297.382,0.22571,43.9439,47.334,-0.00151774,1159,-301,-36,9,-114,286425,106,0.52,0.50881,7,0,12,12,9,5,296.975,20,297.675,33
94300,297.7,297.6,297.7,297.6,297.625,1206,-1206,-0.100006,0.0799988,-0.300018,0.181811,0.12122,297.15,297.406,0.226109,31.1309,52.6673,0.00164795,1279,-444,-24,-10,-201,286435,10,0.45,0.507442,7,0,13,12,9,5,296.975,20,297.675,33
94400,297.6,297.6,297.65,297.6,297.612,135,-135,0,0.0599976,-0.150024,0.214278,0.142866,297.15,297.431,0.227361,37.1225,61.6676,0.00118814,1291,-442,-17,-9,-201,286410,-25,0.58,0.509091,7,0,13,12,9,5,296.975,20,297.675,33
94500,297.65,297.65,297.7,297.55,297.638,457,457,0,0.0599976,-0.0500183,0.214273,0.142863,297.15,297.456,0.228168,48.7084,72.4992,0.000126138,1288,-439,-12,-9,-232,286477,67,0.51,0.509111,7,0,12,13,9,6,296.975,20,297.675,33
94600,297.7,297.6,297.75,297.55,297.625,531,-531,-0.100006,0.0600037,-0.0500183,0.241355,0.0344944,297.25,297.475,0.226209,55.3934,74.7222,-0.00270589,1346,-442,3,-10,-133,286442,-35,0.49,0.508696,7,0,11,13,9,6,296.975,20,297.675,33
94700,297.6,297.65,297.75,297.55,297.65,1380,1380,0.0499878,0.05,-3.05E-05,0.206878,0.0344936,297.25,297.496,0.22518,63.3461,74.7222,-0.00343424,1346,-446,10,-15,-105,286510,68,0.59,0.510426,7,0,11,13,8,5,296.975,20,297.675,33
94800,297.65,297.65,297.65,297.5,297.612,1313,1313,0,0.0299988,-0.0500488,0.214269,0.0357042,297.25,297.514,0.222171,55.7623,75.6739,-0.00594483,1346,-445,11,-15,-52,286704,194,0.45,0.509167,7,0,11,13,8,5,296.975,20,297.675,33
94900,297.65,297.6,297.7,297.55,297.612,965,-965,-0.0499878,0.0399963,-3.05E-05,0.214286,0.0357034,297.3,297.531,0.220267,56.9646,72.103,-0.00770263,1792,-448,90,-21,413,286886,182,0.55,0.51,7,0,12,14,7,5,296.975,20,297.675,33
95000,297.6,297.65,297.7,297.6,297.65,464,464,0.0499878,0.0499939,0.0499573,0.214286,0.0357034,297.35,297.547,0.217621,57.2052,68.8892,-0.00684001,1850,-449,81,0,471,287087,201,0.62,0.5122,7,0,13,14,7,5,297.1,22,297.675,33
95100,297.7,297.75,297.8,297.7,297.75,1532,1532,0.0499878,0.0399902,-3.05E-05,0.249989,0.0357034,297.35,297.566,0.21461,62.0281,72.2228,-0.00176595,1809,-446,74,0,505,287554,467,0.56,0.513137,7,0,14,14,7,5,297.1,22,297.75,51
95200,297.75,297.7,297.8,297.6,297.7,1279,-1279,-0.0499878,0.0399902,-0.150024,0.137914,0.103441,297.4,297.579,0.208964,49.0561,70.002,-0.00142822,1869,-443,83,0,591,287420,-134,0.59,0.514615,7,0,13,14,7,6,297.112,24,297.75,51
95300,297.65,297.75,297.85,297.65,297.75,992,992,0.100006,0.0599915,0.0499878,0.161285,0.0967672,297.4,297.583,0.186453,63.4901,70.002,0.00015869,1896,-442,78,0,605,287626,206,0.45,0.513396,7,0,14,14,7,6,297.112,24,297.75,53
95400,297.75,297.65,297.8,297.6,297.675,376,-376,-0.100006,0.0699951,-0.0500183,0.147055,0.117633,297.4,297.587,0.167365,60.4972,67.1439,-0.00373535,2054,-448,101,0,757,287607,-19,0.48,0.512778,7,0,14,14,8,7,297.15,25,297.75,53
95500,297.6,297.6,297.7,297.55,297.612,698,-698,0,0.0599976,-0.0500183,0.147055,0.147055,297.4,297.591,0.152447,53.1627,58.573,-0.00973307,2034,-447,98,0,683,287597,-10,0.55,0.513455,7,0,13,14,9,8,297.225,27,297.75,53
95600,297.6,297.6,297.75,297.55,297.625,1415,-1415,0,0.05,0.0499878,0.147055,0.147055,297.4,297.601,0.148136,56.8348,47.6202,-0.0118449,2056,-451,37,0,705,287879,282,0.65,0.515893,7,0,12,14,9,8,297.225,27,297.75,53
95700,297.65,297.6,297.65,297.55,297.6,696,-696,-0.0499878,0.05,-0.0499878,0.156246,0.156246,297.4,297.61,0.143581,47.39,40,-0.0135091,2057,-455,29,0,701,288025,146,0.56,0.516667,7,0,11,14,10,8,297.263,29,297.75,53
95800,297.6,297.55,297.65,297.55,297.575,234,-234,-0.0500183,0.0400024,-0.100006,0.161285,0.129036,297.45,297.617,0.140911,45.695,25.7145,-0.0139079,2018,-442,29,0,232,288051,26,0.61,0.518276,7,0,11,13,10,8,297.263,29,297.75,53
95900,297.55,297.6,297.65,297.5,297.587,685,685,0.0500183,0.0300049,0,0.129019,0.161288,297.45,297.625,0.137737,58.6775,22.8581,-0.0122111,1951,-379,11,9,171,287898,-153,0.66,0.520678,7,0,10,13,9,9,297.325,30,297.75,53
100000,297.6,297.55,297.6,297.45,297.537,872,-872,-0.0500183,0.0400085,-0.100006,0.124988,0.187492,297.45,297.629,0.136984,48.1323,22.1425,-0.0127848,1881,-374,-2,9,144,288109,211,0.75,0.5245,7,0,10,12,10,10,297.388,31,297.75,53
100100,297.55,297.6,297.65,297.55,297.6,320,320,0.0500183,0.0500122,-0.0999756,0.0967691,0.193538,297.55,297.634,0.133305,36.6048,23.9277,-0.00910644,1887,-366,-23,11,95,288173,64,0.56,0.525082,7,0,10,12,10,10,297.413,36,297.75,53
100200,297.6,297.55,297.65,297.55,297.575,502,-502,-0.0500183,0.0500183,-0.100006,0.103441,0.137914,297.55,297.631,0.121331,42.6866,23.2121,-0.00736084,1874,-364,-22,11,56,288170,-3,0.6,0.52629,7,0,10,12,10,9,297.413,36,297.75,53
100300,297.55,297.6,297.6,297.55,297.588,269,269,0.0500183,0.0500183,-0.149994,0.0769014,0.153826,297.55,297.629,0.110664,32.2041,31.7837,-0.00536295,1661,-291,-56,22,-236,288175,5,0.48,0.525556,7,0,9,11,11,9,297.413,36,297.75,53
100400,297.55,297.5,297.6,297.45,297.513,785,-785,-0.0499878,0.0500122,-0.0999756,0.0799766,0.199966,297.55,297.624,0.105364,29.1886,29.4019,-0.00725505,1717,-297,-48,22,-167,288318,143,0.77,0.529375,7,0,9,11,11,10,297.413,36,297.75,53
100500,297.45,297.65,297.7,297.45,297.612,1218,1218,0.199982,0.0800049,0.100006,0.148131,0.148108,297.45,297.622,0.0977167,51.0175,37.7357,-0.00362956,1813,-318,-29,17,-110,288453,135,0.64,0.531077,7,0,8,12,10,10,297.413,36,297.75,53
100600,297.65,297.6,297.7,297.55,297.612,360,-360,-0.0499878,0.0799988,0.0500183,0.115376,0.153803,297.45,297.622,0.0910881,47.5153,42.2354,-0.00100505,1814,-316,-19,9,-104,288486,33,0.61,0.532273,7,0,9,12,9,9,297.425,38,297.75,53
100700,297.55,297.5,297.6,297.5,297.525,669,-669,-0.0499878,0.0799927,0.0500183,0.115376,0.192254,297.45,297.616,0.0863368,42.141,41.2355,-0.00353597,1811,-321,-10,7,-86,288525,39,0.62,0.533582,7,0,9,11,10,10,297.425,38,297.75,53
100800,297.5,297.6,297.6,297.45,297.563,607,607,0.100006,0.0899902,0.200043,0.111104,0.222162,297.45,297.613,0.0853294,49.2954,44.6634,-0.00290527,1812,-320,-10,6,-80,288513,-12,0.57,0.534118,7,0,9,11,9,10,297.438,39,297.75,53
100900,297.6,297.65,297.75,297.6,297.663,631,631,0.0499878,0.0899902,0.200012,0.222207,0.185135,297.45,297.616,0.0839442,48.8576,54.6634,0.00168457,1821,-334,-7,4,-20,288572,59,0.64,0.535652,7,0,9,11,9,10,297.45,40,297.75,53
101000,297.65,297.65,297.75,297.6,297.663,451,-451,0,0.0499939,0.250031,0.222207,0.148108,297.45,297.616,0.0815381,56.8033,54.6634,0.00444743,1818,-334,22,-6,-37,288800,228,0.69,0.537857,7,0,9,11,8,10,297.512,41,297.75,53
101100,297.65,297.65,297.65,297.6,297.637,562,562,0,0.0399963,0.200012,0.192305,0.153806,297.45,297.611,0.0705288,54.061,55.9965,0.00468343,1815,-333,14,-5,-28,288695,-105,0.6,0.538732,7,0,9,10,9,10,297.513,64,297.75,53
101200,297.6,297.6,297.65,297.55,297.6,269,269,0,0.0299988,0.250031,0.192305,0.192282,297.45,297.606,0.0651813,56.6807,61.9975,0.00172933,1815,-336,0,-2,109,288671,-24,0.65,0.540278,7,0,8,9,9,11,297.513,64,297.75,53
101300,297.55,297.5,297.6,297.5,297.525,104,-104,-0.0499878,0.0199951,0.150024,0.185184,0.22219,297.45,297.594,0.055155,52.9015,53.3306,-0.00435791,1992,-345,25,-4,227,288674,3,0.7,0.542466,7,0,7,9,10,12,297.513,64,297.75,53
101400,297.55,297.5,297.55,297.5,297.513,282,-282,-0.0499878,0.0199951,0.150024,0.2,0.159985,297.45,297.586,0.053093,63.6628,43.3306,-0.00777588,1989,-346,25,-3,148,288555,-119,0.6,0.543243,7,0,7,9,10,12,297.513,74,297.75,53
101500,297.45,297.5,297.5,297.45,297.487,431,431,0.0499878,0.0299927,3.05E-05,0.142853,0.238069,297.45,297.58,0.0570292,46.8974,33.3306,-0.00959473,2062,-374,35,-7,190,288611,56,0.68,0.545067,7,0,7,8,11,12,297.487,75,297.75,53
101600,297.45,297.4,297.5,297.3,297.4,2003,-2003,-0.0500183,0.0399963,0,0.136361,0.363639,297.45,297.569,0.0680106,28.9159,24.4426,-0.0130941,2075,-373,36,-5,212,288695,84,0.81,0.548553,7,0,7,7,11,13,297.4,76,297.75,53
101700,297.4,297.6,297.6,297.4,297.55,1642,1642,0.200012,0.0799988,0.25,0.208337,0.291676,297.4,297.566,0.0683721,54.806,27.7763,-0.00622559,2066,-376,35,-6,198,288646,-49,0.61,0.549351,7,0,8,8,11,13,297.4,76,297.75,53
101800,297.6,297.5,297.6,297.45,297.513,649,-649,-0.100006,0.0900024,0.0499878,0.208337,0.250019,297.4,297.563,0.0687339,42.9131,33.3329,-0.00303548,2235,-486,60,-21,262,288635,-11,0.48,0.548461,7,0,9,8,10,12,297.4,76,297.75,53
101900,297.5,297.3,297.5,297.3,297.35,1814,-1814,-0.200012,0.120007,-0.200012,0.0800049,0.360034,297.4,297.551,0.0796325,25.343,30.0002,-0.00811361,2201,-484,55,-21,233,288480,-155,0.58,0.548861,7,0,8,7,11,13,297.35,79,297.75,53
102000,297.3,297.25,297.3,297.25,297.263,513,-513,-0.0499878,0.120007,-0.25,0.0869623,0.434811,297.3,297.538,0.0977137,23.4852,26.6676,-0.0141927,2182,-481,27,-19,219,288352,-128,0.7,0.55075,7,0,7,7,12,14,297.263,80,297.75,53
102100,297.3,297.25,297.3,297.2,297.25,900,-900,-0.0499878,0.120001,-0.299988,0.0833397,0.458356,297.3,297.52,0.114608,23.4852,24.4447,-0.0174561,2168,-483,25,-19,206,288221,-131,0.66,0.552099,7,0,6,6,12,15,297.25,81,297.75,53
102200,297.25,297.25,297.35,297.25,297.275,519,-519,0,0.0799988,-0.299988,0.125022,0.416673,297.25,297.505,0.124414,24.4251,13.6104,-0.0149455,2147,-498,12,-17,2,288051,-170,0.46,0.550976,7,0,7,7,12,14,297.25,81,297.75,53
102300,297.25,297.05,297.25,297.05,297.1,2004,-2004,-0.200012,0.1,-0.450012,0.115404,0.500023,297.25,297.481,0.148317,19.0492,4.7212,-0.0181681,2079,-488,0,-16,-52,287864,-187,0.65,0.552169,7,0,6,6,13,15,297.1,83,297.675,54
102400,297.05,297.2,297.2,297.05,297.163,800,800,0.150024,0.0900024,-0.25,0.107158,0.464295,297.05,297.463,0.162255,25.9161,10.1764,-0.0144653,1985,-450,-11,-10,-153,287769,-95,0.65,0.553333,7,0,6,6,13,14,297.1,83,297.663,70
102500,297.2,297.2,297.25,297.15,297.2,486,486,0,0.0800049,-0.299988,0.137935,0.413806,297.05,297.443,0.171004,25.9161,15.6317,-0.00858155,1981,-445,-36,5,-166,287823,54,0.7,0.555059,7,0,7,7,12,13,297.1,83,297.663,70
102600,297.2,297.25,297.35,297.15,297.25,697,697,0.0499878,0.0800049,-0.199982,0.206903,0.310344,297.05,297.424,0.175389,38.6702,20.6829,-0.00118408,1858,-417,-49,9,-249,287881,58,0.64,0.556047,7,0,7,7,12,13,297.1,83,297.663,70
102700,297.3,297.25,297.3,297.25,297.263,102,-102,-0.0499878,0.0900024,-0.449982,0.153853,0.346158,297.05,297.411,0.177393,23.1078,25.4564,0.00517171,1823,-419,-51,8,-345,287852,-29,0.51,0.555517,7,0,8,7,12,13,297.1,83,297.663,70
102800,297.3,297.2,297.3,297.2,297.225,279,-279,-0.0999756,0.0699951,-0.449951,0.16001,0.4,297.05,297.394,0.18046,24.5102,32.1239,0.00616048,1771,-394,-56,12,-340,287778,-74,0.54,0.555341,7,0,8,7,12,14,297.1,83,297.663,70
102900,297.25,297.2,297.3,297.2,297.225,206,-206,-0.0499878,0.0499878,-0.299927,0.173929,0.304336,297.05,297.372,0.182767,34.8738,36.6697,0.00605469,1690,-389,-65,15,-400,287812,34,0.64,0.556292,7,0,8,7,12,13,297.1,83,297.663,70
103000,297.2,297.05,297.25,297.05,297.1,775,-775,-0.150024,0.0799927,-0.399963,0.153857,0.346166,297.05,297.344,0.189391,32.8701,31.2144,-0.000162765,1693,-387,-55,14,-379,287799,-13,0.44,0.555,7,0,8,7,12,13,297.1,90,297.663,70
103100,297.05,296.75,297.05,296.75,296.825,4428,-4428,-0.299988,0.129993,-0.649963,0.133341,0.466675,297.05,297.304,0.214795,16.6757,23.9415,-0.0157267,1755,-393,-32,8,-287,287361,-438,0.48,0.554176,7,0,7,6,13,14,296.825,91,297.663,70
103200,296.75,296.5,296.8,296.5,296.575,3317,-3317,-0.25,0.169995,-0.899963,0.0882327,0.558837,296.75,297.252,0.259655,12.1832,16.6686,-0.0334717,1915,-529,-9,-12,-205,286839,-522,0.64,0.555109,7,0,7,6,14,15,296.575,92,297.663,70
103300,296.5,296.65,296.7,296.45,296.612,2551,2551,0.149994,0.179999,-0.549957,0.0857123,0.457144,296.5,297.207,0.292659,31.5114,14.4451,-0.0368001,1913,-529,7,-16,-151,286702,-137,0.76,0.557312,7,0,7,6,14,16,296.575,92,297.663,70
103400,296.65,296.75,296.8,296.6,296.725,934,934,0.100006,0.190002,-0.599976,0.138878,0.444456,296.5,297.168,0.309144,32.2121,11.1105,-0.0263591,1913,-585,12,-23,-208,286826,124,0.66,0.558404,7,0,8,7,14,15,296.575,92,297.663,70
103500,296.75,296.7,296.75,296.65,296.7,969,-969,-0.0499878,0.169995,-0.649963,0.111105,0.444456,296.5,297.128,0.322905,29.9751,16.6661,-0.0149862,1767,-571,0,-25,-245,286511,-315,0.68,0.559684,7,0,9,6,15,15,296.575,92,297.663,70
103600,296.7,296.8,296.8,296.7,296.775,724,724,0.0999756,0.129993,-0.599976,0.0882194,0.470611,296.5,297.097,0.329083,30.1047,24.9011,-0.00139973,1879,-582,27,-27,-107,286540,29,0.69,0.561042,7,0,9,7,15,15,296.575,92,297.663,70
103700,296.8,296.75,296.85,296.7,296.763,941,-941,-0.0499878,0.0899902,-0.599976,0.111107,0.444463,296.5,297.058,0.335367,28.2056,31.9598,0.00578612,1887,-594,27,-29,-84,286604,64,0.68,0.562268,7,0,9,8,14,14,296.575,92,297.663,70
103800,296.75,296.8,296.85,296.75,296.8,419,419,0.0499878,0.069989,-0.450012,0.111105,0.416684,296.5,297.022,0.338858,30.7272,35.7507,0.0109904,1904,-601,21,-29,2,286500,-104,0.44,0.56102,7,0,10,8,14,13,296.575,92,297.663,70
103900,296.8,296.75,296.85,296.75,296.775,953,-953,-0.0499878,0.0599854,-0.450012,0.111104,0.416677,296.5,296.993,0.339591,28.898,36.5841,0.0126546,1733,-579,-26,-7,-152,286421,-79,0.4,0.559394,7,0,9,7,14,13,296.575,92,297.663,70
104000,296.8,296.75,296.8,296.75,296.763,404,-404,-0.0499878,0.0599854,-0.349976,0.121206,0.363636,296.5,296.968,0.337171,30.3699,41.0285,0.012203,1762,-588,-21,-8,-188,286356,-65,0.38,0.5576,7,0,9,7,15,13,296.575,92,297.637,71
104100,296.75,296.75,296.85,296.65,296.75,729,0,0,0.0399902,-0.0499878,0.129024,0.258068,296.5,296.943,0.334524,42.82,47.7931,0.0112264,1771,-588,-20,0,-203,286431,75,0.44,0.556436,7,0,9,8,14,14,296.575,92,297.6,72
104200,296.75,296.7,296.8,296.7,296.725,293,-293,-0.0499878,0.0399902,0.150024,0.148141,0.111111,296.5,296.916,0.333336,59.4488,53.2346,0.00930583,1721,-567,-6,0,-230,286435,4,0.4,0.554902,7,0,10,8,15,13,296.575,92,297.55,77
104300,296.7,296.7,296.75,296.65,296.7,655,655,0,0.0299927,3.05E-05,0.166658,0.125025,296.5,296.896,0.326198,39.6906,53.0001,0.00743002,1682,-570,-28,1,-216,286245,-190,0.37,0.553107,7,0,10,8,15,13,296.575,92,297.55,77
104400,296.7,296.5,296.7,296.5,296.55,1104,-1104,-0.200012,0.0599976,-0.299988,0.0833397,0.250019,296.5,296.865,0.325507,21.1593,45.5003,-0.000138342,1690,-570,-28,3,-76,286174,-71,0.47,0.552308,7,0,10,8,15,14,296.55,104,297.55,77
104500,296.55,296.55,296.6,296.45,296.537,870,870,0,0.05,-0.25,0.0800068,0.280012,296.5,296.832,0.327827,37.9502,40.4992,-0.00386555,1678,-569,-32,4,-188,286130,-44,0.36,0.550476,7,0,10,8,15,14,296.537,105,297.55,77
104600,296.6,296.6,296.7,296.5,296.6,1156,0,0,0.05,-0.349976,0.111129,0.259263,296.5,296.799,0.328539,42.618,32.9993,-0.00121257,1792,-603,8,-3,-104,286140,10,0.65,0.551415,7,0,11,9,15,13,296.537,105,297.55,77
104700,296.6,296.75,296.75,296.55,296.7,769,769,0.149994,0.0700012,-0.149994,0.107137,0.25,296.5,296.771,0.327536,57.7603,35.4988,0.00684001,1802,-620,5,-4,-121,286064,-76,0.38,0.549813,7,0,11,9,15,13,296.537,105,297.513,78
104800,296.75,296.65,296.8,296.65,296.688,429,-429,-0.100006,0.0900024,-0.299988,0.137917,0.241381,296.5,296.744,0.325701,50.137,37.4975,0.012085,1809,-615,5,-3,40,286104,40,0.61,0.55037,7,0,11,10,15,13,296.537,105,297.35,79
104900,296.7,296.85,296.85,296.7,296.813,775,775,0.149994,0.0799988,-0.100006,0.161288,0.225808,296.5,296.724,0.324659,66.1617,57.4975,0.0199382,1773,-617,7,-7,-18,286181,77,0.71,0.551835,7,0,12,11,14,12,296.537,105,297.275,82
105000,296.85,297,297.05,296.85,296.975,1428,1428,0.149994,0.109998,0.0999756,0.264693,0.205884,296.5,296.718,0.325446,73.2489,70.8323,0.0297607,1753,-615,10,-6,-45,286009,-172,0.5,0.551364,7,0,13,12,13,11,296.537,105,297.275,82
105100,297,296.9,297,296.9,296.925,352,-352,-0.100006,0.129999,-3.05E-05,0.281237,0.156249,296.5,296.723,0.312801,69.6533,78.3325,0.0298584,1763,-615,10,-6,-6,286019,10,0.57,0.551532,7,0,14,12,14,10,296.537,105,297.275,82
105200,296.9,296.9,296.95,296.85,296.9,252,-252,0,0.1,0.0499573,0.281232,0.187488,296.5,296.739,0.279031,72.6185,78.3329,0.0256632,1631,-571,-6,0,-52,285976,-43,0.46,0.550714,7,0,13,11,15,11,296.537,105,297.263,87
105300,296.9,296.95,297.05,296.9,296.962,484,484,0.0500183,0.0900024,0.0999756,0.333303,0.151494,296.55,296.756,0.248308,74.4188,85.001,0.0225301,1630,-559,-23,6,-49,285907,-69,0.31,0.548584,7,0,14,12,14,10,296.537,105,297.263,87
105400,297,296.95,297,296.9,296.95,452,-452,-0.0499878,0.0700012,0.25,0.354807,0.0644996,296.55,296.768,0.230562,87.5282,81.6684,0.0175415,1648,-566,-22,7,-27,285886,-21,0.44,0.547632,7,0,14,12,14,10,296.537,105,297.263,87
105500,296.9,296.95,297.05,296.9,296.962,408,408,0.0500183,0.0500061,0.300018,0.387057,0.0322498,296.55,296.781,0.213834,85.518,79.6991,0.0144084,1630,-570,-25,6,-129,285841,-45,0.41,0.546435,7,0,13,12,14,10,296.537,105,297.263,87
105600,296.9,297.05,297.05,296.9,297.012,434,434,0.149994,0.0600037,0.450012,0.333293,0.0333252,296.55,296.793,0.205973,83.2834,84.6991,0.0137085,1744,-688,-4,-10,-126,285750,-91,0.48,0.545862,7,0,13,11,14,10,296.537,105,297.263,87
105700,297,297.05,297.1,297,297.05,316,316,0.0499878,0.0700012,0.350006,0.357123,0.0357057,296.55,296.807,0.202856,79.9913,87.4762,0.0133789,1712,-677,-5,-8,-159,285797,47,0.41,0.544701,7,0,13,12,13,10,296.537,105,297.225,89
105800,297.1,297.05,297.15,297.05,297.075,352,-352,-0.0500183,0.0700012,0.399994,0.370346,0.0370278,296.55,296.821,0.205276,89.8646,86.3639,0.0130575,1529,-611,-33,0,-238,285727,-70,0.53,0.544576,7,0,14,13,13,9,296.537,105,297.225,89
105900,297.05,297,297.05,296.9,296.987,636,-636,-0.0499878,0.0700012,0.200012,0.34612,0.153834,296.55,296.831,0.202714,70.3664,79.6966,0.0071167,1490,-587,-20,-2,-235,285787,60,0.45,0.543782,7,0,14,13,14,10,296.537,105,297.1,90
110000,297,297,297,296.95,296.987,206,206,0,0.0599976,0.0500183,0.217366,0.173898,296.55,296.842,0.200137,48.1651,73.3321,0.00229899,1660,-630,4,-10,-118,285791,4,0.48,0.54325,7,0,15,13,14,9,296.537,105,297.075,118
110100,296.95,297.15,297.3,296.95,297.138,1564,1564,0.199982,0.0699951,0.350006,0.392837,0.142848,296.55,296.862,0.204629,79.6075,66.6655,0.00591634,1799,-662,21,-13,77,285916,125,0.63,0.543967,7,0,15,14,13,8,296.537,105,297.138,121
110200,297.2,297.35,297.35,297.2,297.313,1130,1130,0.149994,0.0899963,0.5,0.399992,0.099998,296.55,296.891,0.220375,85.0353,68.8884,0.0155314,1902,-710,38,-20,121,285856,-60,0.55,0.544016,7,0,16,15,12,7,296.537,105,297.313,122
110300,297.35,297.35,297.4,297.15,297.313,1665,1665,0,0.0799927,0.449982,0.312505,0.12501,296.55,296.922,0.231949,83.1121,71.3338,0.0196615,1754,-702,1,-2,-30,285861,5,0.56,0.544146,7,0,16,16,11,7,296.537,105,297.313,123
110400,297.4,297.45,297.55,297.3,297.438,1695,1695,0.0500183,0.0799988,0.549988,0.371432,0.114295,296.55,296.966,0.245473,88.3593,78.2576,0.0243856,1747,-705,5,-4,-18,285920,59,0.51,0.543871,7,0,16,16,11,7,296.537,105,297.438,124
110500,297.45,297.4,297.5,297.35,297.413,558,-558,-0.0500183,0.0900024,0.449951,0.342867,0.114295,296.6,297.01,0.253117,80.1605,83.6424,0.0211182,1697,-710,24,-14,-69,285796,-124,0.63,0.54456,7,0,16,16,11,7,296.537,105,297.438,124
110600,297.4,297.45,297.5,297.3,297.425,804,804,0.0500183,0.0600098,0.349976,0.333339,0.138907,296.6,297.051,0.262215,81.3122,87.2328,0.015743,1566,-697,10,-15,-166,285859,63,0.77,0.546349,7,0,15,15,11,8,296.537,105,297.438,124
110700,297.45,297.55,297.55,297.45,297.525,798,798,0.0999756,0.0500061,0.399963,0.333328,0.138909,296.7,297.092,0.278149,83.3892,87.2328,0.0148031,1370,-704,-41,-10,-252,285717,-142,0.67,0.547323,7,0,16,15,11,8,296.537,105,297.525,127
110800,297.5,297.5,297.55,297.45,297.5,684,0,0,0.0500061,0.449982,0.305561,0.138912,296.7,297.133,0.289825,76.1366,87.6943,0.0102417,1306,-692,-70,-4,-289,285740,23,0.58,0.547578,7,0,15,15,11,8,296.537,105,297.525,127
110900,297.55,297.55,297.6,297.5,297.55,633,-633,0,0.0400024,0.499969,0.342873,0.0571658,296.85,297.17,0.301545,84.2059,89.2314,0.00827636,1295,-694,-86,2,-429,285708,-32,0.63,0.548217,7,0,16,16,11,8,296.537,105,297.55,129
111000,297.55,297.65,297.75,297.55,297.65,1712,1712,0.100006,0.05,0.599976,0.394744,0.0526519,296.9,297.204,0.312703,87.0311,91.3465,0.00973308,1303,-684,-64,2,-518,285984,276,0.68,0.549231,7,0,17,17,10,8,296.537,105,297.65,130
111100,297.65,297.75,297.75,297.6,297.712,422,422,0.100006,0.0599976,0.5,0.264716,0.0588457,296.9,297.243,0.32557,85.2788,94.4227,0.0109212,1267,-685,-68,2,-610,286049,65,0.65,0.55,7,0,18,16,10,7,296.537,105,297.712,131
111200,297.75,297.85,297.9,297.7,297.825,2264,2264,0.100006,0.0600037,0.450012,0.323532,0.0588468,296.9,297.289,0.344382,87.0276,93.0897,0.0146444,1260,-713,-62,0,-505,286330,281,0.66,0.550833,8,0,18,17,9,7,296.537,105,297.825,132
111300,297.85,297.8,298,297.7,297.825,2298,-2298,-0.0500183,0.0700073,0.399994,0.371438,0.0285829,296.9,297.332,0.359066,70.1654,88.9132,0.013387,1249,-729,-45,-4,-522,286628,298,0.76,0.552406,8,0,18,18,8,6,296.537,105,297.825,133
111400,297.85,297.85,297.85,297.7,297.813,861,861,0,0.0700073,0.349976,0.303043,0.0303154,296.9,297.376,0.369148,67.9151,86.1668,0.0084554,1098,-768,-38,-9,-657,286650,22,0.71,0.553582,8,0,18,18,8,5,296.537,105,297.825,133
111500,297.85,297.85,297.95,297.8,297.862,664,-664,0,0.0500061,0.399994,0.363648,0.0303148,296.9,297.421,0.380114,71.5292,84.3815,0.00511068,1147,-806,-22,-16,-528,286894,244,0.73,0.554889,8,0,19,19,7,4,296.6,106,297.862,135
111600,297.9,297.85,297.95,297.85,297.875,987,-987,-0.0499878,0.0400024,0.299988,0.387111,0,296.95,297.464,0.388763,69.1649,78.9271,0.00137533,1166,-826,-18,-18,-326,287218,324,0.68,0.555809,8,0,19,18,7,4,296.688,108,297.875,136
111700,297.85,297.8,297.85,297.75,297.8,813,-813,-0.0500183,0.0300049,0.149994,0.354853,0.0645206,296.95,297.501,0.390697,60.8208,72.9868,-0.00544433,1382,-871,11,-26,-103,287231,13,0.59,0.556058,8,0,18,17,8,5,296.688,108,297.875,136
111800,297.75,297.75,297.8,297.7,297.75,492,0,0,0.0200012,0.149994,0.354853,0.096771,296.95,297.535,0.389238,62.0469,68.7013,-0.0124308,1368,-872,14,-26,-105,287299,68,0.56,0.556087,8,0,17,16,9,6,296.813,109,297.875,136
111900,297.75,297.7,297.75,297.7,297.713,319,-319,-0.0499878,0.0299988,0.100006,0.33334,0.099998,296.95,297.571,0.389112,57.2767,59.6543,-0.0183716,1359,-872,14,-22,-132,287378,79,0.64,0.556691,8,0,16,15,10,6,296.9,112,297.875,136
112000,297.7,297.7,297.75,297.7,297.713,241,-241,0,0.0299988,0,0.259274,0.111111,296.95,297.607,0.388604,47.489,48.9402,-0.0207316,1352,-870,14,-20,-100,287370,-8,0.5,0.556286,8,0,15,14,10,6,296.9,112,297.875,136
112100,297.7,297.75,297.75,297.65,297.725,375,375,0.0499878,0.0299988,-0.0500183,0.269244,0.153861,297.2,297.637,0.384248,47.1567,40.1092,-0.0196777,1390,-884,41,-16,-41,287403,33,0.62,0.556738,8,0,14,14,9,7,296.9,112,297.875,136
112200,297.8,297.7,297.8,297.7,297.725,153,-153,-0.0999756,0.0399902,-0.25,0.208342,0.166684,297.35,297.657,0.373605,23.2707,30.2406,-0.0176839,1384,-884,33,-11,-20,287440,37,0.68,0.557606,8,0,15,15,8,6,296.95,114,297.875,136
112300,297.7,297.75,297.75,297.7,297.737,262,262,0.0499878,0.0499878,-0.149994,0.157896,0.21055,297.4,297.679,0.364115,45.7406,26.9073,-0.0150431,1375,-913,29,-12,132,287437,-3,0.63,0.558112,8,0,14,14,9,6,296.95,114,297.875,136
112400,297.75,297.8,297.8,297.75,297.787,97,97,0.0499878,0.0499878,-0.100006,0.235288,0.235324,297.4,297.696,0.349359,29.229,30.2387,-0.0108114,1197,-967,-26,-13,-111,287422,-15,0.54,0.557986,8,0,15,15,8,6,296.962,115,297.875,136
112500,297.8,297.75,297.8,297.7,297.75,505,-505,-0.0499878,0.0599854,-0.149994,0.124986,0.312541,297.4,297.713,0.337419,24.335,31.905,-0.0100708,1197,-966,-24,-13,-109,287534,112,0.82,0.559793,8,0,15,14,8,7,296.987,120,297.875,136
112600,297.8,298.1,298.1,297.75,298.013,2529,2529,0.300018,0.109991,0.200012,0.380984,0.238119,297.45,297.742,0.331776,58.8592,46.1905,0.00248617,1258,-1026,-14,-22,-279,287612,78,0.62,0.560205,9,0,16,15,8,7,296.987,120,298.013,146
112700,298.1,297.95,298.15,297.85,297.975,1063,-1063,-0.149994,0.119995,0.100037,0.36002,0.120007,297.5,297.765,0.321655,56.3141,55.333,0.00669352,1293,-1016,-8,-20,-219,288459,847,0.68,0.56102,9,0,16,15,8,7,296.987,120,298.013,146
112800,297.9,297.85,297.9,297.8,297.85,314,-314,-0.0499878,0.119995,0.0500488,0.346159,0.11541,297.55,297.783,0.311383,58.0967,56.6669,0.00117187,1262,-1012,-18,-18,-237,288472,13,0.55,0.560946,9,0,15,14,9,8,296.987,120,298.013,146
112900,297.85,297.8,297.85,297.7,297.787,574,-574,-0.0500183,0.120001,0.0500183,0.321431,0.17858,297.55,297.794,0.299573,55.574,52.6676,-0.00655111,1235,-950,-21,-9,-197,288683,211,0.57,0.561007,9,0,15,14,9,8,296.987,120,298.013,146
113000,297.8,297.8,297.85,297.8,297.813,305,-305,0,0.110004,0.0500183,0.321424,0.178576,297.65,297.803,0.282483,55.574,52.0007,-0.0114339,1046,-1036,-47,-17,-496,288720,37,0.55,0.560933,9,0,15,14,8,8,297.138,121,298.013,146
113100,297.75,297.8,297.8,297.75,297.787,103,103,0.0499878,0.0599976,0.0500183,0.333333,0.18517,297.7,297.806,0.263415,52.5453,36.4443,-0.0136922,1090,-1047,-15,-11,-457,288699,-21,0.54,0.560795,9,0,15,13,9,9,297.313,123,298.013,146
113200,297.8,297.75,297.8,297.75,297.763,290,-290,-0.0499878,0.0399963,0.100006,0.307698,0.192291,297.7,297.803,0.235693,51.268,26.6653,-0.0141235,1032,-909,-23,8,-339,288697,-2,0.52,0.560526,9,0,14,12,9,9,297.313,123,298.013,146
113300,297.8,297.75,297.85,297.75,297.775,179,-179,-0.0499878,0.0399963,3.05E-05,0.333348,0.185166,297.7,297.801,0.20742,48.8928,20.8866,-0.0126099,968,-832,-41,27,-94,288810,113,0.74,0.561699,9,0,14,12,9,8,297.413,125,298.013,146
113400,297.75,297.8,297.8,297.75,297.787,82,82,0.0499878,0.0399902,3.05E-05,0.29632,0.185166,297.7,297.799,0.184472,48.7497,19.3304,-0.0105428,914,-801,-54,30,-118,288783,-27,0.7,0.562597,9,0,13,11,10,8,297.413,125,298.013,146
113500,297.75,297.75,297.8,297.75,297.763,69,-69,0,0.0399902,0.0500183,0.307714,0.153834,297.7,297.794,0.155308,53.0663,15.5524,-0.00970866,959,-827,-43,26,-100,288783,0,0.75,0.563806,9,0,12,11,9,8,297.425,126,298.013,146
113600,297.75,297.85,297.9,297.75,297.837,361,361,0.100006,0.0499939,-0.149994,0.181833,0.181806,297.7,297.792,0.124102,16.0889,17.7755,-0.00516764,859,-790,-53,22,-208,288767,-16,0.74,0.564936,9,0,12,12,9,7,297.5,128,298.013,146
113700,297.85,297.85,297.9,297.8,297.85,132,132,0,0.0399963,0,0.166695,0.222203,297.7,297.795,0.105307,26.2149,30.5545,-0.00199788,846,-775,-28,37,-179,288786,19,0.6,0.565159,9,0,12,11,9,7,297.5,128,298.013,146
113800,297.85,297.7,297.9,297.7,297.75,420,-420,-0.149994,0.0599976,-0.100006,0.157929,0.263107,297.7,297.795,0.0939036,24.6691,28.3327,-0.00510661,901,-736,-27,44,-120,288875,89,0.49,0.564683,9,0,12,11,9,8,297.55,129,298.013,146
113900,297.7,297.65,297.75,297.6,297.663,369,-369,-0.0500183,0.0600037,-0.100006,0.157929,0.263139,297.7,297.793,0.0924797,27.8502,27.2219,-0.0108927,901,-736,-18,24,155,288898,23,0.55,0.564591,9,0,11,10,10,9,297.65,130,298.013,146
114000,297.7,297.6,297.7,297.6,297.625,407,-407,-0.100006,0.0800049,-0.200012,0.150034,0.249985,297.7,297.788,0.0956805,22.1789,25.0001,-0.0155924,1012,-751,6,11,218,288892,-6,0.7,0.565437,9,0,10,9,11,9,297.625,160,298.013,146
114100,297.65,297.6,297.65,297.55,297.6,433,-433,-0.0499878,0.0700012,-0.299988,0.142886,0.238105,297.65,297.782,0.102423,22.1789,21.1916,-0.0175212,801,-554,-16,35,124,288852,-40,0.53,0.565217,9,0,9,9,12,10,297.6,161,298.013,146
114200,297.55,297.6,297.6,297.55,297.588,154,154,0.0500183,0.0800049,-0.199982,0.142882,0.238098,297.55,297.775,0.109723,25.9451,9.04893,-0.0163167,608,-548,-50,39,-76,288848,-4,0.53,0.565,9,0,8,8,13,10,297.588,162,298.013,146
114300,297.6,297.55,297.6,297.45,297.537,721,-721,-0.0500183,0.0600098,-0.200012,0.0909167,0.318167,297.55,297.765,0.120717,18.2474,13.4925,-0.0155843,582,-576,-39,30,-107,288937,89,0.62,0.565337,9,0,8,7,13,11,297.537,163,298.013,146
114400,297.55,297.55,297.6,297.55,297.563,194,-194,0,0.0500061,-0.25,0.0909141,0.318158,297.55,297.754,0.126264,15.39,14.6034,-0.0121623,591,-595,-36,25,-136,288901,-36,0.67,0.565976,9,0,9,7,12,11,297.537,163,298.013,146
114500,297.55,297.55,297.6,297.55,297.563,77,-77,0,0.0300049,-0.25,0.0909116,0.318149,297.55,297.744,0.132111,15.8563,19.0469,-0.00869548,550,-585,-50,21,-104,288906,5,0.65,0.566485,9,0,8,6,12,11,297.537,163,298.013,146
114600,297.55,297.55,297.6,297.5,297.55,330,-330,0,0.0200073,-0.350006,0,0.3809,297.55,297.721,0.126567,0,20.6323,-0.00614014,525,-562,-53,24,-108,289016,110,0.78,0.567771,9,0,7,6,12,12,297.537,163,298.013,146
114700,297.55,297.7,297.7,297.55,297.663,577,577,0.150024,0.0400085,-0.199982,0.0909091,0.363581,297.55,297.706,0.117434,23.1366,28.8857,0.00150147,446,-542,-80,29,-261,288955,-61,0.65,0.568263,9,0,8,7,11,11,297.537,163,298.013,146
114800,297.7,297.7,297.7,297.65,297.688,161,161,0,0.0300049,-0.0499878,0.105258,0.315742,297.55,297.698,0.116503,27.8245,41.1095,0.00683187,455,-544,-49,1,-254,289074,119,0.76,0.569405,9,0,9,7,10,10,297.537,163,298.013,146
114900,297.7,297.7,297.75,297.65,297.7,680,680,0,0.0300049,3.05E-05,0.166638,0.222173,297.55,297.693,0.116487,33.8477,53.3333,0.00980225,553,-576,-7,-4,-284,288961,-113,0.75,0.570473,9,0,9,8,9,10,297.537,163,298.013,146
115000,297.7,297.7,297.75,297.7,297.713,339,-339,0,0.0300049,0.100037,0.176443,0.235246,297.55,297.688,0.116618,44.4627,65.5571,0.0108358,591,-578,1,0,-234,288930,-31,0.69,0.571176,9,0,10,8,9,10,297.537,163,298.013,146
115100,297.7,297.7,297.75,297.7,297.713,175,-175,0,0.0300049,0.150024,0.187474,0.187436,297.55,297.684,0.116729,44.4627,77.7809,0.00952962,628,-635,5,-5,-67,288953,23,0.75,0.572222,9,0,10,8,9,9,297.537,163,298.013,146
115200,297.7,297.75,297.75,297.7,297.737,362,362,0.0499878,0.00999756,0.149994,0.187481,0.187443,297.55,297.683,0.116983,56.5785,86.6694,0.00894775,571,-627,3,-6,-62,288926,-27,0.78,0.57343,9,0,9,7,9,9,297.537,163,298.013,146
115300,297.75,297.75,297.75,297.75,297.75,3,0,0,0.00999756,0.200012,0.23074,0.0768978,297.55,297.682,0.117906,100,90.002,0.00837809,533,-602,1,-5,-65,288962,36,0.68,0.574046,9,0,10,7,8,9,297.537,163,298.013,146
115400,297.8,297.7,297.8,297.7,297.725,300,-300,-0.0999756,0.0299927,0.100037,0.214273,0.0714099,297.55,297.679,0.118482,75.7838,86.6694,0.00609131,467,-580,3,-5,-78,288811,-151,0.72,0.574885,9,0,9,7,8,10,297.537,163,298.013,146
115500,297.7,297.75,297.8,297.7,297.75,548,548,0.0499878,0.0399902,0.150024,0.2,0.0666531,297.55,297.678,0.119407,83.2109,86.6694,0.00530192,285,-531,-24,1,-209,288980,169,0.79,0.576114,9,0,9,7,8,9,297.537,163,298.013,146
115600,297.75,297.75,297.75,297.7,297.737,7,7,0,0.0399902,0.150024,0.214292,0,297.55,297.673,0.119815,83.2109,86.003,0.00359701,282,-537,-38,5,-159,288976,-4,0.71,0.576875,9,0,8,6,9,9,297.537,163,297.975,147
115700,297.75,297.7,297.75,297.7,297.713,141,-141,-0.0499878,0.0399902,-0.0499878,0.0833249,0,297.55,297.666,0.119713,67.3587,72.6724,0.00113118,395,-590,-28,-1,-106,288975,-1,0.69,0.577514,9,0,7,5,9,9,297.537,163,297.85,157
115800,297.7,297.65,297.75,297.65,297.675,303,-303,-0.0500183,0.0499939,-0.100006,0.0769159,0.0769628,297.55,297.663,0.119636,55.0209,52.6724,-0.0020223,344,-564,-40,10,-197,289027,52,0.51,0.577135,9,0,7,5,8,9,297.537,163,297.85,157
115900,297.65,297.65,297.65,297.55,297.625,309,309,0,0.0299988,-0.100006,0,0.230841,297.55,297.661,0.116693,55.0209,47.3382,-0.00603434,363,-585,-29,6,-235,289104,77,0.54,0.576927,9,0,7,5,8,9,297.537,163,297.85,157
120000,297.65,297.65,297.7,297.65,297.663,132,-132,0,0.0200012,-0.100006,0.0769592,0.230831,297.55,297.663,0.111444,55.0209,38.6713,-0.00573324,318,-572,-30,4,-247,289093,-11,0.7,0.577611,9,0,7,6,8,9,297.537,163,297.85,157
120100,297.65,297.7,297.7,297.65,297.688,17,17,0.0500183,0.0300049,-0.0499878,0.0769556,0.23082,297.55,297.667,0.103823,55.4785,34.6723,-0.00338949,291,-579,-25,0,-232,289100,7,0.61,0.57779,9,0,7,6,7,8,297.537,163,297.85,157
120200,297.65,297.6,297.65,297.6,297.612,126,-126,-0.0499878,0.0300049,-0.149963,0.0714566,0.285739,297.55,297.668,0.0952637,39.377,32.0044,-0.00477702,123,-566,-23,-5,-374,289029,-71,0.63,0.578077,9,0,7,6,8,9,297.537,163,297.85,157
120300,297.65,297.65,297.65,297.6,297.637,288,288,0,0.0200012,-0.149963,0.0666938,0.266694,297.55,297.673,0.0804472,49.5078,40.0049,-0.00385335,111,-563,-24,-3,-339,289046,17,0.65,0.57847,9,0,7,5,8,9,297.537,163,297.85,157
120400,297.65,297.7,297.7,297.65,297.688,85,85,0.0500183,0.0300049,3.05E-05,0.142907,0.285727,297.55,297.679,0.0687263,62.204,44.0063,-0.000939941,139,-577,-36,1,-192,289072,26,0.69,0.579076,9,0,8,6,7,9,297.537,163,297.85,157
120500,297.7,297.7,297.7,297.65,297.688,223,223,0,0.0300049,-0.0499573,0.153889,0.307685,297.55,297.686,0.0560771,40.6225,51.0074,0.000939941,146,-577,-28,-1,-176,289090,18,0.6,0.579189,9,0,8,6,7,9,297.537,163,297.85,157
120600,297.7,297.7,297.7,297.7,297.7,6,0,0,0.0200012,-0.0499573,0.166709,0.333316,297.55,297.693,0.0409992,40.6225,54.007,0.00291748,310,-690,-7,-15,-185,289092,2,0.63,0.579462,9,0,9,5,7,9,297.537,163,297.85,157
120700,297.7,297.6,297.7,297.6,297.625,139,-139,-0.100006,0.0300049,-0.0999756,0.153882,0.461506,297.65,297.691,0.0411553,40.709,55.007,-0.000150553,232,-694,-12,-17,-242,289088,-4,0.53,0.579198,9,0,8,5,7,10,297.537,163,297.75,175
120800,297.6,297.6,297.65,297.55,297.6,274,274,0,0.0300049,-0.0499573,0.153882,0.461506,297.6,297.687,0.0453996,59.5437,53.6746,-0.00343018,415,-796,17,-31,-159,289026,-62,0.7,0.57984,9,0,8,5,8,10,297.537,163,297.75,175
120900,297.65,297.7,297.7,297.65,297.688,16,16,0.0500183,0.0300049,6.10E-05,0.230823,0.307671,297.6,297.686,0.0453786,60.5085,61.6726,-0.000764974,399,-784,39,-31,-131,289024,-2,0.57,0.579788,9,0,9,6,7,9,297.537,163,297.75,175
121000,297.65,297.6,297.75,297.6,297.638,261,-261,-0.0499878,0.0400024,-0.0499268,0.133371,0.266661,297.6,297.682,0.0455128,43.5631,51.6726,-0.00107015,928,-1017,116,-64,199,289035,11,0.63,0.580053,9,0,9,7,6,10,297.537,163,297.75,175
121100,297.65,297.6,297.65,297.55,297.6,112,-112,-0.0499878,0.05,-0.149933,0.125038,0.312519,297.6,297.677,0.0481096,42.5144,41.6726,-0.00230306,863,-992,103,-59,314,289034,-1,0.64,0.580366,9,0,9,7,6,10,297.537,163,297.75,175
121200,297.6,297.6,297.65,297.6,297.612,206,-206,0,0.0299988,-0.0999451,0.133377,0.266713,297.6,297.671,0.0483106,49.3031,41.6726,-0.00228678,1111,-1043,137,-66,520,288937,-97,0.67,0.580833,9,0,10,7,5,10,297.537,163,297.75,175
121300,297.6,297.6,297.6,297.6,297.6,126,0,0,0.0299988,-0.0999451,0.142901,0.285758,297.6,297.663,0.0479697,20.1618,40.0061,-0.00296224,1210,-1032,128,-48,616,288929,-8,0.56,0.580725,9,0,10,7,6,9,297.55,166,297.75,175
121400,297.6,297.55,297.6,297.55,297.563,37,-37,-0.0500183,0.0299988,-0.199982,0.0714504,0.357208,297.6,297.655,0.0504178,3.53254,20.0061,-0.00413411,1099,-1062,123,-52,468,288908,-21,0.5,0.580309,9,0,9,7,6,10,297.55,166,297.75,175
121500,297.55,297.5,297.6,297.5,297.525,531,-531,-0.0499878,0.0299988,-0.249969,0.0666884,0.400049,297.55,297.644,0.0537889,1.62657,15.0046,-0.00581055,1089,-1020,96,-32,449,289166,258,0.56,0.580205,9,0,9,7,6,11,297.525,195,297.75,175
121600,297.5,297.45,297.55,297.45,297.475,245,-245,-0.0499878,0.0299988,-0.299957,0.0588446,0.411805,297.5,297.631,0.0616137,1.3024,10.0031,-0.0083903,1064,-1022,95,-34,504,289138,-28,0.5,0.579796,9,0,9,7,7,11,297.475,196,297.75,175
121700,297.45,297.45,297.5,297.4,297.45,243,243,0,0.0299988,-0.199951,0.0588446,0.352996,297.45,297.617,0.0712191,1.46853,7.85966,-0.00970866,875,-994,-7,3,262,289007,-131,0.56,0.579695,9,0,8,6,8,12,297.45,197,297.75,175
121800,297.4,297.5,297.5,297.4,297.475,368,368,0.100006,0.05,-0.0999451,0.0588446,0.294151,297.4,297.607,0.0777289,26.3325,8.57267,-0.00762939,696,-951,-23,5,130,288921,-86,0.56,0.579596,9,0,7,6,8,12,297.45,197,297.75,175
121900,297.5,297.45,297.55,297.45,297.475,111,-111,-0.0499878,0.0499939,-0.199951,0.0588109,0.294162,297.4,297.6,0.0813982,23.6913,11.4308,-0.00495606,707,-941,-57,14,-145,288950,29,0.51,0.579246,9,0,8,6,8,12,297.45,197,297.75,175
122000,297.5,297.45,297.5,297.45,297.463,24,-24,-0.0499878,0.0499939,-0.199951,0.0666531,0.333388,297.4,297.59,0.0859395,28.4796,15.4323,-0.002889,717,-972,-70,8,-126,288955,5,0.49,0.5788,9,0,7,6,9,12,297.45,197,297.75,175
122100,297.5,297.55,297.55,297.5,297.537,155,155,0.0499878,0.0499939,-0.0999756,0.133312,0.266705,297.4,297.582,0.0865614,36.1415,27.4318,0.00228271,585,-955,-73,15,-438,288904,-51,0.55,0.578657,9,0,8,7,9,12,297.45,197,297.75,175
122200,297.55,297.5,297.55,297.5,297.513,27,-27,-0.0499878,0.0599915,-0.149963,0.133312,0.266705,297.4,297.578,0.0868648,35.4795,34.5737,0.00391846,584,-968,-72,7,-562,288866,-38,0.7,0.579257,9,0,8,7,9,12,297.45,197,297.75,175
122300,297.5,297.55,297.65,297.5,297.563,448,448,0.0499878,0.0499878,-0.0999756,0.222218,0.222252,297.4,297.574,0.0864226,50.521,40.8586,0.0069458,495,-947,-81,10,-489,289052,186,0.55,0.579113,9,0,7,8,9,12,297.45,197,297.75,175
122400,297.55,297.55,297.6,297.55,297.563,243,-243,0,0.0399902,-0.0499573,0.222218,0.166672,297.4,297.568,0.0864182,51.5128,50,0.00805257,506,-936,-52,8,-499,289143,91,0.57,0.579069,9,0,8,7,10,11,297.45,197,297.75,175
122500,297.55,297.55,297.55,297.5,297.537,137,137,0,0.0299927,3.05E-05,0.235296,0.176481,297.4,297.56,0.0866228,71.716,57.998,0.00642904,500,-929,-28,3,-471,288964,-179,0.52,0.57878,9,0,8,7,11,12,297.45,197,297.737,176
122600,297.5,297.55,297.55,297.5,297.537,258,258,0.0499878,0.0299927,0.100006,0.25,0.125019,297.4,297.552,0.0867085,87.5576,57.998,0.00511068,641,-956,-9,-2,-196,288950,-14,0.56,0.578689,9,0,8,7,10,12,297.45,197,297.713,177
122700,297.55,297.6,297.6,297.55,297.588,37,37,0.0500183,0.0299988,0.150024,0.33336,0.0666558,297.4,297.55,0.08606,87.9594,63.999,0.00607503,994,-1194,39,-31,55,288984,34,0.54,0.578502,9,0,9,8,10,12,297.45,197,297.7,186
122800,297.55,297.55,297.55,297.55,297.55,154,0,0,0.0200012,0.0500183,0.357168,0.0714161,297.4,297.548,0.0838402,68.6723,61.998,0.00466309,881,-1156,42,-28,-41,288985,1,0.61,0.578654,9,0,9,8,11,11,297.45,197,297.7,186
122900,297.55,297.65,297.65,297.55,297.625,307,307,0.100006,0.0400024,0.200012,0.428609,0.071413,297.4,297.544,0.0853821,83.9554,69.9985,0.00714111,900,-1168,45,-28,-13,288992,7,0.37,0.577655,9,0,9,9,10,10,297.45,197,297.7,186
123000,297.65,297.6,297.65,297.55,297.6,77,-77,-0.0499878,0.05,0.200012,0.400024,0.0666504,297.4,297.543,0.0860382,78.5901,71.3337,0.00668945,838,-1155,49,-29,53,288940,-52,0.45,0.577048,9,0,8,8,10,10,297.45,197,297.7,186
123100,297.55,297.55,297.65,297.55,297.575,151,-151,0,0.0400024,0.150024,0.33336,0.0666477,297.4,297.541,0.0848278,65.9464,65.9995,0.00434163,886,-1151,54,-30,119,288961,21,0.55,0.576919,9,0,8,8,10,10,297.45,197,297.7,186
123200,297.6,297.6,297.65,297.6,297.612,58,-58,0,0.0299988,0.200012,0.312519,0.0624809,297.4,297.541,0.0856428,68.9946,63.3332,0.00441895,772,-1146,38,-31,78,288941,-20,0.45,0.576321,9,0,9,8,9,9,297.45,197,297.7,186
123300,297.55,297.55,297.55,297.55,297.55,204,0,0,0.0299988,0.150024,0.214298,0.142851,297.4,297.539,0.0845106,40.6922,60,0.000789388,788,-1156,21,-28,62,288927,-14,0.46,0.575775,9,0,9,8,10,10,297.45,197,297.7,186
123400,297.55,297.45,297.55,297.4,297.462,387,-387,-0.0999756,0.0299927,0.0500488,0.187519,0.312481,297.4,297.534,0.0835301,29.2425,44.0015,-0.00508219,785,-1159,-29,5,55,288802,-125,0.53,0.575561,9,0,8,7,10,11,297.45,197,297.7,186
123500,297.4,297.45,297.45,297.4,297.438,218,218,0.0500183,0.0299988,0.100067,0.187512,0.24999,297.4,297.529,0.082639,29.2425,34.6682,-0.00889486,339,-965,-77,27,-311,288769,-33,0.53,0.575349,9,0,8,7,11,11,297.438,215,297.7,186
123600,297.45,297.5,297.55,297.45,297.5,246,246,0.0499878,0.0399963,0.100067,0.294094,0.23529,297.4,297.531,0.0761061,39.9789,36.0034,-0.00710449,320,-953,-82,30,-433,288835,66,0.46,0.574815,9,0,8,8,11,11,297.438,215,297.688,189
123700,297.5,297.5,297.5,297.5,297.5,110,0,0,0.0399963,0.0500488,0.249962,0.25,297.4,297.533,0.0666638,38.5767,30.6692,-0.00436198,197,-934,-91,31,-462,288791,-44,0.42,0.574101,9,0,9,8,12,10,297.438,215,297.688,189
123800,297.5,297.4,297.5,297.25,297.388,765,-765,-0.100006,0.0599976,-0.0499573,0.199976,0.449998,297.4,297.529,0.0671599,27.8438,31.5037,-0.0068807,289,-961,-85,27,-404,288805,14,0.52,0.573853,9,0,9,8,11,10,297.388,218,297.688,189
123900,297.4,297.45,297.5,297.35,297.438,240,240,0.0500183,0.0500061,-0.0999451,0.0952132,0.428576,297.4,297.527,0.065327,25.5657,37.503,-0.00545247,249,-946,-74,28,-380,288827,22,0.59,0.573927,9,0,9,7,11,10,297.388,218,297.638,190
124000,297.45,297.5,297.5,297.45,297.487,231,231,0.0499878,0.05,3.05E-05,0.0999756,0.450012,297.4,297.528,0.0600598,33.9641,46.0017,-0.0019694,319,-969,-67,26,-385,288893,66,0.67,0.574363,9,0,10,6,11,9,297.388,218,297.625,209
124100,297.55,297.55,297.6,297.5,297.55,144,-144,0,0.0400024,3.05E-05,0.199982,0.450012,297.4,297.529,0.0592364,40.4006,53.0009,0.00366211,360,-1045,-60,16,-311,288867,-26,0.53,0.574163,9,0,11,7,10,8,297.388,218,297.625,209
124200,297.5,297.55,297.55,297.5,297.537,182,182,0.0499878,0.05,0.0500183,0.210511,0.473706,297.4,297.53,0.0576573,38.8405,62.1422,0.00662842,79,-916,-37,7,-469,288864,-3,0.55,0.574054,9,0,10,7,11,8,297.388,218,297.625,209
124300,297.5,297.6,297.6,297.5,297.575,145,145,0.100006,0.05,0.150024,0.250008,0.400006,297.4,297.531,0.0581969,46.6244,74.6424,0.00868734,69,-918,-35,5,-475,288858,-6,0.6,0.57417,9,0,10,8,10,8,297.388,218,297.625,209
124400,297.6,297.55,297.6,297.55,297.563,78,-78,-0.0500183,0.05,0.199982,0.27778,0.27778,297.4,297.531,0.0587528,54.4159,81.7835,0.00790609,48,-922,-21,1,-248,288866,8,0.62,0.574375,9,0,11,8,10,7,297.388,218,297.625,209
124500,297.55,297.55,297.6,297.55,297.563,42,-42,0,0.0400024,0.149963,0.27778,0.27778,297.4,297.532,0.0589641,54.4159,86.4252,0.0063151,-175,-918,-66,6,-460,288806,-60,0.7,0.574933,9,0,11,8,10,6,297.388,218,297.625,209
124600,297.55,297.55,297.55,297.5,297.537,7,7,0,0.0400024,0.0999756,0.176498,0.352924,297.4,297.532,0.0588188,47.4191,88.5674,0.00373535,-214,-916,-66,4,-393,288807,1,0.6,0.575044,9,0,11,8,10,6,297.388,218,297.625,209
124700,297.5,297.55,297.55,297.5,297.537,11,11,0.0499878,0.0400024,0.149963,0.166695,0.333322,297.4,297.529,0.0583516,47.4191,88.5674,0.00175781,-89,-943,-58,3,-360,288807,0,0.67,0.575462,9,0,11,8,9,5,297.388,218,297.625,209
124800,297.55,297.55,297.6,297.55,297.563,315,-315,0,0.0200012,0.249969,0.28577,0.0714099,297.4,297.53,0.0589237,90.6901,84.566,0.00186361,-148,-926,-72,17,-377,288773,-34,0.62,0.575658,9,0,12,9,9,5,297.388,218,297.625,209
124900,297.55,297.6,297.65,297.55,297.6,270,270,0.0500183,0.0200012,0.249969,0.384648,0.0769014,297.4,297.529,0.0588604,91.0134,82.4249,0.0036499,-236,-899,-45,2,-485,288849,76,0.7,0.576201,9,0,11,9,9,5,297.388,218,297.625,209
125000,297.6,297.6,297.6,297.6,297.6,122,0,0,0.0200012,0.199982,0.416692,0.0833079,297.4,297.529,0.0596083,87.7555,78.6177,0.00446777,-252,-902,-45,2,-469,288845,-4,0.78,0.577087,9,0,12,9,9,5,297.388,218,297.625,209
125100,297.55,297.6,297.6,297.55,297.588,57,57,0.0500183,0.0300049,0.25,0.272747,0.181813,297.4,297.529,0.0600871,84.1795,74.8105,0.00367839,-553,-870,-85,7,-586,288863,18,0.69,0.577576,9,0,11,8,9,6,297.388,218,297.625,209
125200,297.6,297.6,297.65,297.6,297.612,102,-102,0,0.0200073,0.200012,0.363626,0.181813,297.4,297.529,0.0608875,84.1795,71.0034,0.00361328,-615,-862,-62,8,-628,288883,20,0.65,0.577888,9,0,12,9,9,6,297.388,218,297.625,209
125300,297.65,297.7,297.7,297.65,297.688,454,454,0.0500183,0.030011,0.150024,0.363626,0.181813,297.4,297.536,0.069158,90.2768,75.0048,0.00640462,-699,-876,-69,5,-701,288846,-37,0.49,0.577511,9,0,13,9,9,6,297.388,218,297.688,233
125400,297.7,297.7,297.7,297.65,297.688,138,138,0,0.0200073,0.200043,0.363626,0.181813,297.4,297.547,0.0740325,100,80.0041,0.00733643,-785,-887,-99,8,-579,288846,0,0.72,0.578119,9,0,12,9,8,6,297.388,218,297.688,234
125500,297.65,297.7,297.7,297.65,297.688,100,100,0.0500183,0.030011,0.250061,0.363626,0.181813,297.4,297.56,0.0760272,100,86.6694,0.0068929,-994,-953,-120,-3,-817,288823,-23,0.54,0.577957,9,0,12,9,7,5,297.388,218,297.688,235
125600,297.7,297.65,297.7,297.65,297.663,76,-76,-0.0500183,0.030011,0.200043,0.363606,0.0909293,297.4,297.568,0.0788563,90.4996,88.3332,0.00415039,-1128,-772,-127,18,-868,288825,2,0.54,0.577796,9,0,12,9,7,5,297.388,218,297.688,235
125700,297.6,297.55,297.6,297.55,297.563,280,-280,-0.0500183,0.0400146,0.100037,0.333299,0.25,297.4,297.571,0.078514,67.0418,74.9985,-0.00314534,-1644,-663,-198,34,-1233,288814,-11,0.48,0.577384,9,0,11,8,8,6,297.388,218,297.688,235
125800,297.55,297.5,297.55,297.5,297.513,312,-312,-0.0499878,0.0400085,0.0500488,0.249962,0.333316,297.4,297.578,0.0727451,52.0197,54.9985,-0.00936686,-1685,-693,-161,25,-1243,288744,-70,0.48,0.576975,9,0,11,8,8,7,297.388,218,297.688,235
125900,297.5,297.5,297.55,297.5,297.513,73,-73,0,0.0400085,3.05E-05,0.181813,0.363626,297.45,297.581,0.0711534,40.4739,34.9985,-0.0117961,-1871,-706,-179,22,-1423,288778,34,0.5,0.576652,9,0,11,7,8,7,297.388,218,297.688,235
130000,297.55,297.45,297.55,297.45,297.475,62,-62,-0.0999756,0.05,-0.0999451,0.15385,0.384601,297.5,297.581,0.0737294,38.3553,14.9985,-0.01309,-1916,-927,-173,-7,-1420,288784,6,0.46,0.576166,9,0,11,7,8,8,297.388,218,297.688,235
130100,297.45,297.45,297.5,297.4,297.45,396,396,0,0.0399963,-0.149963,0.142863,0.357137,297.45,297.576,0.0787595,38.3553,3.33435,-0.0128255,-2067,-862,-183,3,-1452,288703,-81,0.5,0.57585,9,0,11,7,9,9,297.388,218,297.688,235
130200,297.45,297.45,297.45,297.4,297.438,207,207,0,0.0299927,-0.149963,0.0714504,0.357121,297.45,297.571,0.0845284,38.3553,6.6687,-0.0116943,-2067,-862,-153,13,-1354,288657,-46,0.45,0.57533,9,0,10,7,10,9,297.388,218,297.688,235
130300,297.4,297.4,297.4,297.35,297.387,531,531,0,0.0199951,-0.199982,0,0.428528,297.4,297.561,0.0930766,0,9.5251,-0.0120972,-2067,-862,-134,-12,-1257,288670,13,0.47,0.574897,9,0,10,7,10,9,297.387,243,297.688,235
130400,297.4,297.4,297.4,297.35,297.387,17,17,0,0.0199951,-0.199982,0,0.428547,297.4,297.553,0.100147,0,12.3815,-0.0107381,-2067,-862,-60,-28,-982,288651,-19,0.53,0.574713,9,0,10,7,10,8,297.387,244,297.688,235
130500,297.4,297.4,297.4,297.35,297.387,20,20,0,0,-0.25,0,0.428565,297.4,297.544,0.106094,0,15.2379,-0.00853679,-2067,-862,-54,-24,-1029,288641,-10,0.39,0.573959,9,0,10,7,9,8,297.387,245,297.688,235
130600,297.4,297.35,297.45,297.35,297.375,678,-678,-0.0499878,0.00999756,-0.249969,0.0666938,0.4,297.4,297.536,0.111424,0,11.9035,-0.00659586,-2067,-862,-28,-22,-622,288383,-258,0.54,0.573821,9,0,9,7,9,8,297.375,246,297.688,235
130700,297.35,297.35,297.4,297.3,297.35,107,107,0,0.00999756,-0.199951,0.0666938,0.333347,297.35,297.526,0.118184,0,12.5707,-0.00546061,-2067,-862,-21,9,-551,288353,-30,0.44,0.573279,9,0,8,7,9,9,297.35,247,297.688,235
130800,297.4,297.35,297.4,297.35,297.362,20,-20,-0.0499878,0.0199951,-0.199951,0.0666938,0.266694,297.35,297.516,0.12255,0,13.7157,-0.00355631,-2067,-862,0,0,-352,288353,0,0.41,0.572621,9,0,9,7,9,8,297.35,247,297.688,235
130900,297.35,297.3,297.35,297.3,297.313,445,-445,-0.0500183,0.0299988,-0.249969,0.0666911,0.333374,297.35,297.502,0.128372,0,10.8593,-0.0040975,-2067,-862,0,0,-86,288344,-9,0.56,0.57257,9,0,8,7,10,9,297.313,249,297.688,235
131000,297.3,297.3,297.35,297.25,297.3,479,-479,0,0.0299988,-0.149994,0.0666884,0.33336,297.3,297.487,0.134057,0,12.002,-0.00414632,-2067,-862,0,0,0,288265,-79,0.6,0.57268,9,0,7,7,10,10,297.3,250,297.688,235
131100,297.3,297.3,297.35,297.3,297.313,34,-34,0,0.0200012,-0.149994,0.0714504,0.285714,297.3,297.473,0.138018,0,17.0004,-0.00264893,-3321,1468,-179,332,1076,288227,-38,0.47,0.572271,9,0,7,6,10,10,297.3,250,297.688,235
131200,297.3,297.3,297.35,297.3,297.313,37,-37,0,0.0200012,-0.149994,0.0714504,0.285714,297.3,297.458,0.140245,0,17.9974,-0.0010498,-3321,1468,-179,332,1076,288225,-2,0.5,0.571984,9,0,7,6,9,10,297.3,250,297.688,235
131300,297.3,297.3,297.35,297.3,297.313,28,-28,0,0.0100037,-0.149994,0.0769447,0.230787,297.3,297.439,0.139068,0,18.9944,0.000695799,-3321,1468,-179,332,1076,288214,-11,0.39,0.571265,9,0,7,5,9,10,297.3,250,297.688,235
131400,297.3,297.25,297.3,297.15,297.237,778,-778,-0.0499878,0.00999756,-0.199982,0.0666856,0.399992,297.3,297.417,0.141782,0,25.6611,-0.00146484,-3321,1468,-179,332,1076,288182,-32,0.54,0.571141,9,0,6,5,10,11,297.237,254,297.688,235
131500,297.3,297.25,297.3,297.25,297.263,35,-35,-0.0499878,0.0199951,-0.249969,0.0666856,0.399992,297.3,297.396,0.142033,0,28.3288,-0.0011678,-3321,1468,-179,332,1076,288178,-4,0.68,0.571568,9,0,7,5,10,11,297.237,254,297.688,235
131600,297.3,297.35,297.4,297.25,297.337,277,277,0.0500183,0.0299988,-0.149963,0.125,0.375,297.3,297.379,0.140692,18.4702,39.3313,0.00311279,-3321,1468,-179,332,1076,288159,-19,0.49,0.57125,9,0,7,6,9,10,297.237,254,297.688,235
131700,297.4,297.35,297.4,297.25,297.337,264,-264,-0.0499878,0.0399963,-0.199951,0.117649,0.294105,297.3,297.368,0.140904,18.4702,50.3338,0.00594482,-3321,1468,-179,332,1076,288200,41,0.57,0.571245,9,0,7,6,9,10,297.237,254,297.688,235
131800,297.35,297.3,297.35,297.3,297.313,218,-218,-0.0500183,0.05,-0.199982,0.117645,0.294094,297.3,297.358,0.140552,16.1262,57.3348,0.00645752,-3321,1468,0,0,1076,288173,-27,0.49,0.57093,9,0,7,5,10,10,297.237,254,297.688,235
131900,297.3,297.35,297.35,297.3,297.338,27,27,0.0500183,0.0500061,-0.0999451,0.117645,0.235254,297.3,297.349,0.139854,23.3895,66.6691,0.00703125,-3321,1468,0,0,1076,288175,2,0.71,0.571467,9,0,7,4,10,10,297.237,254,297.688,235
132000,297.35,297.4,297.4,297.3,297.375,324,324,0.0499878,0.0500061,-0.0499573,0.176449,0.176449,297.3,297.344,0.13824,38.6778,80.0024,0.00821533,-3321,1468,0,0,0,288136,-39,0.59,0.571538,9,0,6,5,9,10,297.237,254,297.688,235
132100,297.4,297.4,297.45,297.35,297.4,291,-291,0,0.0400024,-0.0499573,0.222222,0.16665,297.3,297.342,0.135975,38.6778,80.6671,0.00968831,-3321,1468,0,0,0,288056,-80,0.64,0.571801,9,0,7,6,9,9,297.237,254,297.688,235
132200,297.35,297.3,297.35,297.3,297.313,79,-79,-0.0500183,0.0400085,-0.0999756,0.21053,0.21053,297.3,297.336,0.132532,36.8835,74.6651,0.00582275,-3321,1468,0,0,0,287986,-70,0.54,0.571679,9,0,6,5,10,10,297.237,254,297.688,235
132300,297.3,297.3,297.3,297.3,297.3,144,0,0,0.0300049,-0.0999756,0.22223,0.22223,297.3,297.331,0.126611,36.8835,72.6646,0.00230306,-3321,1468,0,0,0,287971,-15,0.53,0.571521,9,0,5,4,11,10,297.237,254,297.688,235
132400,297.3,297.3,297.3,297.3,297.3,37,0,0,0.0200012,-0.0499878,0.266672,0.0666884,297.3,297.327,0.120976,67.8944,61.6621,9.36E-05,-3321,1468,0,0,0,287963,-8,0.71,0.572045,9,0,5,4,11,10,297.237,254,297.688,235
132500,297.3,297.3,297.3,297.3,297.3,168,0,0,0.0100037,0,0.285714,0.0714504,297.3,297.322,0.115644,67.8944,46.6606,-0.000687663,-3321,1468,0,0,0,287897,-66,0.69,0.57249,9,0,5,4,11,10,297.237,254,297.663,236
132600,297.3,297.25,297.35,297.25,297.275,141,-141,-0.0499878,0.0200012,-0.100006,0.230787,0.0769447,297.3,297.317,0.110781,44.4915,29.9949,-0.00128174,-3321,1468,0,0,0,287878,-19,0.49,0.57218,9,0,5,5,11,11,297.237,254,297.563,237
132700,297.25,297.2,297.25,297.2,297.213,570,-570,-0.0499878,0.0199951,-0.100006,0.272747,0.181813,297.25,297.311,0.105643,25.8348,19.9959,-0.00414632,-3321,1468,0,0,0,287830,-48,0.64,0.572434,9,0,5,5,11,11,297.213,267,297.513,239
132800,297.2,297.3,297.3,297.2,297.275,209,209,0.0999756,0.0399902,0.0499878,0.33335,0.166675,297.2,297.306,0.100599,41.4888,17.995,-0.00229492,-3321,1468,0,0,0,287742,-88,0.64,0.572686,9,0,5,6,10,10,297.213,267,297.513,239
132900,297.25,297.25,297.3,297.25,297.263,43,-43,0,0.0399902,-3.05E-05,0.333367,0.166684,297.2,297.304,0.0920562,39.026,16.9955,-0.00116374,-3321,1468,0,0,0,287745,3,0.71,0.573197,9,0,6,6,10,10,297.213,267,297.475,240
133000,297.25,297.35,297.35,297.25,297.325,534,534,0.100006,0.0599915,0.0499878,0.333418,0.166684,297.2,297.305,0.0820692,47.1499,23.9966,0.00301921,-3321,1468,0,0,0,288029,284,0.52,0.573,9,0,6,7,10,9,297.213,267,297.45,241
133100,297.35,297.3,297.35,297.3,297.313,373,-373,-0.0500183,0.0599976,-3.05E-05,0.272778,0.181833,297.2,297.305,0.0742874,38.1252,37.3272,0.00490723,-3321,1468,0,0,0,288029,0,0.66,0.573321,9,0,7,7,9,8,297.213,267,297.438,242
133200,297.35,297.25,297.35,297.25,297.275,159,-159,-0.100006,0.0700012,-0.0500183,0.272778,0.181778,297.2,297.303,0.0673603,36.6221,43.9925,0.00332845,-3321,1468,0,0,0,288003,-26,0.68,0.573713,9,0,7,7,8,9,297.213,267,297.4,261
133300,297.25,297.25,297.25,297.15,297.225,600,600,0,0.0500061,-0.0500183,0.230809,0.307667,297.2,297.299,0.0641967,36.6221,45.9945,-0.000211589,-3321,1468,0,0,0,287953,-50,0.67,0.574066,9,0,7,7,8,9,297.213,267,297.4,261
133400,297.25,297.2,297.25,297.15,297.2,310,-310,-0.0499878,0.0600037,-0.100006,0.200033,0.266642,297.2,297.297,0.0539008,31.7695,46.997,-0.00354004,-3321,1468,0,0,0,287905,-48,0.77,0.574781,9,0,7,7,8,9,297.2,274,297.4,261
133500,297.2,297.3,297.3,297.15,297.262,589,589,0.0999756,0.0599976,-3.05E-05,0.222237,0.222203,297.2,297.297,0.046724,45.4942,49.9959,-0.00160319,-3321,1468,0,0,0,288033,128,0.79,0.575563,9,0,7,8,8,9,297.2,274,297.4,261
133600,297.3,297.3,297.35,297.3,297.313,394,-394,0,0.0499939,0.0499573,0.235307,0.235271,297.2,297.296,0.045817,47.796,51.6638,0.00273031,-3321,1468,0,0,0,288264,231,0.59,0.575616,9,0,8,8,8,9,297.2,274,297.4,261
133700,297.35,297.35,297.35,297.3,297.338,519,519,0,0.0299927,0.0999451,0.235298,0.176456,297.2,297.296,0.0459328,67.6555,64.9985,0.00662842,-3321,1468,0,0,0,288375,111,0.69,0.576029,9,0,8,8,7,8,297.2,274,297.4,261
133800,297.35,297.3,297.35,297.3,297.313,11,-11,-0.0500183,0.0399963,-0.0500488,0.187512,0.187474,297.2,297.296,0.045232,64.6989,69.9969,0.00690918,-3321,1468,0,0,0,288455,80,0.57,0.576007,9,0,7,8,7,8,297.2,274,297.4,261
133900,297.35,297.3,297.35,297.3,297.313,117,-117,-0.0500183,0.0400024,-0.100067,0.187505,0.187467,297.2,297.294,0.0453646,65.8139,79.9939,0.00571289,-3321,1468,0,0,0,288432,-23,0.61,0.576129,9,0,7,8,6,7,297.2,274,297.4,261
134000,297.3,297.25,297.3,297.2,297.25,333,-333,-0.0499878,0.0300049,-0.250061,0.124995,0.312431,297.2,297.288,0.0458882,48.3021,74.9954,0.00128988,-3321,1468,0,0,0,288376,-56,0.57,0.576107,9,0,7,8,7,7,297.2,274,297.4,261
134100,297.25,297.25,297.3,297.2,297.25,443,0,0,0.0300049,-0.200043,0.117649,0.294069,297.2,297.281,0.0445404,57.6825,69.9969,-0.00130208,-3321,1468,0,0,0,288379,3,0.71,0.576584,9,0,6,8,7,7,297.2,274,297.4,261
134200,297.25,297.3,297.3,297.25,297.287,357,357,0.0499878,0.0400024,-0.0500488,0.125005,0.249971,297.2,297.279,0.0443467,69.1407,64.9954,-0.000439453,-2583,722,105,-106,-8,288273,-106,0.65,0.576844,9,0,7,8,7,7,297.2,274,297.4,261
134300,297.25,297.2,297.25,297.15,297.2,144,-144,-0.0499878,0.0399963,-0.100037,0.117653,0.235271,297.2,297.274,0.046844,64.7421,54.9985,-0.00355225,-2583,722,105,-106,-8,288204,-69,0.64,0.577067,9,0,7,8,8,8,297.2,283,297.4,261
134400,297.2,297.15,297.2,297.15,297.163,257,-257,-0.0500183,0.0399963,-0.100067,0.125005,0.249971,297.2,297.267,0.0516394,66.2952,40,-0.00623779,-2583,722,105,-106,-8,288109,-95,0.53,0.576901,9,0,7,8,8,7,297.163,284,297.4,261
134500,297.1,297.1,297.15,297,297.087,866,866,0,0.0299988,-0.200043,0.0625215,0.437459,297.1,297.257,0.0644001,35.2362,35.7145,-0.0105713,-2583,722,105,-106,-8,288104,-5,0.68,0.577263,9,0,6,8,9,8,297.087,285,297.4,261
134600,297.1,297.1,297.1,297.05,297.088,442,442,0,0.0299988,-0.200043,0,0.437459,297.1,297.247,0.0737319,35.2362,31.4291,-0.0117025,-2583,722,105,-106,-8,288118,14,0.68,0.577622,9,0,7,7,10,8,297.087,285,297.4,261
134700,297.1,297.15,297.2,297.1,297.15,252,252,0.0499878,0.0299988,-0.150055,0.117653,0.411733,297.1,297.244,0.0737612,27.4381,25.0015,-0.0071696,-2583,722,105,-106,-8,288177,59,0.75,0.578223,9,0,8,8,10,8,297.087,285,297.4,261
134800,297.15,297.25,297.25,297.15,297.225,344,344,0.100006,0.0400024,-3.05E-05,0.166661,0.388864,297.1,297.242,0.0734462,37.3351,34.2855,0.000349935,-2583,722,105,-106,-8,288190,13,0.75,0.578819,9,0,8,9,9,8,297.087,285,297.4,261
134900,297.25,297.2,297.25,297.2,297.213,315,-315,-0.0499878,0.0399963,0,0.166667,0.388878,297.1,297.239,0.0731536,33.2339,47.6202,0.00461832,-2583,722,0,0,-8,288185,-5,0.73,0.579342,9,0,9,9,9,8,297.087,285,297.4,261
135000,297.15,297.25,297.25,297.15,297.225,340,340,0.100006,0.0599976,0.149994,0.166661,0.333356,297.1,297.234,0.0732143,44.9812,58.573,0.00684815,-2583,722,0,0,-8,288112,-73,0.7,0.579758,9,0,9,8,9,9,297.087,285,297.4,261
135100,297.25,297.3,297.3,297.25,297.287,98,98,0.0499878,0.0699951,0.199982,0.235271,0.35296,297.1,297.233,0.0740237,46.7955,72.8584,0.00968018,-2583,722,0,0,0,288118,6,0.67,0.580069,9,0,9,8,9,9,297.087,285,297.338,277
135200,297.35,297.3,297.35,297.3,297.313,322,-322,-0.0500183,0.0700012,0.0999756,0.294105,0.352948,297.1,297.235,0.0761141,39.5318,81.4294,0.0111694,-2583,722,0,0,0,288245,127,0.69,0.580445,9,0,10,9,8,8,297.087,285,297.338,277
135300,297.3,297.3,297.3,297.25,297.287,217,217,0,0.05,0.149963,0.33332,0.33332,297.1,297.238,0.0745573,41.835,84.2858,0.00989583,-2583,722,0,0,0,288249,4,0.76,0.581058,9,0,10,9,8,9,297.087,285,297.338,277
135400,297.3,297.25,297.3,297.25,297.263,25,-25,-0.0499878,0.05,0.149994,0.333333,0.333333,297.1,297.241,0.0715659,46.1678,85.2365,0.00675863,-2583,722,0,0,0,288236,-13,0.85,0.581973,9,0,10,9,8,9,297.087,285,297.338,277
135500,297.25,297.3,297.3,297.25,297.287,142,142,0.0499878,0.0399963,0.199982,0.384619,0.153857,297.1,297.242,0.0713806,77.5723,85.2348,0.00504964,-2583,722,0,0,0,287257,-979,0.6,0.582034,9,0,10,9,8,9,297.087,285,297.338,277
135600,297.25,297.25,297.3,297.25,297.263,27,-27,0,0.0299988,0.199982,0.384637,0.153864,297.1,297.24,0.0714734,76.2147,77.2344,0.00254313,-2583,722,0,0,0,287237,-20,0.76,0.582635,9,0,10,8,8,8,297.087,285,297.338,277
135700,297.3,297.3,297.3,297.25,297.287,219,219,0,0.0199951,0.149994,0.250013,0.166692,297.1,297.237,0.0717094,75.6966,75.091,0.00238851,-2583,722,0,0,0,287292,55,0.8,0.583367,9,0,10,8,7,7,297.087,285,297.338,277
135800,297.3,297.35,297.45,297.3,297.362,488,488,0.0500183,0.0299988,0.100006,0.384684,0.153864,297.1,297.24,0.0769545,77.8156,71.2824,0.00568441,-2583,722,0,0,0,287372,80,0.65,0.58359,9,0,11,8,7,7,297.087,285,297.362,298
135900,297.35,297.3,297.35,297.3,297.313,121,-121,-0.0500183,0.0300049,0.0999756,0.384666,0.153857,297.1,297.24,0.0786821,88.1505,66.996,0.00455729,-2583,722,0,0,0,287363,-9,0.84,0.584448,9,0,10,8,8,7,297.087,285,297.362,298
140000,297.3,297.35,297.4,297.3,297.35,236,236,0.0500183,0.030011,0.0499878,0.461571,0.076905,297.1,297.245,0.0816664,87.243,60.3303,0.00511068,-2583,722,0,0,0,287401,38,0.62,0.584566,9,0,10,8,8,7,297.087,285,297.362,298
140100,297.35,297.35,297.35,297.35,297.35,426,0,0,0.030011,0,0.416713,0.0833121,297.1,297.25,0.0843961,86.2494,58.3308,0.00441081,-2583,722,0,0,0,287431,30,0.77,0.585183,9,0,10,8,9,7,297.087,285,297.362,298
140200,297.35,297.25,297.35,297.25,297.275,169,-169,-0.100006,0.0500122,-0.0499878,0.307714,0.230762,297.1,297.249,0.0847325,76.0363,43.3323,-0.000386557,-2583,722,0,0,0,287394,-37,0.7,0.585563,9,0,10,8,9,7,297.087,285,297.362,298
140300,297.25,297.35,297.4,297.25,297.337,309,309,0.100006,0.0600098,0.0500183,0.333333,0.133341,297.1,297.256,0.0848551,80.3018,39.999,-4.48E-05,-2583,722,0,0,0,287418,24,0.81,0.586303,9,0,10,9,8,6,297.087,285,297.362,298
140400,297.4,297.45,297.5,297.35,297.438,538,538,0.0500183,0.0600098,0.150024,0.411769,0.117653,297.1,297.27,0.0895929,85.9076,46.001,0.00455729,-2583,722,0,0,0,287965,547,0.68,0.586612,9,0,11,10,8,6,297.087,285,297.438,304
140500,297.45,297.35,297.5,297.35,297.388,303,-303,-0.100006,0.0700073,3.05E-05,0.368423,0.105268,297.1,297.285,0.0847487,74.2753,44.0015,0.0045695,-2583,722,0,0,0,287926,-39,0.8,0.587311,9,0,11,9,8,6,297.087,285,297.438,304
140600,297.35,297.45,297.55,297.35,297.45,777,777,0.100006,0.0900085,0.100037,0.363629,0.0909141,297.1,297.303,0.0831488,81.2364,47.3362,0.00697428,-2583,722,0,0,0,288036,110,0.71,0.587712,9,0,10,9,8,6,297.087,285,297.45,306
140700,297.5,297.45,297.55,297.45,297.475,416,-416,-0.0499878,0.0800049,0.0500488,0.347823,0.0869623,297.15,297.319,0.0883858,79.8397,60.6708,0.00773519,-2583,722,0,0,0,288131,95,0.59,0.58772,9,0,11,9,8,6,297.087,285,297.475,307
140800,297.45,297.45,297.5,297.45,297.463,229,-229,0,0.0600037,3.05E-05,0.238076,0.0952478,297.15,297.331,0.0932597,75.8294,64.0055,0.00602213,-2583,722,0,0,0,288082,-49,0.68,0.588019,9,0,11,9,9,6,297.087,285,297.475,307
140900,297.45,297.45,297.45,297.45,297.45,214,0,0,0.05,0.0500488,0.249985,0.100012,297.15,297.343,0.0961368,79.7628,61.3392,0.00378011,-2583,722,0,0,0,288085,3,0.67,0.588285,9,0,11,9,10,6,297.087,285,297.475,307
141000,297.45,297.45,297.5,297.45,297.463,159,-159,0,0.0299988,3.05E-05,0.263148,0.105278,297.25,297.355,0.0992455,77.4847,66.6734,0.00188802,-2583,722,0,0,0,288091,6,0.64,0.588451,9,0,11,10,9,5,297.087,285,297.475,307
141100,297.45,297.45,297.5,297.4,297.45,269,269,0,0.00999756,3.05E-05,0.238083,0.14289,297.25,297.363,0.100503,77.4847,66.6734,-0.00025228,-2583,722,0,0,0,288114,23,0.49,0.588135,9,0,11,10,9,6,297.087,285,297.475,307
141200,297.4,297.4,297.4,297.35,297.387,389,389,0,0,0.100037,0.238083,0.0952506,297.25,297.367,0.0988984,70.1231,63.3388,-0.00440674,-2583,722,0,0,0,288000,-114,0.67,0.588397,9,0,10,10,10,7,297.087,285,297.475,307
141300,297.35,297.4,297.45,297.35,297.4,39,39,0.0499878,0.00999756,0.0500183,0.250015,0.100012,297.25,297.372,0.0985726,65.5247,55.0033,-0.00598551,-2583,722,0,0,0,288018,18,0.61,0.588466,9,0,10,11,9,6,297.087,285,297.475,307
141400,297.4,297.45,297.45,297.4,297.438,6,6,0.0500183,0.0200012,0.0500183,0.166667,0.111122,297.25,297.381,0.0990948,53.0897,51.6701,-0.00474853,-2583,722,0,0,0,288017,-1,0.79,0.589108,9,0,11,11,8,6,297.087,285,297.475,307
141500,297.4,297.6,297.6,297.4,297.55,640,640,0.200012,0.0600037,0.350037,0.315783,0.105272,297.25,297.394,0.103449,78.5379,58.3354,0.00172933,-2583,722,0,0,0,288056,39,0.77,0.589682,9,0,11,12,7,5,297.088,286,297.55,315
141600,297.6,297.6,297.7,297.55,297.612,1074,-1074,0,0.0600037,0.250031,0.388885,0.111115,297.25,297.412,0.112975,62.4272,59.2862,0.00822754,-2583,722,0,0,0,287984,-72,0.67,0.589936,9,0,11,13,6,5,297.15,287,297.612,316
141700,297.6,297.55,297.6,297.55,297.563,385,-385,-0.0500183,0.0700073,0.25,0.411739,0.117645,297.25,297.426,0.116849,45.4978,60.7136,0.00799561,-2583,722,0,0,0,288041,57,0.72,0.590347,9,0,10,12,7,5,297.213,289,297.612,316
141800,297.55,297.6,297.6,297.5,297.575,202,202,0.0500183,0.0700134,0.300018,0.388859,0.166644,297.25,297.436,0.117057,52.2867,69.9998,0.00640056,-2583,722,0,0,0,287923,-118,0.74,0.590817,9,0,9,11,7,6,297.213,289,297.612,316
141900,297.55,297.5,297.6,297.5,297.525,335,-335,-0.0499878,0.0700073,0.250031,0.349974,0.14998,297.25,297.447,0.117396,43.3356,68.5692,0.00121664,-2583,722,0,0,0,287850,-73,0.71,0.591191,9,0,8,11,7,6,297.225,290,297.612,316
142000,297.5,297.45,297.55,297.45,297.475,300,-300,-0.0499878,0.0400024,0.200043,0.28571,0.190444,297.25,297.453,0.115223,37.576,54.2837,-0.00467936,-2583,722,0,0,0,287839,-11,0.56,0.591094,9,0,8,11,8,6,297.263,296,297.612,316
142100,297.45,297.4,297.5,297.35,297.413,392,-392,-0.0500183,0.0500061,0.150024,0.272727,0.227231,297.25,297.456,0.113379,32.0169,42.8547,-0.010258,-2583,722,0,0,0,287862,23,0.69,0.591402,9,0,7,10,9,7,297.263,296,297.612,316
142200,297.4,297.4,297.45,297.4,297.413,85,-85,0,0.0400024,0.150024,0.28571,0.190444,297.25,297.463,0.113601,37.5254,34.2837,-0.0124634,-2583,722,0,0,0,287907,45,0.81,0.592081,9,0,7,9,10,7,297.263,296,297.612,316
142300,297.4,297.5,297.5,297.4,297.475,177,177,0.100006,0.05,0.200043,0.285681,0.190444,297.35,297.47,0.112287,42.0622,28.5692,-0.00914714,-2583,722,0,0,0,287930,23,0.7,0.592415,9,0,7,10,9,6,297.263,296,297.612,316
142400,297.45,297.55,297.55,297.45,297.525,293,293,0.0999756,0.0599976,0.25,0.318149,0.181795,297.35,297.474,0.106597,48.1667,31.4256,-0.00364583,-2583,722,0,0,0,287906,-24,0.87,0.593271,9,0,8,11,9,6,297.263,296,297.612,316
142500,297.55,297.55,297.55,297.5,297.537,183,183,0,0.05,0.0499878,0.210504,0.210504,297.35,297.482,0.104086,32.2471,37.1384,0.000488281,-2583,722,0,0,0,287882,-24,0.66,0.593477,9,0,9,11,9,6,297.263,296,297.612,316
142600,297.55,297.45,297.6,297.45,297.487,279,-279,-0.0999756,0.0599915,-0.0499878,0.157891,0.210511,297.35,297.484,0.098835,28.4397,42.2825,-0.000211589,-2583,722,0,0,0,287934,52,0.66,0.593681,9,0,9,12,9,7,297.275,302,297.612,316
142700,297.45,297.4,297.5,297.4,297.425,118,-118,-0.0500183,0.0699951,-0.0499878,0.149998,0.250008,297.35,297.481,0.0924084,32.0642,43.4251,-0.00444743,-2583,722,0,0,0,287944,10,0.81,0.594342,9,0,9,12,10,8,297.275,302,297.612,316
142800,297.45,297.45,297.5,297.4,297.45,119,119,0,0.0499939,-0.100006,0.149998,0.200018,297.35,297.481,0.0875739,29.2607,42.8547,-0.00577799,-2583,722,0,0,0,287999,55,0.63,0.594451,9,0,8,11,10,8,297.275,302,297.612,316
142900,297.45,297.4,297.45,297.4,297.413,166,-166,-0.0500183,0.0400024,-0.100037,0.157891,0.210543,297.35,297.479,0.0853889,31.944,35.4263,-0.00753581,-2583,722,0,0,0,288001,2,0.56,0.594346,9,0,8,11,10,8,297.275,302,297.612,316
143000,297.4,297.4,297.4,297.35,297.387,344,344,0,0.0400024,-0.0500488,0.166661,0.222237,297.35,297.475,0.0841942,38.1512,27.998,-0.00843506,-2583,722,0,0,0,288015,14,0.7,0.594666,9,0,8,10,11,9,297.275,302,297.612,316
143100,297.4,297.5,297.5,297.4,297.475,406,406,0.100006,0.0400085,0.0999756,0.294116,0.117653,297.35,297.476,0.0819517,63.8653,31.9971,-0.00374756,-2583,722,0,0,0,287919,-96,0.7,0.594985,9,0,8,11,10,9,297.275,302,297.612,316
143200,297.45,297.45,297.5,297.4,297.45,186,186,0,0.0300049,0.0999756,0.27778,0.111119,297.35,297.479,0.0821325,57.0545,35.9985,-0.00194499,-2583,722,0,0,0,287901,-18,0.71,0.595331,9,0,8,11,10,8,297.337,303,297.612,316
143300,297.4,297.45,297.45,297.4,297.438,82,82,0.0500183,0.0400085,0.0499878,0.235307,0.117653,297.4,297.481,0.0825997,52.2036,35.9985,-0.00116374,-2583,722,0,0,0,287896,-5,0.55,0.595195,9,0,8,10,11,8,297.387,330,297.612,316
143400,297.4,297.45,297.45,297.4,297.438,128,128,0.0500183,0.0400085,3.05E-05,0.187519,0.125,297.4,297.481,0.0824741,41.2091,40,-0.000858561,-2583,722,0,0,0,287922,26,0.55,0.59506,9,0,7,9,11,8,297.387,330,297.612,316
143500,297.45,297.4,297.45,297.4,297.413,168,-168,-0.0500183,0.0500122,-0.0499878,0.187512,0.124995,297.4,297.474,0.0774813,36.4087,40,-0.00233154,-2583,722,0,0,0,287910,-12,0.62,0.595134,9,0,7,9,11,8,297.387,330,297.612,316
143600,297.4,297.35,297.45,297.35,297.375,368,-368,-0.0499878,0.0400085,0,0.133325,0.199967,297.4,297.463,0.0649593,34.2951,28.0005,-0.00438639,-2583,722,0,0,0,287966,56,0.6,0.595149,9,0,7,8,11,9,297.375,336,297.612,316
143700,297.4,297.4,297.45,297.35,297.4,305,-305,0,0.0400085,0.0500183,0.133325,0.133285,297.4,297.454,0.0580735,48.3145,26.6653,-0.0038208,-2583,722,0,0,0,287992,26,0.65,0.595311,9,0,6,8,11,9,297.375,336,297.612,316
143800,297.4,297.4,297.45,297.4,297.413,71,-71,0,0.0300049,0.0500183,0.142845,0.142801,297.4,297.446,0.0506529,44.4676,25.3301,-0.00233561,-2583,722,0,0,0,288005,13,0.67,0.595532,9,0,7,8,10,9,297.375,336,297.612,316
143900,297.4,297.4,297.45,297.4,297.413,25,-25,0,0.0200012,0.100037,0.142845,0.142801,297.4,297.441,0.0471276,49.6187,23.995,-0.00090332,-2583,722,0,0,0,288015,10,0.61,0.595575,9,0,7,8,9,9,297.375,336,297.612,316
144000,297.4,297.4,297.4,297.4,297.4,37,0,0,0.00999756,0.100037,0.153828,0.0768906,297.4,297.437,0.0473659,49.6187,26.6612,-0.00041097,-2583,722,0,0,0,288015,0,0.78,0.596117,9,0,7,7,10,9,297.375,336,297.612,316
144100,297.4,297.55,297.55,297.4,297.512,448,448,0.149994,0.0299988,0.150024,0.214245,0.0714005,297.4,297.442,0.0483122,51.0552,46.6612,0.00487467,-2583,722,0,0,0,287998,-17,0.84,0.596833,9,0,7,8,10,8,297.375,336,297.612,316
144200,297.55,297.6,297.6,297.45,297.563,630,630,0.0500183,0.0400024,0.200043,0.26665,0.0666423,297.4,297.449,0.0522724,72.076,59.9959,0.00973307,-2583,722,0,0,0,287910,-88,0.71,0.597164,9,0,8,9,9,7,297.375,336,297.612,316
144300,297.55,297.5,297.55,297.5,297.513,118,-118,-0.0499878,0.05,0.100037,0.24999,0.0624785,297.4,297.451,0.0542761,67.9002,65.3301,0.00911458,-2583,722,0,0,0,287906,-4,0.84,0.597872,9,0,9,8,10,7,297.375,336,297.612,316
144400,297.5,297.7,297.7,297.5,297.65,1276,1276,0.200012,0.0900024,0.250031,0.368431,0.0526147,297.4,297.458,0.066348,80.2675,78.6648,0.0136882,-2583,722,0,0,0,287873,-33,0.7,0.598168,9,0,8,9,10,7,297.375,336,297.65,344
144500,297.7,297.65,297.75,297.65,297.675,498,-498,-0.0500183,0.100006,0.250031,0.4,0.0499847,297.4,297.464,0.0816473,72.9902,86.9991,0.0150838,-2583,722,0,0,0,287709,-164,0.69,0.598435,9,0,9,9,10,7,297.375,336,297.675,345
144600,297.65,297.7,297.75,297.65,297.7,229,229,0.0500183,0.080011,0.350037,0.4,0,297.4,297.475,0.0958283,82.4164,84.4997,0.0151489,-2583,722,0,0,0,287714,5,0.67,0.598641,9,0,8,8,10,7,297.375,336,297.7,346
144700,297.75,297.8,297.8,297.7,297.775,681,681,0.0499878,0.0800049,0.400024,0.449998,0,297.4,297.493,0.113251,84.1228,84.4997,0.0168172,-2583,722,0,0,0,287743,29,0.61,0.598674,9,0,9,9,9,7,297.375,336,297.775,347
144800,297.8,297.8,297.85,297.75,297.8,625,-625,0,0.0700073,0.400024,0.476211,0,297.4,297.51,0.13032,84.1228,90.2772,0.0158691,-2583,722,0,0,0,287797,54,0.74,0.59908,9,0,10,10,9,6,297.375,336,297.8,348
144900,297.8,297.8,297.85,297.75,297.8,353,-353,0,0.0300049,0.400024,0.454571,0,297.4,297.529,0.143012,84.1228,88.0542,0.0131632,-2583,722,0,0,0,287757,-40,0.6,0.599083,9,0,10,10,9,6,297.375,336,297.8,349
145000,297.8,297.8,297.85,297.75,297.8,160,-160,0,0.0200012,0.400024,0.416688,0,297.4,297.55,0.152174,84.1228,90.8316,0.00949301,-2583,722,0,0,0,287663,-94,0.77,0.599571,9,0,10,10,8,5,297.375,336,297.8,350
145100,297.8,297.8,297.85,297.75,297.8,418,-418,0,0.00999756,0.250031,0.304373,0,297.4,297.566,0.160887,82.0513,90.8301,0.00546061,-2583,722,0,0,0,287604,-59,0.72,0.599914,9,0,10,10,7,4,297.375,336,297.8,351
145200,297.8,297.65,297.8,297.65,297.688,544,-544,-0.149994,0.0299988,0.0500183,0.26088,0.08696,297.4,297.578,0.163046,65.3323,79.4011,-0.00309652,-2583,722,0,0,0,287491,-113,0.45,0.599488,9,0,9,10,7,5,297.375,336,297.8,351
145300,297.65,297.65,297.65,297.6,297.637,93,93,0,0.0299988,0.100006,0.272742,0.136357,297.4,297.588,0.163007,67.7192,70.195,-0.0103963,-2583,722,0,0,0,287514,23,0.64,0.599603,9,0,9,9,8,6,297.375,336,297.8,351
145400,297.65,297.7,297.7,297.6,297.675,268,268,0.0500183,0.0400024,-0.0499878,0.200012,0.149994,297.4,297.6,0.163336,53.0663,60.4184,-0.0120076,-2583,722,0,0,0,287498,-16,0.56,0.599491,9,0,8,9,8,6,297.375,336,297.8,351
145500,297.65,297.6,297.7,297.6,297.625,501,-501,-0.0499878,0.05,-0.0499573,0.150024,0.149994,297.4,297.611,0.162904,52.9967,42.6414,-0.013859,-2583,722,0,0,0,287505,7,0.57,0.599408,9,0,7,9,8,6,297.375,336,297.8,351
145600,297.65,297.55,297.65,297.55,297.575,350,-350,-0.100006,0.0700012,-0.199982,0.150024,0.200012,297.4,297.621,0.162154,40.4938,25.1423,-0.0152832,-2583,722,0,0,0,287432,-73,0.57,0.599326,9,0,7,8,9,6,297.375,336,297.8,351
145700,297.6,297.55,297.6,297.55,297.563,46,-46,-0.0500183,0.0500061,-0.299988,0.105297,0.21053,297.4,297.629,0.162292,16.1164,16.5714,-0.0153564,-2583,722,0,0,0,287411,-21,0.59,0.5993,9,0,7,8,9,5,297.375,336,297.8,351
145800,297.55,297.6,297.65,297.55,297.6,375,375,0.0500183,0.0600098,-0.249969,0.105265,0.21053,297.4,297.638,0.162381,31.5492,11.3348,-0.0125366,-2583,722,0,0,0,287388,-23,0.5,0.599022,9,0,7,9,9,5,297.375,336,297.8,351
145900,297.6,297.55,297.65,297.55,297.575,268,-268,-0.0500183,0.0600098,-0.299988,0.105265,0.21053,297.4,297.646,0.162902,27.8832,3.33435,-0.0105062,-2583,722,0,0,0,287468,80,0.59,0.598997,9,0,7,9,8,5,297.375,336,297.8,351
150000,297.55,297.65,297.65,297.55,297.625,179,179,0.100006,0.0700134,-0.199982,0.105265,0.21053,297.4,297.658,0.162949,33.0776,10.001,-0.00594889,-2583,722,0,0,0,287573,105,0.65,0.599139,9,0,7,9,7,4,297.375,336,297.8,351
150100,297.6,297.75,297.8,297.6,297.725,723,723,0.149994,0.080011,-0.0499878,0.238091,0.190485,297.5,297.668,0.162792,48.1635,26.002,0.00158284,-2583,722,0,0,0,287516,-57,0.66,0.599307,9,0,7,9,7,4,297.375,336,297.8,351
150200,297.8,297.85,297.9,297.75,297.837,872,872,0.0500183,0.080011,0.150024,0.333333,0.0952423,297.5,297.682,0.164749,68.3629,43.1456,0.0104329,-2583,722,0,0,0,287665,149,0.53,0.599116,9,0,8,10,7,4,297.375,336,297.837,362
150300,297.85,297.7,297.9,297.7,297.75,502,-502,-0.149994,0.100006,3.05E-05,0.291669,0.0833376,297.5,297.694,0.164907,59.8622,48.3839,0.010022,-2583,722,0,0,0,287507,-158,0.59,0.599091,9,0,8,10,6,5,297.375,336,297.837,362
150400,297.75,297.8,297.85,297.7,297.787,455,455,0.0499878,0.1,0,0.23999,0.0800049,297.55,297.701,0.161218,61.6401,62.6694,0.00924479,-2583,722,0,0,0,287573,66,0.49,0.598791,9,0,8,10,7,5,297.375,336,297.837,362
150500,297.75,297.75,297.8,297.75,297.763,397,-397,0,0.0799988,0.0499878,0.249994,0.0833397,297.55,297.705,0.154225,63.1926,67.4318,0.0054891,-2583,722,0,0,0,287475,-98,0.61,0.598822,9,0,9,10,8,5,297.375,336,297.837,362
150600,297.8,297.8,297.85,297.75,297.8,229,-229,0,0.05,0.149994,0.291676,0.0416571,297.55,297.71,0.147176,70.8266,65.7163,0.00392253,-2583,722,0,0,0,287446,-29,0.53,0.598634,9,0,9,11,8,4,297.4,340,297.837,362
150700,297.8,297.8,297.85,297.75,297.8,348,-348,0,0.0399963,0.200012,0.280012,0.0399912,297.55,297.711,0.135268,70.8266,62.8581,0.00311686,-2583,722,0,0,0,287379,-67,0.68,0.598855,9,0,9,11,8,4,297.4,340,297.837,362
150800,297.85,297.8,297.85,297.8,297.813,82,-82,-0.0500183,0.0200012,0.0999756,0.250019,0.0416571,297.55,297.712,0.121006,67.8103,68.5709,0.00248617,-2583,722,0,0,0,287307,-72,0.58,0.598804,9,0,9,11,8,4,297.4,340,297.837,362
150900,297.8,297.65,297.8,297.65,297.688,417,-417,-0.149994,0.0400024,0,0.240021,0.159989,297.55,297.706,0.104797,65.1318,60,-0.00410156,-2583,722,0,0,0,287221,-86,0.64,0.598916,9,0,9,11,9,5,297.4,340,297.837,362
151000,297.65,297.65,297.7,297.6,297.65,1103,-1103,0,0.0400024,-0.100006,0.240021,0.19998,297.55,297.699,0.0893095,63.3965,51.9036,-0.0097819,-2583,722,0,0,0,287647,426,0.43,0.598459,9,0,9,11,9,6,297.512,341,297.837,362
151100,297.65,297.6,297.65,297.6,297.612,32,-32,-0.0499878,0.05,-0.299988,0.136389,0.22725,297.55,297.689,0.0742181,53.5872,37.6181,-0.0138143,-2583,722,0,0,0,287632,-15,0.49,0.598167,9,0,9,10,10,6,297.513,343,297.837,362
151200,297.65,297.55,297.65,297.55,297.575,198,-198,-0.100006,0.0700012,-0.450012,0.047637,0.285706,297.55,297.684,0.0725983,30.6774,23.3327,-0.0161336,-2583,722,0,0,0,287564,-68,0.56,0.598064,9,0,8,9,10,7,297.513,343,297.837,362
151300,297.55,297.65,297.7,297.55,297.638,508,508,0.100006,0.0799988,-0.200012,0.100034,0.249992,297.55,297.684,0.0727701,53.3113,15.7139,-0.0119141,-2583,722,0,0,0,287717,153,0.61,0.598096,9,0,7,10,9,7,297.563,357,297.837,362
151400,297.65,297.65,297.7,297.65,297.663,124,-124,0,0.05,-0.25,0.111145,0.277761,297.55,297.683,0.0713232,41.38,16.666,-0.00687256,-2583,722,0,0,0,287734,17,0.48,0.597781,9,0,8,9,9,7,297.563,357,297.837,362
151500,297.65,297.65,297.7,297.65,297.663,37,-37,0,0.05,-0.25,0.111141,0.277751,297.55,297.685,0.0712612,53.2535,20,-0.00315348,-2583,722,0,0,0,287734,0,0.54,0.597626,9,0,7,8,9,7,297.563,357,297.837,362
151600,297.65,297.65,297.8,297.55,297.662,1077,-1077,0,0.0400024,-0.25,0.0476329,0.333314,297.55,297.689,0.0709524,43.9805,26.6667,-0.000960287,-2583,722,0,0,0,288020,286,0.4,0.597101,9,0,7,9,9,8,297.563,357,297.837,362
151700,297.65,297.6,297.65,297.55,297.6,119,-119,-0.0499878,0.0299988,-0.299988,0.0476329,0.333314,297.55,297.691,0.0725101,39.873,30.001,-0.00319417,-2583,722,0,0,0,288044,24,0.58,0.597055,9,0,6,8,10,8,297.563,357,297.837,362
151800,297.55,297.55,297.6,297.55,297.563,37,-37,0,0.00999756,-0.249969,0.0476329,0.333314,297.55,297.689,0.0770582,38.748,23.3344,-0.00607503,-2583,722,0,0,0,288041,-3,0.45,0.596666,9,0,5,7,11,8,297.563,378,297.837,362
151900,297.55,297.6,297.6,297.55,297.588,67,67,0.0500183,0.0200012,-0.0499573,0.0526451,0.210516,297.55,297.69,0.0794267,59.8366,20.6691,-0.00580241,-2583,722,0,0,0,288046,5,0.58,0.596622,9,0,5,7,11,8,297.563,378,297.837,362
152000,297.6,297.55,297.6,297.55,297.563,743,-743,-0.0500183,0.0300049,-0.0999756,0.0555687,0.166672,297.55,297.687,0.0833501,33.7481,14.0025,-0.00579427,-2583,722,0,0,0,288025,-21,0.53,0.596447,9,0,5,7,11,8,297.563,380,297.837,362
152100,297.6,297.55,297.65,297.55,297.575,217,-217,-0.0500183,0.0400085,-0.100006,0.105255,0.157898,297.55,297.679,0.0853864,34.3941,7.33582,-0.00395101,-2583,722,0,0,0,287947,-78,0.63,0.596535,9,0,5,8,11,8,297.563,380,297.837,362
152200,297.55,297.65,297.7,297.55,297.638,400,400,0.100006,0.0500122,0.100006,0.150002,0.0999908,297.55,297.669,0.078793,52.0327,12.002,0.000646973,-2583,722,0,0,0,287771,-176,0.63,0.596623,9,0,5,9,10,7,297.563,380,297.837,362
152300,297.65,297.65,297.7,297.65,297.663,273,-273,0,0.0500122,0,0.1111,0.1111,297.55,297.665,0.077086,34.1916,20.0024,0.00435384,-2583,722,0,0,0,287754,-17,0.58,0.596579,9,0,6,9,9,6,297.563,380,297.837,362
152400,297.65,297.6,297.65,297.55,297.6,370,-370,-0.0499878,0.0500061,-0.0499878,0.105255,0.210509,297.55,297.656,0.0758574,26.904,20.0024,0.00325521,-2583,722,0,0,0,287716,-38,0.53,0.596406,9,0,6,8,10,7,297.563,380,297.837,362
152500,297.6,297.55,297.6,297.55,297.563,482,-482,-0.0500183,0.0500061,-0.100006,0.105255,0.210509,297.55,297.646,0.076651,21.0578,20.0024,0.000223797,-2583,722,0,0,0,287621,-95,0.58,0.596363,9,0,6,8,11,7,297.563,385,297.837,362
152600,297.6,297.6,297.6,297.55,297.588,418,418,0,0.0400024,-0.100006,0.133314,0.133314,297.55,297.635,0.0748554,33.5758,26.6705,-0.000724284,-2583,722,0,0,0,287594,-27,0.53,0.596192,9,0,6,8,10,6,297.563,385,297.837,362
152700,297.6,297.6,297.6,297.55,297.588,160,160,0,0.0200012,-0.0500183,0.142832,0.142832,297.55,297.624,0.0727547,35.1633,25.338,-0.000842284,-2583,722,0,0,0,287616,22,0.53,0.59602,9,0,6,8,9,6,297.563,385,297.837,362
152800,297.6,297.55,297.6,297.55,297.563,147,-147,-0.0500183,0.0300049,-0.100037,0.142832,0.142832,297.55,297.612,0.0696127,33.691,17.3375,-0.0012207,-2583,722,0,0,0,287560,-56,0.58,0.595979,9,0,6,7,9,6,297.563,388,297.837,362
152900,297.6,297.6,297.65,297.55,297.6,555,555,0,0.0200073,-0.150055,0.199951,0.133314,297.55,297.608,0.0696189,44.0796,20.0041,0.000687663,-2583,722,0,0,0,287388,-172,0.63,0.596067,9,0,6,8,9,6,297.563,388,297.837,362
153000,297.6,297.65,297.65,297.55,297.625,1232,1232,0.0499878,0.0200012,-0.0500488,0.187459,0.124986,297.55,297.606,0.0688,72.2829,33.336,0.00283203,-2583,722,0,0,0,287054,-334,0.31,0.595333,9,0,6,8,9,6,297.563,388,297.837,362
153100,297.65,297.6,297.7,297.6,297.625,1069,-1069,-0.0499878,0.0299988,-0.0500183,0.187498,0.124986,297.55,297.607,0.0671114,55.746,33.336,0.00393066,-2583,722,0,0,0,286701,-353,0.36,0.594731,9,0,6,8,9,6,297.563,388,297.837,362
153200,297.65,297.65,297.7,297.6,297.65,974,-974,0,0.0299988,-0.150024,0.13332,0.13332,297.55,297.611,0.0638487,60.588,40,0.00539958,-2583,722,0,0,0,286492,-209,0.76,0.595153,9,0,5,7,9,6,297.563,388,297.813,368
153300,297.6,297.7,297.7,297.6,297.675,387,387,0.100006,0.0399963,-0.0500183,0.12499,0.12499,297.55,297.613,0.0639997,63.2957,60,0.0065389,-2583,722,0,0,0,286548,56,0.76,0.595572,9,0,5,7,9,5,297.563,388,297.813,368
153400,297.7,297.8,297.8,297.65,297.762,1465,1465,0.0999756,0.0599915,0.0999451,0.235246,0,297.55,297.617,0.070429,74.7693,73.332,0.010437,-2583,722,0,0,0,286742,194,0.76,0.59599,9,0,6,8,8,5,297.563,388,297.813,368
153500,297.8,297.8,297.85,297.75,297.8,1278,-1278,0,0.0499939,0.149963,0.277751,0,297.55,297.624,0.0805301,80.5365,76.6656,0.0132853,-2583,722,0,0,0,287082,340,0,0,9,0,6,9,7,5,297.563,388,297.813,368
