90100,297,297,297.1,296.8,296.975,5305,5305,0,0,0,0,0,0,296.975,0,0,0,0,-349,524,0,0,0,286484,481,0.15,0.15,0,0,0,0,0,0,0,0,0,0
90200,296.95,296.6,297,296.6,296.7,2901,-2901,-0.350006,0,0,0,0,0,296.7,0,0,0,-0.0238037,-1495,559,0,0,0,286457,-27,0.25,0.2,0,0,0,0,0,0,0,0,0,0
90300,296.6,296.6,296.65,296.55,296.6,1162,1162,0,0,0,0,0,0,296.6,0,0,0,-0.0496521,-1525,650,0,0,0,286645,188,0.16,0.186667,0,0,0,0,0,0,0,0,0,0
90400,296.65,296.6,296.65,296.55,296.6,567,-567,-0.0499878,0,0,0,0,0,296.6,0,0,0,-0.0679321,-1632,605,0,0,0,286628,-17,0.13,0.1725,0,0,0,0,0,0,0,0,0,0
90500,296.6,296.55,296.65,296.55,296.575,620,-620,-0.0500183,0,0,0,0,0,296.575,0,0,0,-0.0824585,-1747,619,0,0,0,286695,67,0.32,0.202,0,0,0,0,0,0,0,0,0,0
90600,296.55,296.8,296.9,296.55,296.763,1526,1526,0.25,0,0,0,0,0,296.763,0,0,0,-0.075531,-1897,700,0,0,0,286802,107,0.34,0.225,0,0,0,0,0,0,0,0,0,0
90700,296.8,296.95,297,296.8,296.925,1497,1497,0.150024,0,0,0,0,0,296.925,0,0,0,-0.0550232,-1848,664,0,0,0,286626,-176,0.3,0.235714,0,0,0,0,0,0,0,0,0,0
90800,296.95,296.8,296.95,296.8,296.837,785,-785,-0.150024,0,0,0,0,0,296.837,0,0,0,-0.0464783,-1922,676,-224,21,0,286632,6,0.2,0.23125,0,0,0,0,0,0,0,0,0,0
90900,296.85,296.85,296.95,296.85,296.875,316,-316,0,0,0,0,0,0,296.875,0,0,0,-0.0361023,-1887,712,-56,21,0,286719,87,0.24,0.232222,0,0,0,0,0,0,0,0,0,0
91000,296.85,296.8,296.9,296.75,296.813,751,-751,-0.0500183,0,-0.250031,0,0,0,296.813,0,0,0,-0.0332336,-1866,659,-48,1,-1382,286690,-29,0.24,0.233,0,0,0,0,0,0,0,0,0,0
91100,296.85,296.75,296.85,296.75,296.775,762,-762,-0.100006,0,-0.350037,0.194439,0.194439,0,296.775,0,36.4667,0,-0.0337524,-1918,720,-40,16,-262,286632,-58,0.39,0.247273,0,0,0,0,0,0,0,0,0,0
91200,296.75,296.8,296.85,296.75,296.8,345,345,0.0499878,0,0.0499573,0.233323,0.10001,0,296.8,0,55.8068,0,-0.0313721,-2010,733,-37,16,-402,286588,-44,0.37,0.2575,0,0,0,0,0,0,0,0,0,0
91300,296.85,296.7,296.95,296.7,296.763,629,-629,-0.149994,0,-0.100037,0.272721,0.0606066,0,296.763,0,50.9527,0,-0.0323181,-2098,801,-28,14,-270,286546,-42,0.32,0.262308,0,0,0,0,0,0,0,0,0,0
91400,296.7,296.8,296.85,296.7,296.787,760,760,0.0999756,0,0.0499268,0.264702,0.0588246,0,296.787,0,55.6171,0,-0.0303345,-2211,740,-51,10,-343,286685,139,0.49,0.278571,0,0,0,0,0,0,0,0,0,0
91500,296.8,296.8,296.8,296.7,296.775,304,304,0,0,0.0999451,0.264706,0.0588256,0,296.775,0,60.2916,48.8892,-0.0294189,-2061,542,-19,-19,-322,286663,-22,0.55,0.296667,0,0,0,0,0,0,0,0,0,0
91600,296.8,296.7,296.8,296.7,296.725,337,-337,-0.0999756,0,-0.250031,0.137938,0.0689692,0,296.725,0,47.2068,40,-0.0325623,-2113,564,-32,-21,-365,286686,23,0.39,0.3025,0,0,0,0,0,0,0,0,0,0
91700,296.7,296.6,296.75,296.6,296.638,802,-802,-0.100006,0,-0.500061,0.0714332,0.142866,0,296.638,0,25.9,28.8892,-0.0419006,-1947,399,-11,-37,-302,286941,255,0.39,0.307647,0,0,0,0,0,0,0,0,0,0
91800,296.6,296.55,296.65,296.45,296.55,1704,-1704,-0.0500183,0,-0.400055,0.0689721,0.241392,0,296.55,0,22.1897,26.2206,-0.0556641,-1838,375,11,-49,-288,286640,-301,0.36,0.310556,0,0,0,0,0,0,0,0,0,0
91900,296.55,296.6,296.6,296.5,296.575,348,348,0.0500183,0,-0.350037,0.0714364,0.250016,0,296.575,0,22.5722,21.1096,-0.0627136,-1640,369,52,-52,-64,286691,51,0.35,0.312632,0,0,0,0,0,0,0,0,0,0
92000,296.6,296.55,296.7,296.55,296.587,454,-454,-0.0500183,0,-0.350037,0.14287,0.178576,296.55,296.732,0.0316215,23.6656,13.9978,-0.0657654,-1633,403,66,-56,-32,286699,8,0.38,0.316,0,0,0,0,0,0,0,0,0,0
92100,296.55,296.45,296.55,296.45,296.475,872,-872,-0.0999756,0,-0.350006,0.142873,0.249995,296.55,296.707,0.0591184,23.2523,13.9978,-0.0766296,-1683,423,75,-45,17,286850,151,0.38,0.319048,0,0,0,0,0,0,0,0,0,0
92200,296.45,296.45,296.55,296.45,296.475,654,-654,0,0,-0.399994,0.142876,0.25,296.45,296.696,0.07545,18.7664,13.9978,-0.0833435,-1618,439,63,-14,118,286971,121,0.46,0.325455,0,0,0,0,0,0,0,0,0,0
92300,296.45,296.5,296.5,296.45,296.487,217,217,0.0499878,0,-0.200012,0.0833461,0.291673,296.45,296.69,0.0884773,24.1235,12.4982,-0.0858154,-1868,498,35,-9,101,287080,109,0.48,0.332174,0,0,0,0,0,0,0,0,0,0
92400,296.45,296.45,296.5,296.45,296.463,245,-245,0,0.0399963,-0.299988,0.0909242,0.318193,296.45,296.683,0.100851,11.3465,6.49845,-0.00556234,-1872,494,10,13,141,287094,14,0.38,0.334167,0,0,0,0,0,0,0,0,0,0
92500,296.4,296.3,296.4,296.25,296.313,1192,-1192,-0.100006,0.0499939,-0.399994,0.0833439,0.458353,296.4,296.67,0.128101,9.15627,4.31721,-0.00966796,-1980,512,-20,19,81,287189,95,0.39,0.3364,0,1,0,0,0,0,0,0,0,0
92600,296.25,296.2,296.35,296.15,296.225,936,-936,-0.0499878,0.0399963,-0.350006,0.0769303,0.500012,296.25,296.643,0.157467,8.34753,5.98447,-0.014681,-1912,598,-38,32,234,287342,153,0.5,0.342692,0,2,0,0,0,0,0,0,0,0
92700,296.2,296.2,296.25,296.15,296.2,323,323,0,0.0399963,-0.25,0.0800068,0.440001,296.2,296.607,0.181852,9.47009,7.80325,-0.0164022,-1928,677,-42,39,212,287456,114,0.49,0.348148,0,2,0,0,0,0,0,0,0,0
92800,296.2,296.15,296.25,296.15,296.175,602,-602,-0.0500183,0.0400024,-0.25,0.0869623,0.347823,296.2,296.574,0.201702,11.6175,5.30383,-0.0152466,-2048,700,-52,39,-77,287543,87,0.54,0.355,0,3,0,0,0,0,0,0,0,0
92900,296.15,296.25,296.25,296.05,296.2,1050,1050,0.100006,0.0600037,-0.200012,0.0800049,0.4,296.15,296.54,0.216888,22.7481,11.4578,-0.00964355,-1807,761,-27,46,184,287815,272,0.4,0.356552,0,3,0,0,0,0,0,0,0,0
93000,296.25,296.2,296.25,296.2,296.213,121,-121,-0.0499878,0.05,-0.199982,0,0.434796,296.15,296.51,0.226587,24.1972,15.641,-0.00345866,-1818,805,7,43,247,287814,-1,0.37,0.357,0,3,6,5,15,10,296.175,28,296.975,1
93100,296.2,296.25,296.3,296.2,296.25,387,387,0.0499878,0.05,-0.0500183,0.043469,0.347858,296.15,296.484,0.232531,34.8184,21.9742,0.00305583,-1880,801,-1,43,100,287931,117,0.22,0.352581,0,3,5,5,15,10,296.175,28,296.925,7
93200,296.25,296.15,296.3,296.15,296.188,556,-556,-0.100006,0.0700012,-0.150024,0.0416571,0.375041,296.15,296.453,0.239323,31.1705,24.6,0.00437826,-1899,807,11,42,278,287878,-53,0.38,0.353438,0,3,5,5,14,10,296.175,28,296.925,7
93300,296.15,296.15,296.2,296.15,296.163,374,-374,0,0.0599976,-0.200012,0.0416561,0.375032,296.15,296.423,0.246056,28.2332,29.0446,0.00396322,-1965,772,-7,24,185,287858,-20,0.29,0.351515,0,3,5,5,14,9,296.163,33,296.925,7
93400,296.15,296.15,296.2,296.15,296.163,193,-193,0,0.0399963,-0.200012,0.041655,0.375022,296.15,296.392,0.251156,29.6623,28.6052,0.00402832,-1966,794,-5,16,296,287853,-5,0.34,0.351177,0,3,5,5,14,9,296.163,34,296.925,7
93500,296.2,296.25,296.25,296.15,296.225,227,227,0.0499878,0.0399963,-0.0500183,0.0908839,0.227293,296.15,296.364,0.253312,42.8971,35.9375,0.0074707,-1943,816,15,16,187,287930,77,0.29,0.349429,0,3,5,6,14,9,296.163,34,296.925,7
93600,296.25,296.2,296.3,296.2,296.225,340,-340,-0.0499878,0.0399963,-0.0500183,0.149963,0.150024,296.15,296.339,0.254413,50.6855,39.939,0.0101888,-1966,830,-22,9,115,287965,35,0.2,0.345278,0,3,6,6,14,9,296.163,34,296.925,7
93700,296.2,296.25,296.25,296.2,296.237,321,321,0.0499878,0.0299927,-3.05E-05,0.157859,0.157923,296.15,296.319,0.255125,55.0782,51.4954,0.0121541,-1901,826,-11,3,273,287959,-6,0.43,0.347568,0,3,5,5,15,9,296.163,34,296.875,9
93800,296.25,296.3,296.3,296.25,296.287,117,117,0.0499878,0.0399902,0.0999756,0.222177,0.166701,296.15,296.306,0.255176,67.3933,67.0508,0.0148356,-1857,860,3,8,49,287959,0,0.36,0.347895,0,3,6,6,14,9,296.163,34,296.875,9
93900,296.25,296.25,296.3,296.2,296.25,199,0,0,0.0399902,-3.05E-05,0.249962,0.125019,296.15,296.29,0.255326,46.3864,74.671,0.0133952,-1952,880,-7,10,-59,287983,24,0.39,0.348974,0,3,5,6,14,10,296.163,34,296.813,10
94000,296.3,296.25,296.35,296.25,296.275,209,-209,-0.0499878,0.0399902,-3.05E-05,0.294101,0.117662,296.15,296.274,0.253625,49.0005,71.3376,0.012972,-1924,902,5,18,57,287992,9,0.44,0.35125,0,3,6,7,13,9,296.163,34,296.8,12
94100,296.3,296.25,296.3,296.2,296.25,305,-305,-0.0499878,0.0399902,-0.100006,0.235288,0.176475,296.15,296.263,0.248667,37.7854,69.3357,0.0107096,-1934,911,4,16,69,287973,-19,0.28,0.349512,0,3,6,7,13,10,296.163,34,296.8,12
94200,296.25,296.2,296.25,296.2,296.213,96,-96,-0.0499878,0.0399902,-0.0499878,0.266664,0.133312,296.15,296.25,0.244209,51.1539,58.3362,0.0069458,-2025,917,-11,14,85,287973,0,0.34,0.349286,0,3,6,7,14,10,296.163,34,296.787,14
94300,296.2,296.2,296.25,296.2,296.213,59,-59,0,0.0299927,-0.0499878,0.266675,0.133317,296.15,296.236,0.239837,51.1539,43.3377,0.00491943,-2084,961,-16,18,49,287983,10,0.27,0.347442,0,3,6,6,14,9,296.163,34,296.787,14
94400,296.2,296.2,296.3,296.2,296.225,209,-209,0,0.0299927,-0.0499878,0.312514,0.12499,296.15,296.224,0.23491,51.1539,35.0046,0.00433756,-2104,960,-29,19,-17,288052,69,0.33,0.347045,0,3,6,7,13,9,296.163,34,296.775,15
94500,296.25,296.25,296.3,296.2,296.25,125,0,0,0.0199951,-0.0999756,0.250029,0.124995,296.15,296.221,0.221319,46.9959,31.6699,0.00556234,-2120,957,-37,13,-27,288042,-10,0.3,0.346,0,3,6,7,12,9,296.163,34,296.725,16
94600,296.3,296.3,296.3,296.25,296.287,106,106,0,0.00999756,-0.0499878,0.200033,0.133328,296.15,296.224,0.201895,69.3993,35.0005,0.00810547,-2092,946,-20,9,-71,288072,30,0.42,0.347609,0,3,7,7,12,9,296.163,34,296.638,17
94700,296.3,296.25,296.3,296.25,296.263,91,-91,-0.0499878,0.00999756,-0.149963,0.200033,0.133328,296.15,296.228,0.180445,47.4136,36.6643,0.00782471,-2128,949,-29,6,-182,288036,-36,0.45,0.349787,0,3,7,7,11,8,296.163,34,296.587,20
94800,296.25,296.3,296.4,296.25,296.313,443,443,0.0499878,0.0199951,-0.149963,0.235349,0.117639,296.15,296.234,0.158989,63.5891,41.6612,0.00921631,-2161,965,-32,7,-124,287966,-70,0.44,0.351667,0,3,7,8,10,7,296.163,34,296.587,20
94900,296.25,296.25,296.25,296.2,296.237,181,181,0,0.0199951,-0.149963,0.235349,0.117639,296.15,296.236,0.137541,64.6881,41.659,0.00563965,-2239,1006,-30,12,-211,287957,-9,0.41,0.352857,0,3,6,8,10,8,296.163,34,296.587,20
95000,296.25,296.25,296.25,296.15,296.225,180,180,0,0.0199951,-0.0999756,0.176494,0.176494,296.15,296.237,0.120978,64.6881,42.9941,0.00244548,-2297,1013,-30,7,-261,287926,-31,0.32,0.3522,0,3,5,7,10,9,296.163,34,296.487,23
95100,296.2,296.2,296.25,296.2,296.213,46,-46,0,0.0199951,-0.0499878,0.187524,0.125029,296.15,296.235,0.10918,61.9536,33.665,0.000174966,-2287,1030,-26,10,-149,287939,13,0.46,0.354314,0,3,6,7,9,8,296.163,34,296.487,23
95200,296.2,296.35,296.35,296.2,296.313,350,350,0.149994,0.0399963,0.149994,0.277817,0.111134,296.15,296.241,0.0942759,76.3076,43.0006,0.00369059,-2247,1038,-18,11,-86,287968,29,0.54,0.357885,0,3,6,8,9,8,296.163,34,296.487,23
95300,296.35,296.35,296.4,296.35,296.362,345,-345,0,0.0299988,0.149994,0.333367,0.111134,296.15,296.251,0.0791478,76.3076,49.0031,0.00853272,-2175,1048,-11,14,17,288057,89,0.44,0.359434,0,3,7,9,8,8,296.163,34,296.463,24
95400,296.35,296.3,296.4,296.3,296.325,134,-134,-0.0500183,0.0400024,0.0999756,0.277808,0.166712,296.2,296.259,0.0632525,69.3789,56.0034,0.00878499,-2204,1080,-10,18,39,288072,15,0.39,0.36,0,3,7,9,8,9,296.163,34,296.362,53
95500,296.35,296.4,296.4,296.35,296.387,328,328,0.0499878,0.05,0.149963,0.277799,0.166706,296.2,296.267,0.0598381,73.0831,68.0029,0.0105632,-2138,1074,3,15,82,288100,28,0.3,0.358909,0,3,8,9,7,8,296.163,34,296.387,55
95600,296.35,296.3,296.4,296.3,296.325,86,-86,-0.0500183,0.0600037,0.0999451,0.263171,0.210582,296.2,296.272,0.0565972,67.5747,76.001,0.00679118,-2214,1096,3,12,61,288084,-16,0.18,0.355714,0,3,8,9,6,8,296.163,34,296.387,55
95700,296.35,296.3,296.35,296.3,296.313,198,-198,-0.0500183,0.0400085,0.0999146,0.263163,0.210575,296.2,296.276,0.0539866,71.4958,71.9995,0.00315755,-2261,1136,5,17,71,288077,-7,0.17,0.352456,0,3,8,9,6,8,296.163,34,296.387,55
95800,296.35,296.35,296.4,296.35,296.362,456,-456,0,0.0400085,0.0499268,0.222203,0.222271,296.2,296.28,0.0571304,71.7316,71.9995,0.00328776,-2297,1147,-1,16,83,288159,82,0.27,0.351034,0,3,9,10,6,8,296.163,34,296.387,55
95900,296.35,296.35,296.4,296.3,296.35,234,234,0,0.0300049,0.0499268,0.222196,0.222298,296.2,296.285,0.0582686,81.002,76.001,0.00231934,-2382,1196,-19,22,98,288155,-4,0.34,0.350847,0,3,9,10,6,8,296.163,34,296.387,55
100000,296.35,296.45,296.45,296.35,296.425,165,165,0.100006,0.0400085,0.149933,0.27777,0.166723,296.2,296.293,0.0645123,83.0054,76.001,0.00548096,-2362,1179,-26,18,74,288180,25,0.17,0.347833,0,3,9,11,6,8,296.163,34,296.425,60
100100,296.4,296.4,296.45,296.35,296.4,271,-271,0,0.0300049,0.149933,0.263146,0.157945,296.2,296.3,0.068215,72.5691,80,0.00541992,-2365,1182,-23,14,26,288168,-12,0.22,0.345738,0,3,9,10,6,8,296.163,34,296.425,60
100200,296.4,296.35,296.45,296.35,296.375,77,-77,-0.0499878,0.0299988,-0.0500488,0.16665,0.166718,296.2,296.308,0.0698597,62.5584,74.6685,0.00311279,-2426,1232,-41,22,-67,288131,-37,0.17,0.342903,0,3,9,10,6,7,296.163,34,296.425,60
100300,296.35,296.35,296.35,296.3,296.338,214,214,0,0.0299988,-0.0500488,0.111107,0.222282,296.2,296.314,0.0698509,62.5584,65.3356,-0.000537109,-2496,1254,-40,22,-118,288129,-2,0.34,0.342857,0,3,9,10,6,8,296.163,34,296.425,60
100400,296.3,296.25,296.3,296.15,296.237,634,-634,-0.0499878,0.0399963,-0.0500183,0.0999969,0.300021,296.2,296.315,0.0721726,47.0574,56.0012,-0.00770264,-2716,1330,-65,27,-322,288015,-114,0.32,0.3425,0,3,9,10,7,9,296.213,51,296.425,60
100500,296.2,296.15,296.25,296.15,296.175,334,-334,-0.0500183,0.0299988,-0.150024,0.0999969,0.300021,296.2,296.311,0.0773664,30.705,36.0012,-0.0136068,-2702,1328,-57,25,-256,288107,92,0.4,0.343385,0,3,9,9,8,9,296.175,65,296.425,60
100600,296.15,296.25,296.3,296.15,296.237,520,520,0.100006,0.05,0,0.142841,0.238106,296.15,296.309,0.0780799,46.4429,26.6694,-0.0122477,-2726,1352,-49,22,-249,288220,113,0.21,0.341364,0,3,8,9,8,9,296.175,65,296.425,60
100700,296.25,296.15,296.25,296.15,296.175,197,-197,-0.100006,0.0600037,-0.0499878,0.13635,0.227287,296.15,296.304,0.08217,42.9967,20.0014,-0.012325,-2673,1325,-44,20,-198,288204,-16,0.29,0.340597,0,3,8,9,8,9,296.175,67,296.425,60
100800,296.2,296.15,296.2,296.15,296.163,38,-38,-0.0500183,0.0700073,-0.100006,0.0952367,0.238106,296.15,296.297,0.0852146,31.1665,13.3333,-0.0108683,-2750,1335,-55,21,-229,288209,5,0.26,0.339412,0,3,7,8,9,9,296.163,68,296.425,60
100900,296.2,296.2,296.25,296.2,296.213,237,-237,0,0.0600098,-0.100006,0.142841,0.190473,296.15,296.296,0.0870216,37.8652,10.001,-0.00643717,-2700,1311,-39,11,-206,288298,89,0.27,0.338406,0,3,8,9,9,8,296.163,68,296.425,60
101000,296.2,296.15,296.2,296.15,296.163,505,-505,-0.0500183,0.0600098,-0.250031,0.0999664,0.250008,296.15,296.293,0.0913472,27.279,10.001,-0.00577392,-2742,1324,-35,10,-235,288257,-41,0.34,0.338429,0,3,7,8,10,9,296.163,70,296.425,60
101100,296.15,296.25,296.25,296.15,296.225,275,275,0.100006,0.0600098,-0.150024,0.14995,0.250008,296.15,296.293,0.0928436,37.1372,10.001,-0.00142822,-2886,1353,-24,3,-339,288199,-58,0.42,0.339577,0,3,7,9,9,8,296.163,70,296.425,60
101200,296.25,296.3,296.3,296.25,296.287,150,150,0.0499878,0.0500061,-0.0500488,0.210459,0.26317,296.15,296.292,0.0919295,41.4475,24.9995,0.0041097,-2859,1352,-22,3,-265,288181,-18,0.18,0.337361,0,3,8,10,8,8,296.163,70,296.425,60
101300,296.3,296.2,296.3,296.2,296.225,273,-273,-0.0999756,0.0599976,-0.150024,0.199945,0.249992,296.15,296.285,0.0889856,37.8264,31.6689,0.0038208,-2821,1341,-13,-1,-94,288180,-1,0.25,0.336164,0,3,8,10,8,9,296.163,70,296.425,60
101400,296.2,296.2,296.25,296.15,296.2,203,203,0,0.0599976,-0.100037,0.222162,0.166689,296.15,296.279,0.0891922,47.4546,35.0039,0.00224609,-2846,1345,-24,2,-127,288113,-67,0.23,0.33473,0,3,8,9,9,10,296.163,70,296.425,60
101500,296.2,296.15,296.2,296.1,296.15,380,-380,-0.0500183,0.0599976,-0.100037,0.222162,0.22223,296.15,296.267,0.0892599,46.595,40.0031,-0.00172526,-3107,1414,-51,11,-319,288095,-18,0.36,0.335067,0,3,8,9,10,11,296.15,75,296.425,60
101600,296.1,296.15,296.25,296.05,296.15,1168,1168,0.0499878,0.0499939,-0.150055,0.157849,0.263178,296.1,296.258,0.0914708,32.825,41.337,-0.00377197,-3033,1429,-47,16,-256,288145,50,0.42,0.336184,0,3,7,10,10,12,296.15,76,296.425,60
101700,296.2,296.3,296.35,296.2,296.287,554,554,0.0999756,0.0599915,0.0499268,0.238055,0.238113,296.1,296.257,0.0912155,51.2282,43.0041,0.00272217,-2992,1417,-35,13,-160,288213,68,0.48,0.338052,0,3,8,11,10,12,296.15,76,296.425,60
101800,296.3,296.45,296.45,296.3,296.413,680,680,0.150024,0.0700012,0.249969,0.304312,0.217407,296.1,296.259,0.0945193,62.0929,56.3348,0.012557,-2712,1339,24,-2,16,288227,14,0.42,0.339103,0,3,9,11,10,12,296.15,76,296.425,60
101900,296.4,296.4,296.4,296.3,296.375,283,283,0,0.0700012,0.249969,0.249975,0.208346,296.1,296.261,0.0963601,53.525,67.1646,0.0154175,-2798,1351,8,0,-29,288098,-129,0.36,0.339367,0,3,9,11,10,11,296.15,76,296.425,60
102000,296.4,296.4,296.4,296.3,296.375,156,156,0,0.0599976,0.299988,0.239979,0.160002,296.1,296.258,0.0954157,63.9369,79.6646,0.0146769,-2833,1354,-1,1,54,288121,23,0.34,0.339375,0,3,9,11,10,10,296.15,76,296.425,60
102100,296.4,296.35,296.4,296.35,296.362,133,-133,-0.0499878,0.0599976,0.149994,0.208326,0.166671,296.1,296.256,0.0959895,56.4278,86.6641,0.0107056,-2837,1360,1,2,30,288175,54,0.27,0.338519,0,3,9,11,10,10,296.15,76,296.425,60
102200,296.35,296.35,296.35,296.3,296.338,183,183,0,0.0400024,0.100006,0.166667,0.208346,296.1,296.254,0.0961426,53.59,84.9985,0.0055542,-2869,1371,34,-6,-18,288188,13,0.26,0.337561,0,3,9,10,11,11,296.15,76,296.425,60
102300,296.35,296.3,296.4,296.3,296.325,140,-140,-0.0500183,0.0200012,0.149963,0.208315,0.166688,296.1,296.254,0.097684,56.8725,77.4977,0.00192871,-2852,1370,25,-8,19,288187,-1,0.24,0.336386,0,3,8,10,11,11,296.15,76,296.425,60
102400,296.3,296.35,296.35,296.25,296.325,176,176,0.0500183,0.0300049,0.199982,0.208315,0.166662,296.1,296.258,0.0968501,60.108,74.9985,-0.000203451,-2950,1389,6,-4,132,288199,12,0.25,0.335357,0,3,8,10,12,11,296.15,76,296.425,60
102500,296.35,296.3,296.35,296.25,296.3,160,-160,-0.0500183,0.0400085,0.199982,0.208315,0.12501,296.1,296.264,0.0928744,66.3216,69.9985,-0.00235596,-2905,1386,-27,6,85,288243,44,0.25,0.334353,0,3,7,10,12,11,296.15,76,296.425,60
102600,296.3,296.3,296.3,296.25,296.287,254,254,0,0.030011,0.149994,0.238077,0.0952367,296.1,296.267,0.0914037,66.3216,62.9965,-0.0037679,-2934,1436,-19,12,77,288278,35,0.23,0.33314,0,3,7,10,13,10,296.15,76,296.425,60
102700,296.25,296.3,296.3,296.25,296.287,94,94,0.0499878,0.0400085,0.100006,0.16665,0.111111,296.1,296.273,0.0873407,54.4561,52.995,-0.00419108,-2957,1435,-17,11,-149,288285,7,0.3,0.332759,0,3,7,10,12,10,296.15,76,296.425,60
102800,296.3,296.3,296.35,296.25,296.3,168,-168,0,0.0300049,-0.0500183,0.117649,0.117649,296.1,296.279,0.0824732,19.7294,47.1611,-0.00342204,-2986,1444,-21,12,-95,288312,27,0.27,0.332045,0,3,6,10,12,10,296.15,76,296.425,60
102900,296.3,296.3,296.3,296.25,296.287,42,42,0,0.0200012,-0.0500183,0.133341,0.133341,296.1,296.283,0.0805617,28.8988,38.8264,-0.00305176,-2964,1448,-13,11,-37,288302,-10,0.34,0.332135,0,3,6,10,13,9,296.15,76,296.425,60
103000,296.25,296.25,296.3,296.25,296.263,239,-239,0,0.00999756,-0.0500183,0.14287,0.14287,296.1,296.288,0.0756392,20.7552,26.3271,-0.0037557,-3021,1460,-24,12,-84,288310,8,0.24,0.331111,0,3,5,9,13,9,296.15,76,296.413,78
103100,296.3,296.1,296.3,296.1,296.15,1151,-1151,-0.199982,0.0499939,-0.200012,0.117658,0.294126,296.1,296.284,0.0782406,9.4351,18.3291,-0.00911458,-2888,1318,8,-10,-72,288465,155,0.34,0.331209,0,4,5,9,13,10,296.15,91,296.413,78
103200,296.1,296.15,296.15,296,296.112,1415,1415,0.0499878,0.0499939,-0.150024,0.105275,0.315793,296.1,296.276,0.0875257,48.4843,20.8304,-0.0130615,-3432,1430,-75,6,-520,288452,-13,0.22,0.33,0,4,5,9,14,11,296.112,92,296.413,78
103300,296.15,296.15,296.35,296.1,296.188,815,-815,0,0.0499939,-0.100006,0.227312,0.27273,296.1,296.274,0.088315,50.6466,22.736,-0.0101278,-3122,1268,-26,-24,-293,288325,-127,0.3,0.329677,0,4,6,10,13,10,296.112,92,296.413,78
103400,296.15,296.1,296.15,296.1,296.112,488,-488,-0.0499878,0.0599915,-0.200012,0.238141,0.238112,296.1,296.269,0.0930317,40.9726,21.7853,-0.0100911,-3174,1289,-31,-20,-366,288410,85,0.34,0.329787,0,4,6,10,13,9,296.112,94,296.413,78
103500,296.1,296.25,296.3,296.05,296.212,1027,1027,0.149994,0.0899902,0,0.333376,0.208347,296.1,296.273,0.0907465,56.5258,36.0707,-0.00353597,-3165,1364,-25,-11,-303,288401,-9,0.36,0.330105,0,4,6,11,12,10,296.112,94,296.413,78
103600,296.2,296.2,296.25,296.15,296.2,344,344,0,0.0499939,0,0.320035,0.20001,296.1,296.275,0.0890602,52.356,47.4998,8.14E-05,-3248,1361,-40,-12,-365,288403,2,0.36,0.330417,0,4,7,10,13,10,296.112,94,296.413,78
103700,296.25,296.2,296.25,296.15,296.2,354,-354,-0.0499878,0.0499939,-0.0999756,0.307721,0.192314,296.1,296.271,0.0902567,52.356,51.4291,0.00175374,-3308,1368,-41,-13,-398,288400,-3,0.36,0.330722,0,4,7,10,12,10,296.112,94,296.413,78
103800,296.15,296.25,296.25,296.15,296.225,509,509,0.100006,0.0699951,3.05E-05,0.269244,0.192314,296.1,296.261,0.0851841,57.0448,57.1436,0.00394287,-3315,1360,-61,6,-439,288401,1,0.4,0.331429,0,4,7,10,11,10,296.112,94,296.413,78
103900,296.25,296.3,296.35,296.2,296.287,360,360,0.0499878,0.0699951,0.0500183,0.321446,0.178576,296.1,296.257,0.0820292,59.8407,68.5709,0.00708008,-3251,1310,25,-17,-380,288410,9,0.49,0.33303,0,4,7,10,11,10,296.112,94,296.413,78
104000,296.35,296.25,296.35,296.25,296.275,304,-304,-0.100006,0.0599976,-0.0499878,0.310357,0.172416,296.1,296.252,0.0786688,59.1455,68.5709,0.00785319,-3238,1294,-16,3,-374,288418,8,0.24,0.3321,0,4,8,10,10,9,296.112,94,296.413,78
104100,296.25,296.25,296.3,296.2,296.25,243,0,0,0.0599976,0.149994,0.333348,0.111109,296.1,296.246,0.0746968,74.4536,71.4273,0.00627035,-3242,1269,-9,-2,29,288437,19,0.33,0.332079,0,4,8,9,11,10,296.112,94,296.413,78
104200,296.25,296.25,296.25,296.15,296.225,634,634,0,0.05,0.100006,0.346166,0.0769285,296.1,296.241,0.0727748,62.5357,73.3316,0.00328369,-3331,1275,-23,-12,-202,288438,1,0.28,0.331569,0,4,7,8,12,11,296.112,94,296.413,78
104300,296.25,296.25,296.3,296.25,296.263,128,-128,0,0.0299988,0.100006,0.272722,0.0909167,296.1,296.237,0.0708661,62.5357,72.3795,0.0027181,-3376,1299,-18,-8,-192,288414,-24,0.27,0.330971,0,4,8,9,12,10,296.112,94,296.413,78
104400,296.3,296.2,296.3,296.15,296.212,279,-279,-0.0999756,0.0399963,0.0500183,0.249994,0.166679,296.1,296.232,0.0697285,67.1617,65.2386,0.000240072,-3409,1309,-14,-8,-299,288353,-61,0.28,0.330481,0,4,8,9,11,10,296.112,94,296.413,78
104500,296.2,296.2,296.3,296.2,296.225,226,-226,0,0.0199951,-0.0999756,0.142857,0.190496,296.1,296.228,0.0692805,48.3863,55.9547,-0.000313314,-3410,1314,-13,-6,-209,288330,-23,0.32,0.330381,0,4,9,9,10,9,296.112,94,296.413,78
104600,296.2,296.1,296.2,296.1,296.125,800,-800,-0.100006,0.0399963,-0.199982,0.142857,0.285743,296.1,296.22,0.071846,38.5928,41.6692,-0.00505371,-3605,1355,-50,6,-310,288444,114,0.34,0.330472,0,4,9,8,11,9,296.112,94,296.413,78
104700,296.1,296.1,296.2,296.05,296.112,177,-177,0,0.0399963,-0.149994,0.136361,0.318222,296.1,296.211,0.0748547,38.5928,31.6702,-0.00788981,-3736,1370,-71,10,-411,288488,44,0.3,0.330187,0,4,8,7,11,10,296.112,107,296.413,78
104800,296.05,296.1,296.1,296.05,296.088,156,156,0.0500183,0.05,-0.199982,0.142853,0.333372,296.05,296.201,0.0791812,20.6596,21.6712,-0.00926107,-3798,1381,-79,16,-476,288536,48,0.4,0.330833,0,4,7,6,12,10,296.088,108,296.375,80
104900,296.05,296.1,296.15,296.05,296.1,398,398,0.0500183,0.0400085,-0.199951,0.0999756,0.350037,296.05,296.191,0.0817661,0,15.0046,-0.0081014,-3769,1370,-62,13,-455,288508,-28,0.3,0.330551,0,4,7,7,11,10,296.088,108,296.375,80
105000,296.15,296.2,296.25,296.1,296.188,607,607,0.0500183,0.0500122,-0.0499268,0.190461,0.333372,296.05,296.188,0.0816301,36.0046,22.005,-0.00161947,-3714,1393,-48,13,-348,288425,-83,0.34,0.330636,0,4,8,8,11,10,296.088,108,296.362,81
105100,296.2,296.15,296.25,296.15,296.175,463,-463,-0.0500183,0.0400146,-0.0999451,0.190455,0.285756,296.05,296.189,0.07728,28.2471,30.0055,0.00189616,-3728,1436,-45,18,-236,288378,-47,0.3,0.33036,0,4,8,8,11,10,296.088,108,296.338,82
105200,296.15,296.05,296.15,296.05,296.075,227,-227,-0.100006,0.0600159,-0.199951,0.190455,0.333362,296.05,296.187,0.0704684,25.5491,26.6711,-0.0008667,-3878,1460,-66,20,-341,288428,50,0.13,0.328571,0,5,8,8,11,10,296.075,112,296.325,84
105300,296.05,296,296.05,296,296.013,737,-737,-0.0499878,0.0600098,-0.249939,0.142849,0.380969,296.05,296.178,0.0774444,19.5026,23.3368,-0.00563151,-3904,1509,-42,22,-295,288547,119,0.22,0.327611,0,6,8,7,12,11,296.013,113,296.325,84
105400,296,296.05,296.05,296,296.037,595,595,0.0499878,0.0600037,-0.0999756,0.157886,0.315805,296,296.174,0.0763367,35.0546,23.3351,-0.0068807,-3947,1600,-30,32,-251,288435,-112,0.27,0.327105,0,6,8,7,11,10,296.013,113,296.3,88
105500,296.05,295.8,296.05,295.8,295.862,1043,-1043,-0.25,0.1,-0.349976,0.136354,0.454558,296,296.157,0.0964716,26.8835,11.3331,-0.0140422,-3997,1624,-28,34,-123,288490,55,0.23,0.326261,0,7,8,7,11,11,295.862,115,296.3,88
105600,295.8,295.8,295.9,295.8,295.825,1096,-1096,0,0.0899963,-0.249969,0.136354,0.363646,295.8,296.138,0.116922,32.7425,3.33265,-0.0172323,-4269,1773,-71,57,-130,288553,63,0.3,0.326035,0,7,8,7,11,11,295.825,116,296.3,88
105700,295.8,295.75,295.9,295.75,295.788,510,-510,-0.0499878,0.0799927,-0.299957,0.136357,0.363629,295.8,296.118,0.135874,28.7523,3.33265,-0.0181315,-4182,1774,-66,54,9,288628,75,0.21,0.325043,0,8,8,7,11,12,295.788,117,296.3,88
105800,295.75,295.55,295.8,295.55,295.612,1472,-1472,-0.200012,0.109998,-0.549988,0.115381,0.461547,295.75,296.087,0.169253,21.2737,3.33265,-0.0239827,-4420,1948,-98,73,-73,288468,-160,0.13,0.32339,0,9,8,6,12,13,295.612,118,296.287,99
105900,295.55,295.3,295.6,295.25,295.362,1810,-1810,-0.25,0.15,-0.850006,0.0645206,0.580646,295.55,296.041,0.224082,16.1218,0.999756,-0.0345256,-4771,2089,-127,89,-361,288464,-4,0.18,0.322185,0,10,8,6,12,14,295.362,119,296.287,99
110000,295.25,295.2,295.35,295.2,295.237,971,-971,-0.0499878,0.109998,-0.950012,0,0.612896,295.25,295.989,0.278295,7.60989,0.999756,-0.0417358,-5232,2191,-189,97,-749,288509,45,0.23,0.321417,0,11,8,6,13,15,295.237,120,296.287,99
110100,295.2,295.15,295.25,295.15,295.175,1170,-1170,-0.0500183,0.120001,-0.950012,0,0.645166,295.2,295.935,0.325109,6.98178,0.999756,-0.0424601,-5367,2268,-202,95,-681,288390,-119,0.27,0.320992,0,12,8,6,14,15,295.175,121,296.287,99
110200,295.15,295.1,295.25,295.1,295.138,723,-723,-0.0499878,0.120001,-0.899994,0,0.593748,295.15,295.881,0.36381,6.5994,0.999756,-0.0369304,-5585,2377,-226,107,-813,288255,-135,0.34,0.321148,0,13,8,6,13,15,295.138,122,296.287,99
110300,295.1,294.95,295.1,294.95,294.987,1487,-1487,-0.149994,0.109998,-1,0,0.617647,295.1,295.817,0.40703,6.09579,0.999756,-0.0336304,-5730,2516,-208,106,-867,288291,36,0.18,0.32,0,14,7,5,14,16,294.987,123,296.287,99
110400,294.95,294.8,294.95,294.8,294.837,1424,-1424,-0.150024,0.0900024,-1.20001,0,0.666667,294.95,295.748,0.453863,0,0,-0.0332072,-5882,2740,-242,138,-769,288186,-105,0.45,0.321048,0,15,7,5,14,17,294.837,124,296.287,99
110500,294.75,295,295.05,294.75,294.95,1628,1628,0.25,0.130005,-0.700012,0.0540407,0.540539,294.75,295.684,0.483935,14.5289,4.34785,-0.0225057,-6044,2788,-232,120,-760,287988,-198,0.31,0.32096,0,15,7,5,14,17,294.837,124,296.287,99
110600,295,295.15,295.25,294.95,295.125,1915,1915,0.149994,0.15,-0.550018,0.146336,0.487808,294.75,295.634,0.49721,27.0107,11.3043,-0.00349528,-5716,2729,-135,91,-579,287701,-287,0.25,0.320397,0,15,7,6,13,17,294.837,124,296.287,99
110700,295.15,295.1,295.15,295.05,295.1,523,-523,-0.0499878,0.15,-0.550018,0.149994,0.475006,294.75,295.584,0.508401,26.9864,17.9712,0.00961912,-5595,2710,-51,74,-413,287773,72,0.22,0.319606,0,15,8,6,14,17,294.837,124,296.287,99
110800,295.1,295,295.15,295,295.038,913,-913,-0.100006,0.140002,-0.450012,0.157889,0.421048,294.75,295.531,0.519004,28.1931,23.8535,0.0149536,-5914,2963,-78,99,-269,287576,-197,0.26,0.319141,0,15,8,6,14,18,294.837,124,296.287,99
110900,295,295.1,295.15,294.95,295.075,534,534,0.100006,0.129999,-0.100006,0.171425,0.314284,294.75,295.48,0.526775,36.116,35.5202,0.0180949,-5916,3037,-47,94,162,287467,-109,0.33,0.319225,0,15,7,5,14,19,294.837,124,296.275,100
111000,295.1,295.05,295.15,295,295.063,393,-393,-0.0500183,0.0900024,-0.100037,0.171425,0.285719,294.75,295.424,0.532793,38.0674,43.1719,0.0180745,-6067,3062,-48,78,94,287491,24,0.35,0.319462,0,15,7,5,14,19,294.837,124,296.263,103
111100,295.05,295,295.1,295,295.025,669,-669,-0.0499878,0.0700012,-0.100006,0.171425,0.257137,294.75,295.366,0.537968,39.9378,46.2154,0.016744,-6166,3124,-40,54,166,287371,-120,0.34,0.319618,0,15,7,5,14,18,294.837,124,296.263,103
111200,295,295.15,295.15,294.95,295.1,437,437,0.149994,0.0900024,0.0999756,0.166664,0.222224,294.75,295.318,0.540013,45.4948,55.5483,0.0197998,-6201,3143,-22,50,156,287396,25,0.27,0.319243,0,15,7,6,13,18,294.837,124,296.263,103
111300,295.1,295.15,295.15,295,295.112,553,553,0.0499878,0.0799988,0.299957,0.166664,0.138892,294.75,295.272,0.540183,53.5137,65.6658,0.0215617,-6382,3129,-95,57,-111,287520,124,0.32,0.319248,0,15,7,5,13,18,294.837,124,296.225,105
111400,295.15,295.2,295.2,295.1,295.175,523,523,0.0500183,0.0700012,0.5,0.20001,0.0571309,294.75,295.229,0.539443,66.8477,71.9995,0.024943,-6385,3122,-112,58,-7,287412,-108,0.35,0.319478,0,15,8,6,13,17,294.837,124,296.225,105
111500,295.2,295.2,295.2,295.1,295.175,870,870,0,0.0599976,0.25,0.161314,0.0645022,294.75,295.195,0.536001,57.7156,76.6673,0.0257202,-6419,3104,-72,20,-328,287296,-116,0.2,0.318593,0,15,7,6,13,17,294.837,124,296.188,110
111600,295.15,295.1,295.2,295.1,295.125,275,-275,-0.0499878,0.0599976,0.0500183,0.0370513,0.0740573,294.75,295.16,0.531683,35.016,78.6669,0.0217977,-6306,3050,-55,1,-371,287288,-8,0.25,0.318088,0,15,7,6,12,16,294.837,124,296.188,110
111700,295.15,295.1,295.15,295.1,295.112,83,-83,-0.0499878,0.0399963,0.0500183,0.0384769,0.0769068,294.75,295.126,0.526926,39.9078,74.6666,0.0176676,-6348,3054,-40,-1,-343,287285,-3,0.17,0.317007,0,15,7,6,13,15,294.837,124,296.188,110
111800,295.1,295.1,295.2,295.1,295.125,256,-256,0,0.0299988,0.150024,0.0800313,0.0399912,294.75,295.102,0.517123,52.7765,70.6664,0.0148844,-6370,3063,-29,-8,-428,287171,-114,0.25,0.316522,0,15,7,7,12,15,294.837,124,296.188,110
111900,295.1,295.15,295.15,295.1,295.137,146,146,0.0499878,0.0299927,0.100006,0.0909444,0,294.75,295.091,0.495889,45.2777,68.6644,0.0137044,-6361,3082,-22,-8,-274,287153,-18,0.26,0.316115,0,15,7,6,13,15,294.837,124,296.188,110
112000,295.15,295.05,295.15,295.05,295.075,283,-283,-0.100006,0.0499939,0.0500183,0.0952741,0.047637,294.75,295.082,0.46757,47.412,59.9951,0.010144,-6353,3095,4,-4,-216,287117,-36,0.2,0.315286,0,15,6,5,13,16,294.837,124,296.175,111
112100,295.05,295.1,295.15,295.05,295.1,178,178,0.0500183,0.05,0.150024,0.0952741,0.047637,294.75,295.079,0.436343,69.7081,59.9951,0.00905354,-6360,3114,3,-1,-188,287105,-12,0.24,0.314752,0,15,5,5,13,16,294.837,124,296.075,112
112200,295.1,295.1,295.1,295.05,295.088,100,100,0,0.0400024,3.05E-05,0.111149,0.0555744,294.75,295.076,0.404608,60.2879,57.9956,0.00767822,-6352,3128,9,3,29,287071,-34,0.14,0.313521,0,15,5,5,13,15,294.837,124,296.037,114
112300,295.05,295,295.1,295,295.025,278,-278,-0.0499878,0.05,-0.0999451,0.117685,0.117649,294.75,295.078,0.361178,50.3322,45.9961,0.00408122,-6421,3153,-16,14,-5,287098,27,0.17,0.312518,0,15,5,5,12,15,294.837,124,296.037,114
112400,295,294.95,295.05,294.95,294.975,560,-560,-0.0499878,0.05,-0.199951,0.0588446,0.176462,294.75,295.085,0.301061,18.8409,29.9976,0.000309244,-6588,3325,-34,38,52,287073,-25,0.09,0.310972,0,15,5,5,13,16,294.837,124,295.862,115
112500,294.95,294.85,294.95,294.85,294.875,538,-538,-0.100006,0.05,-0.299957,0.0588446,0.294116,294.95,295.081,0.253759,14.3538,21.9995,-0.00593262,-6711,3403,-48,48,-52,287178,105,0.15,0.309862,0,15,5,5,14,16,294.837,124,295.825,116
112600,294.85,294.85,294.9,294.75,294.837,1215,1215,0,0.0399963,-0.249969,0.0555763,0.388898,294.85,295.067,0.231776,16.3453,14.4446,-0.00957845,-6498,3485,-19,57,281,286797,-381,0.41,0.310548,0,15,5,5,14,17,294.837,146,295.788,117
112700,294.85,295,295.05,294.8,294.962,736,736,0.149994,0.0699951,-0.0499878,0.181828,0.318186,294.85,295.06,0.206456,38.9869,15.5554,-0.00344645,-6737,3544,-54,64,114,286989,192,0.33,0.31068,0,15,6,6,14,16,294.837,146,295.612,118
112800,295,295.05,295.05,295,295.037,325,325,0.0499878,0.0699951,0,0.142853,0.333343,294.85,295.06,0.176292,45.502,30.555,0.00531819,-6698,3532,-48,59,113,286983,-6,0.3,0.310608,0,15,7,6,13,15,294.837,146,295.362,119
112900,295.05,295.1,295.15,295,295.087,539,539,0.0500183,0.0700012,3.05E-05,0.217392,0.304355,294.85,295.061,0.150205,51.7349,48.0556,0.0133016,-6674,3511,-46,54,95,286860,-123,0.43,0.311409,0,15,7,7,12,14,294.837,146,295.237,120
113000,295.1,295.15,295.15,295.1,295.137,339,339,0.0499878,0.0599976,0.150024,0.227278,0.272722,294.85,295.064,0.128152,60.6138,68.0556,0.0188477,-6623,3523,-28,52,146,286777,-83,0.33,0.311533,0,15,8,7,11,13,294.837,146,295.175,135
113100,295.1,295.05,295.1,295.05,295.063,47,-47,-0.0500183,0.0700012,0.0499878,0.227278,0.318194,294.85,295.066,0.104308,57.6802,78.6106,0.015686,-6720,3536,-18,30,40,286830,53,0.32,0.311589,0,15,8,7,11,13,294.837,146,295.175,135
113200,295.1,295.05,295.15,295.05,295.075,251,-251,-0.0500183,0.0500061,-3.05E-05,0.260867,0.304363,294.85,295.065,0.0903074,57.6802,82.4994,0.0124959,-6720,3544,-1,20,92,286807,-23,0.3,0.311513,0,15,8,8,11,12,294.837,146,295.175,135
113300,295.1,295.15,295.15,295.1,295.137,237,237,0.0499878,0.0500061,0.0999451,0.260867,0.260894,294.85,295.066,0.0830243,65.5304,87.4998,0.0123779,-6736,3545,-34,8,72,286807,0,0.35,0.311765,0,15,9,8,10,11,294.837,146,295.175,135
113400,295.1,295.15,295.15,295.05,295.125,161,161,0.0499878,0.05,0.199921,0.26086,0.260913,294.85,295.064,0.0826837,78.8203,89.9992,0.0109212,-6731,3544,0,0,121,286818,11,0.45,0.312662,0,15,9,8,9,11,294.837,146,295.175,135
113500,295.15,295.4,295.45,295.1,295.337,1797,1797,0.25,0.0900024,0.549927,0.428578,0.142888,294.85,295.072,0.0989561,98.8312,88.5702,0.0196126,-6608,3535,12,0,-60,286790,-28,0.36,0.312968,0,15,10,8,9,10,294.837,146,295.337,155
113600,295.4,295.4,295.4,295.3,295.375,298,298,0,0.0799988,0.549927,0.444447,0.0741009,294.85,295.084,0.117223,98.8312,92.0316,0.0242594,-6907,3607,-33,13,-107,286639,-151,0.34,0.313141,0,15,10,7,10,10,294.837,146,295.375,156
113700,295.4,295.35,295.4,295.35,295.362,94,-94,-0.0499878,0.0799927,0.349945,0.391317,0.0869888,294.85,295.097,0.131819,95.8253,92.5874,0.02323,-6795,3647,-24,17,18,286621,-18,0.38,0.313567,0,15,10,7,9,10,294.837,146,295.375,156
113800,295.35,295.35,295.4,295.3,295.35,445,445,0,0.0699951,0.299957,0.375006,0.125045,294.85,295.108,0.14231,95.3811,88.1428,0.0189168,-6810,3645,-12,15,-2,286638,17,0.38,0.313987,0,15,10,7,9,10,294.837,146,295.375,156
113900,295.3,295.25,295.35,295.25,295.275,228,-228,-0.0499878,0.0699951,0.199951,0.304347,0.173946,294.85,295.115,0.146893,86.5425,78.1428,0.00932617,-6876,3662,-22,16,-114,286589,-49,0.23,0.313459,0,15,10,7,10,10,294.837,146,295.375,156
114000,295.25,295.25,295.3,295.25,295.263,150,-150,0,0.0199951,0.149963,0.304347,0.173946,294.85,295.124,0.150302,84.645,69.5718,0.0022054,-6892,3652,-22,15,-56,286645,56,0.28,0.31325,0,15,9,7,11,10,294.837,146,295.375,156
114100,295.25,295.3,295.3,295.25,295.287,310,310,0.0499878,0.0299927,0.249969,0.318186,0.136385,294.85,295.134,0.153906,87.9215,63.61,-0.000642903,-6851,3652,-17,15,-23,286616,-29,0.29,0.313106,0,15,9,7,10,10,294.837,146,295.375,156
114200,295.3,295.2,295.3,295.2,295.225,124,-124,-0.0999756,0.0399902,0.200012,0.27275,0.181833,294.85,295.141,0.155289,84.0146,55.5554,-0.00478109,-6925,3667,-45,18,-67,286678,62,0.2,0.312407,0,15,9,6,10,10,294.837,146,295.375,156
114300,295.25,295.2,295.25,295.2,295.213,133,-133,-0.0499878,0.0499878,0.100037,0.285743,0.190496,294.85,295.15,0.15568,82.5316,47.5008,-0.00686442,-6932,3668,-3,8,-77,286698,20,0.29,0.31227,0,15,8,6,11,10,294.837,146,295.375,156
114400,295.2,295.25,295.25,295.2,295.237,186,186,0.0499878,0.0499878,0.100037,0.300037,0.150003,294.85,295.163,0.154809,83.7175,46.0717,-0.00643717,-6936,3663,-20,2,-200,286745,47,0.29,0.312134,0,15,7,5,11,10,294.837,146,295.375,156
114500,295.25,295.3,295.3,295.2,295.275,159,159,0.0499878,0.0599854,-0.0999756,0.0666585,0.200016,294.85,295.183,0.149518,59.4896,46.0702,-0.00399984,-6900,3657,-12,1,57,286771,26,0.25,0.311758,0,15,7,6,11,10,294.837,146,295.375,156
114600,295.3,295.2,295.3,295.15,295.212,211,-211,-0.0999756,0.0699829,-0.199951,0.0624928,0.250048,294.85,295.202,0.14014,49.9238,37.5724,-0.00485026,-6877,3632,0,-4,-97,286839,68,0.37,0.312109,0,15,7,6,11,11,294.837,146,295.375,156
114700,295.15,295.15,295.2,295.1,295.15,313,-313,0,0.0499878,-0.149963,0.0588151,0.294147,295,295.211,0.138643,42.7868,33.4043,-0.00812581,-6972,3672,-11,2,-135,286866,27,0.26,0.311796,0,15,7,6,11,12,294.837,146,295.375,156
114800,295.15,295.25,295.25,295.15,295.225,367,367,0.100006,0.0599915,-0.0499573,0.11763,0.235296,295.05,295.221,0.138517,53.8491,37.903,-0.00625,-6987,3675,-19,3,-98,286921,55,0.24,0.311369,0,15,8,6,11,12,294.837,146,295.375,156
114900,295.3,295.25,295.3,295.2,295.25,89,-89,-0.0499878,0.0599915,-0.0499573,0.176452,0.176487,295.1,295.229,0.138505,61.2024,44.3329,-0.00344238,-6956,3694,-4,3,-22,286958,37,0.38,0.311775,0,15,9,7,10,12,294.837,146,295.375,156
115000,295.25,295.25,295.25,295.2,295.237,136,136,0,0.0499939,-0.0499573,0.176452,0.176487,295.1,295.234,0.137643,61.2024,49.3352,-0.00161133,-6976,3690,-6,3,-87,286955,-3,0.29,0.311647,0,15,9,7,11,11,294.837,146,295.375,156
115100,295.3,295.25,295.3,295.25,295.263,15,-15,-0.0499878,0.0399963,-0.149933,0.235269,0.176487,295.1,295.244,0.137739,52.3567,60.3345,0.000667318,-6950,3667,-2,0,-25,286950,-5,0.38,0.312047,0,15,10,8,11,11,294.837,146,295.375,156
115200,295.25,295.25,295.25,295.25,295.25,100,0,0,0.0399963,-0.0499573,0.266634,0.133358,295.1,295.253,0.137679,57.6098,72.0026,0.000467936,-6940,3665,-5,1,-11,286965,15,0.38,0.312442,0,15,10,8,11,11,294.837,146,295.375,156
115300,295.2,295.25,295.25,295.2,295.237,98,98,0.0499878,0.0299927,0.0500183,0.266634,0.200016,295.1,295.258,0.136965,57.6098,75.0038,-0.000573731,-6969,3668,-13,5,-28,286994,29,0.38,0.312832,0,15,10,8,11,11,294.837,146,295.375,156
115400,295.25,295.3,295.3,295.2,295.275,94,94,0.0499878,0.0299927,0.0500183,0.312464,0.187517,295.15,295.265,0.136453,54.2009,80.0031,0.000545247,-6985,3671,-1,0,-71,287001,7,0.35,0.313046,0,15,10,9,10,10,294.837,146,295.375,156
115500,295.3,295.3,295.35,295.25,295.3,279,-279,0,0.0299927,3.05E-05,0.31249,0.18751,295.15,295.263,0.125267,46.8063,81.0008,0.00209554,-6961,3683,3,1,-33,286955,-46,0.38,0.313429,0,15,11,10,9,9,294.837,146,295.375,156
115600,295.3,295.3,295.3,295.3,295.3,124,0,0,0.0199951,0.100006,0.384608,0.153824,295.15,295.259,0.108581,59.567,81.9986,0.002771,-6965,3712,-1,2,47,286937,-18,0.38,0.313807,0,15,12,10,9,8,294.962,147,295.375,156
115700,295.3,295.25,295.35,295.2,295.263,265,-265,-0.0499878,0.0299927,0.0500183,0.35714,0.214258,295.15,295.254,0.09032,63.4955,76.9978,0.00090332,-6933,3723,6,4,102,286916,-21,0.34,0.313955,0,15,11,10,9,9,295.037,148,295.375,156
115800,295.2,295.3,295.3,295.2,295.275,276,276,0.0999756,0.0399902,0.0499878,0.285733,0.214267,295.15,295.251,0.0724239,58.2677,75.3277,-0.000195313,-6945,3739,0,10,56,286912,-4,0.28,0.313764,0,15,10,10,10,9,295.063,151,295.375,156
115900,295.35,295.3,295.5,295.3,295.35,693,-693,-0.0500183,0.0399963,0.0499573,0.437548,0.187471,295.15,295.254,0.0667758,58.2677,61.993,0.00244141,-6819,3710,17,6,177,286804,-108,0.25,0.313408,0,15,11,10,10,9,295.063,151,295.375,156
120000,295.3,295.35,295.35,295.25,295.325,98,98,0.0500183,0.05,0.0999756,0.411799,0.235252,295.15,295.258,0.0601759,63.848,55.9945,0.00264079,-6709,3670,37,0,244,286811,7,0.27,0.313167,0,15,10,10,11,10,295.063,151,295.375,156
120100,295.35,295.25,295.35,295.25,295.275,103,-103,-0.100006,0.0700012,0.0499573,0.333367,0.222177,295.15,295.257,0.0503704,55.9813,43.3286,0.000142414,-6709,3665,39,0,231,286811,0,0.41,0.313702,0,15,10,10,10,9,295.075,152,295.375,156
120200,295.3,295.35,295.4,295.3,295.35,116,116,0.0500183,0.0700073,0.0999756,0.333353,0.190437,295.15,295.263,0.0498453,61.3462,43.3286,0.00159098,-6723,3677,34,0,255,286815,4,0.23,0.313242,0,15,11,10,10,9,295.125,154,295.375,156
120300,295.35,295.25,295.35,295.25,295.275,298,-298,-0.100006,0.0700134,-0.0500183,0.318194,0.181778,295.15,295.266,0.0477162,46.7213,33.3306,-0.00168457,-6719,3691,35,-3,286,286833,18,0.23,0.312787,0,15,10,10,11,10,295.125,154,295.375,156
120400,295.25,295.2,295.25,295.15,295.2,365,-365,-0.0499878,0.0700073,-0.149994,0.272742,0.272687,295.15,295.264,0.0473035,32.2191,29.5234,-0.00667318,-6887,3785,6,8,176,286925,92,0.15,0.311902,0,15,10,10,12,10,295.15,167,295.375,156
120500,295.2,295.1,295.2,295.1,295.125,364,-364,-0.100006,0.0800049,-0.25,0.227271,0.31813,295.15,295.257,0.051496,25.9997,19.5234,-0.0122518,-6954,3824,-1,12,123,286967,42,0.26,0.311622,0,15,9,9,13,11,295.125,185,295.375,156
120600,295.1,295.15,295.25,295.05,295.15,343,343,0.0499878,0.0700012,-0.200012,0.192305,0.30766,295.1,295.254,0.0563815,37.3891,20.6354,-0.0133179,-6942,3828,-17,16,96,287067,100,0.16,0.310807,0,15,8,10,12,12,295.125,185,295.362,157
120700,295.15,295.1,295.15,295.1,295.112,107,-107,-0.0499878,0.0699951,-0.200012,0.208331,0.249987,295.1,295.252,0.0624897,40.2445,12.8584,-0.0132772,-6960,3830,-35,22,76,287074,7,0.27,0.310588,0,15,8,10,13,12,295.112,187,295.35,182
120800,295.1,295.15,295.15,295.1,295.137,191,191,0.0499878,0.0599915,-0.25,0.217387,0.260853,295.1,295.247,0.0674947,37.6825,13.9703,-0.00999756,-7017,3852,-44,26,-56,287124,50,0.26,0.310319,0,15,8,10,13,11,295.112,187,295.35,182
120900,295.1,295.05,295.1,295.05,295.063,478,-478,-0.0500183,0.0599976,-0.25,0.0476066,0.333333,295.1,295.238,0.0774707,30.372,11.1122,-0.0101318,-7033,3862,-44,26,-132,287022,-102,0.23,0.309894,0,15,8,10,13,11,295.063,189,295.35,182
121000,295.05,295.05,295.1,295.05,295.063,77,-77,0,0.0399963,-0.300018,0.0499863,0.300009,295.05,295.229,0.0855838,27.4854,11.1122,-0.00932617,-7124,3881,-57,27,-199,286963,-59,0.24,0.309526,0,15,8,10,12,11,295.063,190,295.35,182
121100,295.05,295.15,295.15,295.05,295.125,84,84,0.100006,0.05,-0.100006,0.0999725,0.300009,295.05,295.222,0.0886439,31.2886,12.3821,-0.00469564,-7115,3869,-32,12,-200,286922,-41,0.24,0.309162,0,15,8,11,12,11,295.063,190,295.35,182
121200,295.1,295.1,295.15,295.1,295.112,87,-87,0,0.0400024,-0.150024,0.0555405,0.333345,295.05,295.216,0.0913595,26.6716,13.4935,-0.0019043,-7148,3913,-27,12,-207,286944,22,0.31,0.309167,0,15,9,11,12,10,295.063,190,295.35,182
121300,295.1,295.1,295.15,295.1,295.112,82,-82,0,0.0300049,-0.0500183,0.0588087,0.294151,295.05,295.209,0.0935246,30.6103,14.0504,0.000488281,-7189,3919,-35,13,-168,286948,4,0.42,0.309741,0,15,9,11,11,10,295.063,190,295.35,182
121400,295.1,295.1,295.15,295.1,295.112,152,-152,0,0.0200012,-3.05E-05,0.0624857,0.187533,295.05,295.201,0.0954162,37.3672,19.0519,0.00167643,-7193,3923,-33,13,-140,286947,-1,0.14,0.308866,0,15,9,11,11,10,295.063,190,295.35,182
121500,295.05,295.1,295.15,295.05,295.1,195,195,0.0500183,0.0300049,0.149994,0.0624857,0.187572,295.05,295.191,0.0972225,47.912,24.0535,0.00136312,-7195,3922,-25,10,-159,286961,14,0.32,0.308923,0,15,9,10,11,11,295.063,190,295.35,182
121600,295.05,295.1,295.1,295.05,295.088,53,53,0.0500183,0.0200073,0.150024,0.076905,0.153904,295.05,295.181,0.0992119,29.0424,28.342,0.000838216,-7228,3932,-27,10,-166,286994,33,0.28,0.308776,0,15,9,10,12,10,295.063,190,295.35,182
121700,295.1,295.1,295.1,295.05,295.088,115,115,0,0.0200073,0.200012,0.0769014,0.153897,295.05,295.172,0.10113,32.7421,35.0107,0.000712078,-7220,3939,-13,8,-116,287004,10,0.38,0.309137,0,15,9,10,11,9,295.063,190,295.35,182
121800,295.1,295.05,295.1,295.05,295.063,80,-80,-0.0500183,0.030011,0.100006,0.0768978,0.153889,295.05,295.161,0.103257,11.5241,30.0092,-0.000248209,-7280,3969,-23,14,-140,287018,14,0.28,0.30899,0,15,8,9,11,9,295.063,198,295.35,182
121900,295.05,295.1,295.1,295.05,295.088,47,47,0.0500183,0.0400146,0.200043,0.0833037,0.0833545,295.05,295.148,0.101199,43.9607,35.0107,0.000785321,-7287,3986,-19,10,-58,287039,21,0.31,0.308995,0,15,7,8,11,9,295.063,198,295.35,182
122000,295.1,295.1,295.1,295.05,295.088,46,46,0,0.030011,0.200043,0.0833037,0.0833545,295.05,295.136,0.101025,43.9607,40.0122,0.00167236,-7303,3981,-16,8,-76,287038,-1,0.31,0.309,0,15,7,8,10,9,295.063,198,295.35,182
122100,295.1,295.1,295.15,295.05,295.1,76,76,0,0.0200073,0.100037,0.0833037,0.0833545,295.05,295.128,0.101039,21.9621,40.0122,0.00287679,-7312,3984,-17,8,-93,287038,0,0.38,0.309353,0,15,6,8,10,9,295.063,198,295.35,182
122200,295.1,295.1,295.1,295.1,295.1,106,0,0,0.0200073,0.100037,0.0908738,0.0909293,295.05,295.115,0.0992105,37.0092,40.0122,0.00356445,-7306,3983,-15,8,-53,287049,11,0.15,0.308564,0,15,7,8,10,9,295.063,198,295.35,182
122300,295.1,294.95,295.1,294.95,294.987,295,-295,-0.149994,0.0400024,-0.0499573,0.0768942,0.307671,295.05,295.101,0.101658,11.1398,40.0122,-0.00162353,-7364,4008,-19,10,-86,287107,58,0.23,0.308177,0,15,7,8,10,9,294.987,203,295.35,182
122400,294.95,294.95,294.95,294.9,294.938,274,274,0,0.0299988,-0.0499573,0.0768906,0.384594,294.95,295.088,0.106375,11.1398,34.0106,-0.0065918,-7392,4048,-24,15,-71,287088,-19,0.18,0.307549,0,15,7,7,11,10,294.938,204,295.35,182
122500,294.9,295,295,294.9,294.975,217,217,0.100006,0.05,3.05E-05,0.153781,0.307656,294.9,295.08,0.105805,41.3124,32.0081,-0.00666911,-7379,4071,-14,14,-12,287166,78,0.15,0.306781,0,15,6,7,11,10,294.938,204,295.35,182
122600,294.95,294.95,294.95,294.9,294.938,370,370,0,0.05,-0.0499878,0.142801,0.285689,294.9,295.069,0.107618,26.1654,26.0065,-0.00690511,-7349,4076,-8,12,8,287242,76,0.36,0.307039,0,15,5,7,11,10,294.938,206,295.35,182
122700,294.95,294.95,295,294.9,294.95,160,160,0,0.05,-0.0499878,0.199927,0.26665,294.9,295.061,0.106238,26.1654,20.0049,-0.0045044,-7328,4080,-3,14,63,287235,-7,0.38,0.307391,0,15,5,7,11,9,294.938,206,295.35,182
122800,294.95,295,295,294.95,294.987,98,98,0.0499878,0.0299988,0.0500183,0.199935,0.266661,294.9,295.054,0.10432,35.2501,28.0054,-0.000504557,-7314,4068,0,12,55,287251,16,0.24,0.307067,0,15,6,7,10,9,294.938,206,295.35,182
122900,295,295,295,294.95,294.987,368,368,0,0.0299988,0,0.199943,0.266672,294.9,295.05,0.0981631,32.1435,32.0044,0.00190429,-7350,4114,-6,18,86,287235,-16,0.35,0.307273,0,15,5,6,10,9,294.938,206,295.35,182
123000,295,295,295.1,295,295.025,320,-320,0,0.00999756,0,0.312455,0.25001,294.9,295.048,0.0912357,32.1435,32.0044,0.00522461,-7390,4132,-3,17,70,287279,44,0.18,0.306667,0,15,6,7,9,8,294.938,206,295.35,182
123100,295.05,295,295.05,295,295.013,30,-30,-0.0499878,0.0199951,-0.0499878,0.266642,0.266683,294.9,295.042,0.0883052,32.1435,38.0029,0.00603027,-7429,4116,-5,9,10,287266,-13,0.32,0.30673,0,15,6,7,10,8,294.938,206,295.35,182
123200,295,295,295,294.95,294.987,94,94,0,0.0199951,-0.0499878,0.249981,0.312505,294.9,295.036,0.0863048,32.1435,44.0015,0.00463053,-7434,4119,-7,6,41,287276,10,0.28,0.306604,0,15,5,6,11,9,294.938,206,295.275,183
123300,295.05,295,295.05,295,295.013,77,-77,-0.0499878,0.0199951,0.0500183,0.357109,0.14287,294.9,295.031,0.0838428,45.9886,46.001,0.00468343,-7409,4118,-8,6,53,287257,-19,0.24,0.306291,0,15,6,7,10,8,294.938,206,295.2,184
123400,295,295.05,295.1,295,295.05,73,73,0.0499878,0.0299927,0.100006,0.4,0.0666531,294.9,295.028,0.0818291,51.1918,52.999,0.00606283,-7402,4118,-10,5,24,287253,-4,0.29,0.306215,0,15,6,8,9,7,294.938,206,295.15,186
123500,295.1,295.1,295.1,295.1,295.1,45,0,0,0.0299927,0,0.357152,0.071413,294.9,295.028,0.0808593,36.8677,64.9985,0.00901286,-7415,4124,-14,8,-18,287254,1,0.28,0.306093,0,15,7,8,8,6,294.938,206,295.15,186
123600,295.05,295.05,295.1,295.05,295.063,45,-45,0,0.0199951,0,0.384619,0.153857,294.9,295.027,0.0783854,82.7569,69.9969,0.00828858,-7404,4123,-7,1,-33,287251,-3,0.38,0.306435,0,15,7,7,8,6,294.938,206,295.137,188
123700,295.1,295.1,295.1,295.1,295.1,5,0,0,0.0199951,0,0.33335,0.166675,294.9,295.027,0.0775581,83.081,79.9969,0.00848389,-7418,4134,-4,0,-38,287289,38,0.3,0.306406,0,15,7,7,7,6,294.938,206,295.137,188
123800,295.05,295.05,295.05,295.05,295.05,7,0,0,0.00999756,-0.0499878,0.333333,0.250025,294.9,295.027,0.0747965,70.2861,83.3276,0.00517171,-7418,4138,1,3,-44,287287,-2,0.18,0.305826,0,15,7,7,8,7,294.938,206,295.125,191
123900,295.05,295,295.1,295,295.025,73,-73,-0.0499878,0.00999756,-0.0999756,0.38463,0.230787,294.9,295.024,0.0734113,49.5988,74.9944,0.00147298,-7446,4152,-1,4,-36,287268,-19,0.22,0.305434,0,15,7,8,7,7,294.938,206,295.125,191
124000,295,295.05,295.05,295,295.037,228,228,0.0499878,0.0199951,-0.0499878,0.250025,0.250025,294.9,295.021,0.0725016,73.7395,68.325,0.000142416,-7407,4144,0,3,50,287248,-20,0.3,0.305409,0,15,7,8,8,7,294.938,206,295.125,191
124100,295.05,295.15,295.15,295,295.112,163,163,0.100006,0.0399963,0.100006,0.357165,0.214308,294.9,295.022,0.0743226,80.4391,73.3266,0.00289714,-7365,4138,5,2,88,287225,-23,0.37,0.305701,0,15,7,8,8,7,294.938,206,295.112,221
124200,295.15,295.15,295.15,295.1,295.137,201,201,0,0.0399963,0.100006,0.357165,0.142901,294.9,295.024,0.0781864,80.4391,73.3266,0.00591634,-7245,4077,24,-6,123,287190,-35,0.35,0.305901,0,15,7,8,8,7,294.938,206,295.137,222
124300,295.1,295.15,295.15,295.1,295.137,103,103,0.0499878,0.0499939,0.199982,0.285758,0.142901,294.9,295.031,0.0782812,80.4391,79.9959,0.00702311,-7244,4079,22,-6,119,287207,17,0.4,0.306323,0,15,7,8,8,7,294.938,206,295.137,223
124400,295.15,295.25,295.25,295.15,295.225,381,381,0.100006,0.0599976,0.25,0.357165,0.142901,294.9,295.046,0.0800149,86.8039,93.3306,0.0104614,-7259,4114,22,-2,146,287179,-28,0.4,0.306741,0,15,8,9,8,7,294.938,206,295.225,224
124500,295.25,295.3,295.35,295.2,295.287,193,193,0.0499878,0.0599976,0.299988,0.437536,0.125043,294.95,295.061,0.0907027,88.5886,97.1419,0.0135539,-7291,4120,18,-2,110,287157,-22,0.4,0.307156,0,15,9,10,8,6,294.938,206,295.287,225
124600,295.3,295.3,295.3,295.25,295.287,242,242,0,0.0399963,0.299988,0.437552,0.0625238,294.95,295.079,0.0969268,92.3841,94.2837,0.0135905,-7255,4083,27,-9,112,287125,-32,0.28,0.307036,0,15,10,10,8,6,294.938,206,295.287,226
124700,295.3,295.25,295.35,295.25,295.275,107,-107,-0.0499878,0.0499939,0.25,0.470666,0.0588468,294.95,295.095,0.10271,83.7669,88.5692,0.0110962,-7219,4070,26,-10,131,287111,-14,0.18,0.306476,0,15,10,11,8,6,294.938,206,295.287,226
124800,295.25,295.25,295.3,295.2,295.25,144,0,0,0.0399963,0.25,0.444539,0.0555461,295,295.108,0.106342,84.2788,82.8547,0.00628662,-7277,4070,12,-9,87,287158,47,0.3,0.306448,0,15,10,11,9,7,294.938,206,295.287,226
124900,295.2,295.25,295.25,295.2,295.237,98,98,0.0499878,0.0299927,0.349976,0.411849,0.0588151,295,295.121,0.108269,90.0151,77.1401,0.00175374,-7319,4126,-10,7,70,287191,33,0.12,0.305633,0,15,10,11,10,7,294.938,206,295.287,226
125000,295.3,295.2,295.3,295.2,295.225,143,-143,-0.0999756,0.0399902,0.200012,0.44452,0.055548,295,295.131,0.11063,74.6677,71.4273,-0.0016276,-7316,4127,-10,6,38,287170,-21,0.15,0.304957,0,15,10,12,10,7,294.938,206,295.287,226
125100,295.25,295.3,295.3,295.2,295.275,284,284,0.0499878,0.0499878,0.149994,0.353011,0.0588172,295,295.144,0.113847,77.4364,70.284,-0.00108643,-7289,4115,-4,0,-6,287117,-53,0.3,0.304935,0,15,10,11,10,7,294.938,206,295.287,226
125200,295.25,295.3,295.3,295.25,295.287,75,75,0.0499878,0.0499878,0.199982,0.353011,0.0588172,295,295.159,0.116607,77.4364,71.9971,-6.92E-05,-7211,4122,11,0,76,287091,-26,0.25,0.304698,0,15,10,11,9,7,294.938,206,295.287,232
125300,295.3,295.25,295.3,295.25,295.263,33,-33,-0.0499878,0.0599854,0.100006,0.353011,0.0588172,295,295.171,0.1185,75.1967,67.7116,-0.000911459,-7208,4123,6,5,60,287092,1,0.27,0.30455,0,15,10,11,9,6,294.938,206,295.287,232
125400,295.3,295.3,295.35,295.3,295.313,82,-82,0,0.0499878,0,0.294194,0.0588172,295,295.184,0.12204,66.3913,66.7568,0.000504561,-7209,4125,1,7,87,287106,14,0.29,0.304487,0,15,11,12,8,5,294.938,206,295.313,234
125500,295.35,295.25,295.35,295.25,295.275,91,-91,-0.100006,0.0499939,-0.149994,0.187555,0.124986,295,295.193,0.122648,49.4607,61.993,-0.0012085,-7242,4127,5,8,57,287144,38,0.2,0.304043,0,15,11,11,8,6,294.938,206,295.313,234
125600,295.25,295.25,295.3,295.25,295.263,18,-18,0,0.0399963,-0.149994,0.187555,0.124986,295,295.203,0.123146,49.4607,52.6598,-0.00302327,-7245,4125,10,0,29,287154,10,0.25,0.303814,0,15,11,11,8,6,294.95,207,295.313,234
125700,295.25,295.2,295.3,295.15,295.212,275,-275,-0.0499878,0.0399963,-0.149994,0.11767,0.235305,295,295.209,0.122086,40.3118,41.6628,-0.00633545,-7261,4129,7,0,75,287211,57,0.26,0.303629,0,15,11,10,8,7,294.987,212,295.313,234
125800,295.2,295.3,295.3,295.2,295.275,238,238,0.0999756,0.0499939,-0.0500183,0.11767,0.176487,295,295.22,0.122422,52.7083,46.6612,-0.00522054,-7369,4130,-11,2,-46,287226,15,0.39,0.303992,0,15,11,10,8,7,294.987,212,295.313,234
125900,295.25,295.3,295.3,295.25,295.287,193,193,0.0499878,0.0599915,-0.0500183,0.11767,0.176487,295,295.233,0.122916,52.7083,48.3291,-0.00328776,-7279,4120,-9,0,30,287183,-43,0.31,0.304017,0,15,12,10,8,7,294.987,212,295.313,234
130000,295.3,295.35,295.35,295.25,295.325,170,170,0.0500183,0.0499939,0.0999756,0.117702,0.176481,295.05,295.248,0.123855,65.9882,61.6638,-0.000199381,-7274,4092,-9,-4,-8,287198,15,0.25,0.303792,0,15,11,10,8,7,294.987,212,295.325,240
130100,295.3,295.25,295.35,295.25,295.275,178,-178,-0.0499878,0.0599915,0,0.117698,0.176475,295.1,295.256,0.122773,45.9267,64.9985,-0.000956215,-7282,4118,-10,-1,-75,287178,-20,0.2,0.303361,0,15,11,10,7,7,294.987,212,295.325,240
130200,295.25,295.25,295.25,295.2,295.237,57,57,0,0.0499939,-0.0499878,0.117698,0.235288,295.1,295.261,0.120457,45.9267,69.9969,-0.00395101,-7363,4140,-17,1,-138,287198,20,0.36,0.303595,0,15,11,10,7,7,295.013,213,295.325,240
130300,295.2,295.3,295.3,295.2,295.275,169,169,0.0999756,0.0499939,0.0999756,0.166706,0.222218,295.15,295.267,0.118275,54.7828,69.9969,-0.00394694,-7439,4179,-27,7,-176,287191,-7,0.35,0.303786,0,15,10,10,7,7,295.025,219,295.325,240
130400,295.25,295.3,295.3,295.25,295.287,81,81,0.0499878,0.0499939,0.149963,0.117666,0.235296,295.2,295.271,0.111956,51.4746,69.9969,-0.00314534,-7462,4197,-28,9,-150,287177,-14,0.21,0.303402,0,15,11,9,7,7,295.025,219,295.325,240
130500,295.3,295.25,295.3,295.25,295.263,85,-85,-0.0499878,0.0499878,0.199982,0.125024,0.187517,295.2,295.269,0.100339,51.7518,59.9969,-0.00319824,-7448,4186,-11,8,-142,287179,2,0.27,0.303265,0,15,10,9,7,7,295.025,219,295.325,240
130600,295.3,295.25,295.3,295.25,295.263,154,-154,-0.0499878,0.0499878,0.149994,0.125024,0.187517,295.2,295.268,0.0893036,51.7518,59.9969,-0.00305583,-7412,4168,-19,6,-112,287213,34,0.28,0.303171,0,15,10,9,7,6,295.025,219,295.325,240
130700,295.3,295.3,295.3,295.25,295.287,3,3,0,0.0499878,0.199982,0.142888,0.0714223,295.2,295.269,0.0788192,68.8021,63.3276,-0.00201416,-7416,4162,-20,10,-15,287217,4,0.1,0.302348,0,15,9,9,7,6,295.025,219,295.325,240
130800,295.3,295.25,295.35,295.25,295.275,119,-119,-0.0499878,0.0399902,0.0500183,0.214345,0.0714192,295.2,295.27,0.0722114,47.2386,54.9944,-0.00193278,-7382,4162,-14,6,-61,287206,-11,0.26,0.302178,0,15,9,10,6,5,295.025,219,295.325,240
130900,295.3,295.25,295.3,295.25,295.263,8,-8,-0.0499878,0.0399902,-0.0499573,0.214345,0.0714192,295.2,295.271,0.0676765,47.2386,46.6612,-0.00228271,-7404,4179,-5,5,-43,287206,0,0.3,0.302169,0,15,9,9,7,4,295.037,220,295.325,240
131000,295.25,295.3,295.3,295.25,295.287,33,33,0.0499878,0.0399902,-0.0499878,0.153879,0.0769159,295.2,295.274,0.063691,34.9226,49.9919,-0.00135905,-7429,4185,1,0,-80,287213,7,0.18,0.30168,0,15,9,9,6,4,295.112,221,295.325,240
131100,295.3,295.3,295.3,295.25,295.287,154,154,0,0.0299927,0,0.166709,0.0833291,295.2,295.275,0.0574847,50.1217,53.3225,-0.000944011,-7432,4180,4,-2,-29,287176,-37,0.16,0.301116,0,15,9,8,6,4,295.137,223,295.325,240
131200,295.3,295.3,295.3,295.3,295.3,109,0,0,0.0299927,0,0.181864,0,295.2,295.276,0.0505796,50.1217,53.3225,-2.44E-05,-7349,4150,14,-5,61,287169,-7,0.25,0.300913,0,15,9,8,6,4,295.137,223,295.325,240
131300,295.3,295.35,295.4,295.3,295.35,350,350,0.0500183,0.0299988,-0.0499573,0.272808,0,295.2,295.28,0.0484556,65.4289,59.9919,0.00267334,-7334,4155,11,-1,86,287206,37,0.34,0.301067,0,15,9,9,6,4,295.212,237,295.35,253
131400,295.35,295.35,295.35,295.3,295.338,57,57,0,0.0200012,-0.0999451,0.272793,0,295.2,295.281,0.0401017,65.4289,66.6612,0.00304769,-7271,4176,20,2,167,287202,-4,0.32,0.301142,0,15,8,8,7,4,295.212,237,295.35,253
131500,295.35,295.35,295.35,295.3,295.338,18,18,0,0.0100037,-0.0499573,0.272778,0,295.2,295.284,0.0363485,76.4393,66.6653,0.00267741,-7283,4203,14,5,164,287203,1,0.24,0.300902,0,15,7,7,7,4,295.212,237,295.35,253
131600,295.35,295.3,295.35,295.3,295.313,176,-176,-0.0500183,0.0200073,-0.0499878,0.272763,0,295.2,295.287,0.0341188,56.6847,60,0.000638835,-7322,4237,11,8,169,287224,21,0.28,0.30082,0,15,6,7,6,4,295.212,237,295.35,253
131700,295.3,295.3,295.3,295.25,295.287,74,74,0,0.0200073,-0.0499878,0.272763,0.0908839,295.2,295.291,0.0341117,56.4931,53.3347,-0.00218099,-7303,4231,18,6,148,287217,-7,0.3,0.300817,0,15,6,6,7,5,295.212,237,295.35,253
131800,295.3,295.3,295.3,295.25,295.287,29,29,0,0.0100037,0,0.200012,0.0999756,295.2,295.291,0.032527,68.5172,46.6653,-0.00350749,-7352,4263,11,11,136,287208,-9,0.27,0.300698,0,15,6,6,6,4,295.212,237,295.35,253
131900,295.3,295.3,295.3,295.25,295.287,117,117,0,0.0100037,0.0499878,0.200012,0.0999756,295.2,295.291,0.0305827,68.5172,39.9959,-0.00386149,-7363,4270,-2,17,151,287245,37,0.3,0.300695,0,15,6,6,5,4,295.212,237,295.35,253
132000,295.35,295.3,295.35,295.3,295.313,54,-54,-0.0500183,0.0200073,-0.0500183,0.300031,0.0999695,295.2,295.291,0.0270214,66.5424,33.3265,-0.00233154,-7318,4262,2,15,196,287220,-25,0.37,0.300962,0,15,7,6,5,4,295.212,237,295.35,253
132100,295.3,295.25,295.3,295.2,295.25,303,-303,-0.0499878,0.0200012,-0.100006,0.272763,0.272652,295.2,295.289,0.0277407,42.2258,31.6605,-0.00406901,-7463,4346,-27,24,82,287244,24,0.32,0.301035,0,15,7,6,6,5,295.212,237,295.35,253
132200,295.2,295.2,295.25,295.2,295.213,74,-74,0,0.0200012,-0.100006,0.250038,0.249936,295.2,295.288,0.0314283,38.7664,24.9952,-0.00654297,-7491,4351,-29,21,39,287213,-31,0.35,0.301221,0,15,6,6,7,5,295.212,237,295.35,253
132300,295.2,295.2,295.2,295.2,295.2,280,0,0,0.0200012,-0.150024,0.100037,0.299927,295.2,295.284,0.0366567,0,18.3299,-0.00796712,-7533,4351,-30,16,-87,287238,25,0.31,0.301255,0,15,6,6,8,5,295.2,263,295.35,253
132400,295.2,295.15,295.2,295.15,295.163,61,-61,-0.0500183,0.0300049,-0.200043,0.100037,0.399963,295.2,295.278,0.0442382,0,11.6645,-0.00962321,-7567,4314,-37,11,-173,287221,-17,0.43,0.301743,0,15,5,5,8,6,295.163,264,295.35,253
132500,295.15,295.2,295.25,295.15,295.2,360,360,0.0500183,0.0300049,-0.150024,0.181833,0.363611,295.15,295.275,0.0473099,36.9565,10.0008,-0.00722656,-7561,4333,-29,10,-143,287183,-38,0.42,0.302189,0,15,5,6,8,5,295.163,264,295.35,253
132600,295.2,295.25,295.25,295.2,295.237,44,44,0.0499878,0.0300049,-0.0500183,0.181843,0.363631,295.15,295.274,0.0481651,47.9785,15.0015,-0.00301107,-7508,4326,-20,8,-110,287174,-9,0.34,0.302331,0,15,6,6,7,5,295.163,264,295.35,253
132700,295.25,295.25,295.25,295.2,295.237,24,24,0,0.0300049,-0.0500183,0.181843,0.272737,295.15,295.271,0.0487974,47.9785,25.0015,-0.000142416,-7497,4320,-25,8,-88,287163,-11,0.4,0.302697,0,15,6,6,7,4,295.163,264,295.35,253
132800,295.25,295.25,295.3,295.25,295.263,201,-201,0,0.0300049,-0.0500183,0.272737,0.272737,295.15,295.271,0.0487144,47.9785,35.0015,0.00271403,-7469,4313,0,-4,-63,287120,-43,0.3,0.302687,0,15,6,7,7,4,295.163,264,295.35,253
132900,295.25,295.2,295.25,295.2,295.213,93,-93,-0.0499878,0.0299988,-0.100006,0.272737,0.363631,295.15,295.268,0.0500441,43.2064,40.0031,0.0013387,-7472,4314,2,-5,-102,287124,4,0.36,0.3029,0,15,5,7,8,5,295.163,264,295.35,253
133000,295.25,295.2,295.25,295.2,295.213,34,-34,-0.0499878,0.0299927,-0.0999756,0.181798,0.363651,295.15,295.264,0.0511287,43.2064,41.6709,0.000142415,-7486,4312,6,-5,-57,287128,4,0.21,0.302556,0,15,5,6,8,5,295.163,264,295.35,253
133100,295.2,295.15,295.25,295.15,295.175,84,-84,-0.0500183,0.0299988,-0.100006,0.181788,0.272793,295.15,295.259,0.0538052,56.4251,31.6709,-0.00218099,-7513,4315,7,0,-58,287144,16,0.17,0.302067,0,15,5,6,8,6,295.163,264,295.35,253
133200,295.15,295.15,295.2,295.15,295.163,79,-79,0,0.0299988,-0.100006,0.181778,0.272778,295.15,295.252,0.0568201,62.9293,21.6709,-0.00372721,-7501,4305,8,-4,-14,287156,12,0.17,0.301581,0,15,5,6,8,5,295.163,272,295.35,253
133300,295.15,295.2,295.25,295.15,295.2,186,186,0.0500183,0.0400024,-0.0499878,0.230715,0.230809,295.15,295.244,0.0555143,71.2568,18.3403,-0.00192057,-7527,4300,-2,-3,26,287199,43,0.31,0.301612,0,15,5,6,8,5,295.163,272,295.35,253
133400,295.25,295.25,295.25,295.2,295.237,34,34,0,0.0300049,3.05E-05,0.230726,0.153864,295.15,295.239,0.0542953,77.9028,26.6734,0.00131429,-7452,4306,6,-2,82,287193,-6,0.33,0.301715,0,15,5,6,8,5,295.163,272,295.35,253
133500,295.25,295.15,295.25,295.15,295.175,149,-149,-0.100006,0.0400085,-0.149994,0.153817,0.23082,295.15,295.231,0.0542476,44.7472,20.0041,0.000504557,-7448,4305,3,-1,39,287174,-19,0.28,0.301636,0,15,5,6,8,6,295.163,272,295.35,253
133600,295.2,295.15,295.2,295.15,295.163,97,-97,-0.0500183,0.0400085,-0.25,0.15381,0.230809,295.15,295.224,0.0553304,40.294,20.0041,-0.000659181,-7480,4323,-1,1,20,287180,6,0.34,0.301775,0,15,5,6,9,6,295.163,276,295.35,253
133700,295.2,295.2,295.2,295.15,295.188,148,148,0,0.0400085,-0.25,0.153803,0.230798,295.15,295.219,0.0558702,53.0262,26.6734,-0.000349935,-7538,4319,-7,1,-63,287221,41,0.33,0.301877,0,15,5,6,9,6,295.163,276,295.35,253
133800,295.2,295.15,295.2,295.1,295.15,354,-354,-0.0500183,0.0400085,-0.300018,0.0714068,0.285714,295.15,295.212,0.0575314,35.1165,26.6694,-0.00171305,-7561,4320,-6,0,-83,287241,20,0.31,0.301907,0,15,5,5,9,7,295.15,278,295.35,253
133900,295.15,295.1,295.15,295.1,295.112,86,-86,-0.0499878,0.0500061,-0.300018,0.0714068,0.214308,295.15,295.203,0.0606667,35.3537,13.3347,-0.0034139,-7635,4335,-19,4,-126,287262,21,0.3,0.3019,0,15,5,5,9,7,295.112,279,295.35,253
134000,295.1,295.1,295.15,295.1,295.112,82,-82,0,0.0300049,-0.250031,0.0714068,0.214308,295.1,295.193,0.0627609,35.3537,13.3347,-0.00388591,-7632,4335,-15,5,-99,287284,22,0.31,0.301929,0,15,5,5,9,7,295.112,280,295.35,253
134100,295.1,295.1,295.1,295.1,295.1,39,0,0,0.0200012,-0.200012,0.0833079,0.166667,295.1,295.186,0.0650228,38.4569,13.3347,-0.00417887,-7618,4326,-23,2,-96,287288,4,0.37,0.302171,0,15,5,5,10,7,295.1,281,295.35,253
134200,295.15,295.15,295.2,295.1,295.15,194,-194,0,0.0200012,-0.200012,0.230751,0.15385,295.1,295.183,0.0634466,48.8294,13.3306,-0.00100505,-7559,4321,-15,2,-11,287261,-27,0.29,0.302128,0,15,4,6,10,7,295.1,281,295.35,253
134300,295.1,295.2,295.2,295.1,295.175,123,123,0.100006,0.0299988,-0.150024,0.15385,0.15385,295.1,295.181,0.0606642,45.8653,20,0.00253092,-7580,4330,-14,1,-104,287253,-8,0.25,0.301944,0,15,4,5,10,7,295.1,281,295.338,255
134400,295.15,295.05,295.15,295.05,295.075,392,-392,-0.100006,0.0400024,-0.250031,0.133331,0.200016,295.1,295.177,0.0591311,32.1606,20,-0.000223797,-7567,4331,-4,1,-93,287321,68,0.31,0.301972,0,15,4,5,10,8,295.075,284,295.338,255
134500,295.05,295.05,295.1,295,295.05,187,-187,0,0.0400024,-0.150024,0.133331,0.199976,295.05,295.169,0.0626672,35.8559,24.9985,-0.00298665,-7625,4331,-9,1,-137,287340,19,0.32,0.302035,0,15,4,5,11,9,295.05,285,295.313,260
134600,295.05,295.05,295.05,295,295.037,306,306,0,0.0400024,-0.100006,0.133336,0.199984,295.05,295.159,0.0681154,35.8559,29.9969,-0.00499268,-7626,4341,1,0,-66,287365,25,0.31,0.302063,0,15,4,5,12,9,295.037,286,295.313,260
134700,295.05,295,295.05,295,295.013,83,-83,-0.0499878,0.05,-0.149994,0.133341,0.199992,295.05,295.148,0.0737019,25.7338,23.3316,-0.00625814,-7601,4337,4,0,-23,287248,-117,0.47,0.302648,0,15,4,5,11,8,295.013,287,295.313,260
134800,295,295.05,295.05,295,295.037,210,210,0.0499878,0.0399963,-0.0499878,0.14287,0.14287,295,295.137,0.0772481,48.4399,14.9954,-0.0040446,-7590,4341,4,2,51,287245,-3,0.49,0.303299,0,15,4,5,11,8,295.013,287,295.313,260
134900,295.1,295.05,295.1,295.05,295.063,104,-104,-0.0500183,0.0299988,-0.0500183,0.214317,0.142863,295,295.129,0.0776605,52.5978,19.9939,-0.00073649,-7688,4343,-18,3,-48,287170,-75,0.34,0.303426,0,15,5,6,11,8,295.013,287,295.313,260
135000,295.05,295,295.05,295,295.013,150,-150,-0.0499878,0.0399963,-0.100006,0.214317,0.214273,295,295.119,0.0802788,45.7506,14.9954,-0.00074463,-7696,4352,-16,3,-52,287193,23,0.43,0.303862,0,15,4,5,12,9,295.013,290,295.263,268
135100,295,295,295,295,295,78,0,0,0.0399963,-0.100006,0.214317,0.214273,295,295.111,0.0822938,45.7506,9.99695,-0.00104167,-7714,4364,-21,4,-112,287186,-7,0.41,0.304227,0,15,4,5,12,8,295,291,295.263,268
135200,295,295,295.05,295,295.013,96,-96,0,0.0299988,-0.100006,0.153857,0.230762,295,295.103,0.0823558,34.7618,9.99695,-0.000488281,-7695,4366,-10,5,-79,287025,-161,0.42,0.304623,0,15,4,6,11,8,295,291,295.263,268
135300,295,295,295.05,295,295.013,263,-263,0,0.0200012,-0.200012,0.166684,0.25,295,295.094,0.0835511,25.1481,4.99847,0.000195313,-7719,4366,-13,3,-117,287066,41,0.44,0.305085,0,15,4,6,10,8,295,291,295.263,268
135400,294.95,294.95,295.05,294.95,294.975,143,-143,0,0.00999756,-0.100006,0.181854,0.272697,294.95,295.081,0.0863228,35.8385,0,-0.000459798,-7825,4358,-32,3,-173,287151,85,0.39,0.305374,0,15,4,6,10,8,294.975,294,295.263,268
135500,294.95,294.95,295,294.95,294.963,32,-32,0,0,-0.100006,0.200049,0.199988,294.95,295.07,0.0887171,35.8385,0,-0.00107015,-7807,4336,-31,0,-186,287151,0,0.31,0.30539,0,15,4,5,11,8,294.963,295,295.263,268
135600,295,295,295,294.95,294.987,42,42,0,0,-0.100006,0.200049,0.199988,294.95,295.061,0.0895032,40.1291,6.66531,8.55E-05,-7826,4348,-19,0,-214,287172,21,0.43,0.305811,0,15,3,5,11,8,294.963,295,295.263,268
135700,294.95,295.05,295.05,294.95,295.025,121,121,0.0999756,0.0199951,0.0499573,0.272768,0.181808,294.95,295.053,0.0895234,56.0078,19.9959,0.00297038,-7838,4344,-20,-1,-245,287201,29,0.32,0.305859,0,15,3,6,11,8,294.963,295,295.263,268
135800,295.05,295,295.05,295,295.013,170,-170,-0.0499878,0.0299927,-0.0500183,0.272768,0.181808,294.95,295.046,0.0886936,26.0385,26.6612,0.00432129,-7716,4235,0,-18,-136,287148,-53,0.34,0.305973,0,15,3,5,11,8,294.963,295,295.237,274
135900,295.05,295,295.05,295,295.013,50,-50,-0.0499878,0.0399902,-0.0499878,0.181818,0.181818,294.95,295.041,0.0867348,26.0385,36.6612,0.00481771,-7734,4228,-5,-19,-162,287178,30,0.4,0.306288,0,15,3,5,10,7,294.963,295,295.237,274
140000,295,295.1,295.1,294.95,295.063,562,562,0.100006,0.0599915,0.100006,0.230805,0.0769195,294.95,295.039,0.0850695,69.8486,56.6612,0.0068278,-7792,4204,-10,-23,-238,287236,58,0.23,0.306033,0,15,3,6,10,8,294.963,295,295.237,274
140100,295.05,294.95,295.1,294.9,294.975,766,-766,-0.0999756,0.0799866,3.05E-05,0.176487,0.11767,294.95,295.033,0.0836115,40.1927,54.9975,0.0032959,-7649,4060,25,-42,-260,287455,219,0.28,0.305947,0,15,3,6,10,8,294.963,295,295.237,274
140200,294.9,294.9,294.95,294.9,294.913,240,-240,0,0.0599915,3.05E-05,0.117666,0.117666,294.9,295.021,0.0864801,35.4747,41.6668,-0.00169271,-7763,3974,6,-51,-436,287517,62,0.29,0.305894,0,15,3,6,10,8,294.913,302,295.237,274
140300,294.9,294.8,294.9,294.75,294.813,884,-884,-0.100006,0.0699951,-0.0999756,0.105278,0.26318,294.9,295.003,0.0958915,24.7691,37.8579,-0.00882161,-7966,4014,-20,-47,-485,287633,116,0.29,0.305842,0,15,3,5,11,9,294.813,303,295.237,274
140400,294.8,294.75,294.8,294.75,294.763,183,-183,-0.0499878,0.0699951,-0.149963,0.111126,0.222252,294.8,294.987,0.105746,24.4363,27.8579,-0.0139486,-7988,4041,-21,-43,-476,287678,45,0.27,0.305724,0,16,2,5,12,9,294.763,304,295.188,277
140500,294.75,294.85,294.85,294.75,294.825,354,354,0.100006,0.0699951,-0.0499573,0.157929,0.21055,294.75,294.976,0.108321,32.4858,13.5725,-0.0111328,-7939,4032,-31,-29,-429,287610,-68,0.44,0.306164,0,16,2,6,12,8,294.763,304,295.188,277
140600,294.85,295,295.05,294.85,294.975,581,581,0.149994,0.0799988,0.100037,0.318203,0.181838,294.75,294.973,0.104598,41.9121,22.8564,-0.000203453,-7785,4015,-7,-30,-276,287537,-73,0.51,0.30683,0,16,3,7,11,8,294.763,304,295.188,277
140700,295,295,295,294.95,294.987,239,239,0,0.0799988,6.10E-05,0.285743,0.190496,294.75,294.971,0.100419,40.0322,37.1419,0.00772705,-7792,3971,0,-33,-340,287569,32,0.53,0.307557,0,16,4,7,12,8,294.763,304,295.175,283
140800,295,295.15,295.2,294.95,295.112,557,557,0.149994,0.0899963,0.200043,0.400034,0.160014,294.75,294.975,0.10163,49.7795,52.0625,0.0172201,-7698,3967,-7,-13,-225,287636,67,0.47,0.308084,0,16,4,8,12,7,294.763,304,295.175,283
140900,295.15,295.15,295.15,295.1,295.137,333,333,0,0.0799988,0.250031,0.400034,0.160014,294.75,294.979,0.106426,49.7795,69.8395,0.0210531,-7640,3937,17,-5,-115,287577,-59,0.5,0.308706,0,16,5,8,12,7,294.763,304,295.175,283
141000,295.1,295.1,295.2,295.1,295.125,280,-280,0,0.0599976,0.150024,0.416698,0.166679,294.75,294.984,0.109127,38.8089,79.6804,0.0193604,-7840,4189,18,25,-62,287548,-29,0.38,0.308936,0,16,5,9,12,7,294.763,304,295.175,283
141100,295.1,295,295.1,295,295.025,246,-246,-0.100006,0.05,0.149994,0.454583,0.227278,294.75,294.986,0.106819,44.8788,76.5057,0.011438,-7912,4196,10,22,73,287569,21,0.4,0.309228,0,16,5,9,12,8,294.763,304,295.175,283
141200,295.05,295,295.05,295,295.013,145,-145,-0.0499878,0.0599976,0.100006,0.454596,0.227284,294.75,294.986,0.105285,48.3699,73.3311,0.00434977,-8011,4256,-10,32,197,287566,-3,0.29,0.309167,0,16,5,8,13,8,294.763,304,295.175,283
141300,295,294.95,295,294.9,294.95,307,-307,-0.0499878,0.0399963,0.150024,0.476239,0.190496,294.75,294.983,0.10412,59.4891,64.4432,-0.00269775,-8123,4275,-48,37,99,287591,25,0.31,0.309169,0,16,5,8,14,9,294.763,304,295.137,309
141400,294.95,294.95,295,294.95,294.963,158,-158,0,0.0399963,0.200012,0.476239,0.190496,294.75,294.982,0.101882,64.1677,55.5554,-0.00512695,-8062,4264,-38,41,109,287611,20,0.3,0.30914,0,16,6,8,13,8,294.763,304,295.137,309
141500,294.95,294.85,294.95,294.85,294.875,207,-207,-0.100006,0.0599976,0,0.4286,0.285743,294.75,294.978,0.101437,52.252,40,-0.00900879,-8111,4287,-59,45,-54,287709,98,0.2,0.308794,0,16,6,8,13,8,294.763,304,295.137,309
141600,294.85,294.85,294.9,294.85,294.862,82,-82,0,0.0399963,-0.149994,0.277823,0.333367,294.75,294.971,0.102631,34.8851,28.8892,-0.0105632,-8257,4287,-88,50,-149,287751,42,0.21,0.308481,0,16,6,8,13,8,294.763,304,295.137,309
141700,294.85,294.8,294.85,294.75,294.8,472,-472,-0.0500183,0.0400024,-0.200012,0.263195,0.421086,294.75,294.96,0.108383,26.9318,20,-0.0126831,-8324,4300,-69,15,-293,287748,-3,0.31,0.308486,0,16,6,8,14,9,294.763,304,295.137,309
141800,294.85,294.85,294.85,294.8,294.838,244,244,0,0.0300049,-0.350006,0.0666911,0.533366,294.75,294.951,0.11135,13.8908,15.5554,-0.0105672,-8300,4323,-55,18,-274,287763,15,0.2,0.308145,0,16,7,8,14,9,294.763,304,295.137,309
141900,294.85,294.8,294.85,294.75,294.8,285,-285,-0.0500183,0.0400085,-0.400024,0.0625215,0.562502,294.75,294.941,0.115575,11.9519,8.88783,-0.00912272,-8369,4330,-51,10,-388,287530,-233,0.19,0.307774,0,16,6,7,14,10,294.763,304,295.137,309
142000,294.75,294.7,294.8,294.7,294.725,700,-700,-0.0499878,0.0300049,-0.450012,0,0.62501,294.75,294.924,0.123144,9.91467,8.88783,-0.010494,-8401,4340,-39,9,-345,287316,-214,0.28,0.307688,0,17,6,7,14,10,294.725,320,295.137,309
142100,294.7,294.75,294.75,294.7,294.737,147,147,0.0499878,0.0400024,-0.300018,0,0.533347,294.7,294.912,0.128988,16.5532,11.7445,-0.00917155,-8312,4259,-35,0,-298,287343,27,0.43,0.308069,0,17,6,7,14,10,294.725,320,295.137,309
142200,294.75,294.9,294.9,294.75,294.862,432,432,0.149994,0.0599976,-0.100037,0.176468,0.470595,294.7,294.909,0.127566,29.4571,22.8555,-0.00152588,-8266,4218,-22,-9,-200,287235,-108,0.4,0.308354,0,17,7,7,14,10,294.725,320,295.137,309
142300,294.9,294.85,294.9,294.85,294.862,68,-68,-0.0499878,0.0699951,-0.100037,0.187502,0.375005,294.7,294.912,0.12103,32.2142,28.4109,0.0038737,-8312,4267,-7,-2,-247,287250,15,0.36,0.308514,0,17,8,7,14,10,294.725,320,295.137,309
142400,294.85,294.85,294.85,294.8,294.838,239,239,0,0.0599915,-0.100037,0.187495,0.437514,294.7,294.916,0.112081,32.2142,38.1888,0.00592855,-8361,4281,-5,-2,-256,287187,-63,0.3,0.308488,0,17,8,7,15,10,294.725,320,295.137,309
142500,294.8,294.85,294.85,294.8,294.838,269,269,0.0500183,0.0599976,0.0499878,0.199992,0.333333,294.7,294.916,0.107898,35.0551,53.1896,0.00605876,-8361,4288,-8,-5,-103,287157,-30,0.38,0.308708,0,17,8,7,14,10,294.725,320,295.137,309
142600,294.8,294.85,294.85,294.8,294.838,99,99,0.0500183,0.0600037,0.100006,0.199984,0.33332,294.7,294.909,0.109222,35.0551,65.3337,0.00487467,-8324,4266,6,-9,-34,287151,-6,0.37,0.308896,0,17,8,7,14,10,294.725,320,295.137,309
142700,294.85,294.9,294.9,294.85,294.887,72,72,0.0499878,0.0400024,0.200012,0.285683,0.214273,294.7,294.904,0.109291,45.9504,72.001,0.00652669,-8321,4269,11,-10,-75,287176,25,0.33,0.30896,0,17,9,7,14,10,294.725,320,295.137,309
142800,294.9,294.85,294.9,294.85,294.862,62,-62,-0.0499878,0.0400024,0.150024,0.285696,0.214283,294.7,294.892,0.105808,36.8678,77.0018,0.00619303,-8315,4274,0,2,-2,287199,23,0.33,0.309024,0,17,8,7,14,10,294.725,320,295.137,309
142900,294.85,294.8,294.85,294.75,294.8,389,-389,-0.0500183,0.0500061,0.150024,0.285696,0.285739,294.7,294.875,0.101403,34.8173,75.0008,0.0026652,-8396,4307,-18,12,-28,287174,-25,0.32,0.309058,0,17,8,7,15,11,294.725,320,295.137,309
143000,294.8,294.75,294.8,294.75,294.763,165,-165,-0.0499878,0.05,0.150024,0.307667,0.230809,294.7,294.857,0.097878,48.766,64.9992,-0.00128581,-8396,4309,-12,6,-34,287162,-12,0.31,0.309061,0,17,8,6,16,10,294.725,320,295.137,309
143100,294.75,294.75,294.75,294.75,294.75,34,0,0,0.0399963,0.100037,0.333299,0.250038,294.7,294.843,0.0994999,42.4284,49.9985,-0.00390218,-8381,4240,-2,-5,-93,287177,15,0.33,0.309124,0,17,8,6,17,9,294.725,320,295.137,309
143200,294.8,294.8,294.8,294.75,294.787,182,182,0,0.0299988,-0.0499573,0.199951,0.300049,294.7,294.832,0.0998494,27.0794,36.6638,-0.00244954,-8369,4240,-1,-6,-84,287140,-37,0.35,0.309247,0,17,8,7,16,9,294.725,320,295.137,309
143300,294.85,294.8,294.85,294.8,294.813,268,-268,-0.0500183,0.0300049,-0.0499878,0.299969,0.300031,294.7,294.825,0.0996012,29.1964,28.3283,0.000663249,-8313,4242,1,-3,9,287180,40,0.21,0.308949,0,17,9,8,15,8,294.725,320,295.137,309
143400,294.8,294.8,294.85,294.8,294.813,114,-114,0,0.0200012,-0.0499878,0.299969,0.2,294.7,294.817,0.0995433,29.1964,24.9952,0.00281982,-8329,4245,-1,-3,-11,287166,-14,0.19,0.308593,0,17,9,8,14,8,294.725,320,295.137,309
143500,294.8,294.75,294.85,294.75,294.775,146,-146,-0.0499878,0.0200012,-0.149994,0.272707,0.272707,294.7,294.812,0.0975079,25.0011,19.9959,0.00205078,-8319,4259,0,-2,-2,287179,13,0.15,0.308119,0,17,9,7,14,9,294.725,320,295.137,309
143600,294.75,294.75,294.8,294.7,294.75,248,0,0,0.0200012,-0.200012,0.25,0.333316,294.7,294.807,0.095511,25.0011,24.9952,8.14E-06,-8342,4292,7,-2,2,287104,-75,0.3,0.308095,0,17,8,6,15,10,294.725,320,295.137,309
143700,294.75,294.65,294.75,294.65,294.675,628,-628,-0.100006,0.0400024,-0.350006,0.153857,0.384619,294.7,294.801,0.0923542,11.579,18.3299,-0.0045044,-8538,4310,-20,0,-187,287214,110,0.48,0.308605,0,18,7,6,15,11,294.675,337,295.137,309
143800,294.7,294.9,294.9,294.65,294.837,483,483,0.199982,0.0699951,-0.100037,0.294116,0.294116,294.7,294.801,0.0885808,33.372,31.6645,0.00129394,-8485,4356,-14,16,-40,287008,-206,0.46,0.309053,0,18,7,6,15,11,294.675,337,295.137,309
143900,294.9,294.85,294.9,294.8,294.85,279,-279,-0.0499878,0.0799927,-0.100006,0.294116,0.176462,294.7,294.803,0.0834733,35.3208,41.0002,0.00586344,-8443,4385,-10,20,29,286995,-13,0.45,0.309469,0,18,7,6,14,11,294.675,337,295.125,310
144000,294.8,294.85,294.9,294.8,294.85,256,256,0.0500183,0.0799988,0,0.27777,0.166655,294.7,294.809,0.0723697,38.7131,57.0012,0.00827637,-8399,4362,-12,17,104,286909,-86,0.43,0.309824,0,18,7,5,14,11,294.675,337,295.025,311
144100,294.9,294.9,294.95,294.9,294.913,531,-531,0,0.0799988,0,0.300009,0.149989,294.7,294.818,0.0642576,53.1889,68.6676,0.0116455,-8275,4312,7,9,166,286848,-61,0.35,0.309941,0,18,8,6,13,10,294.675,337,295.013,312
144200,294.9,294.85,294.9,294.8,294.85,212,-212,-0.0499878,0.0699951,-0.0499878,0.238113,0.238084,294.7,294.817,0.0632921,44.5024,82.0009,0.00831299,-8352,4313,-4,7,32,286803,-45,0.29,0.309883,0,18,8,6,13,11,294.675,337,294.963,314
144300,294.9,294.8,294.9,294.8,294.825,215,-215,-0.100006,0.05,-0.0999756,0.181823,0.227265,294.7,294.816,0.0626042,40.6657,71.9999,0.00440267,-8381,4295,-5,0,-2,286787,-16,0.33,0.309942,0,18,8,6,12,10,294.675,337,294.963,314
144400,294.8,294.85,294.85,294.8,294.838,153,153,0.0500183,0.0500061,-0.0499573,0.181823,0.227265,294.7,294.816,0.0599711,44.0955,69.3323,0.00229492,-8343,4242,27,-9,-41,286774,-13,0.35,0.310058,0,18,7,6,13,10,294.675,337,294.913,341
144500,294.8,294.85,294.85,294.8,294.838,71,71,0.0500183,0.0500061,0.0500488,0.190479,0.190479,294.7,294.816,0.057173,46.6694,66.6646,0.000854492,-8377,4264,15,-13,-63,286757,-17,0.31,0.310058,0,18,7,6,12,9,294.675,337,294.913,341
144600,294.8,294.85,294.85,294.75,294.825,467,467,0.0500183,0.0600098,0.100067,0.190473,0.190473,294.7,294.815,0.0545868,46.6694,63.3323,4.48E-05,-8365,4274,11,-15,137,286714,-43,0.2,0.30974,0,18,7,6,11,10,294.675,337,294.913,341
144700,294.85,294.7,294.85,294.7,294.737,310,-310,-0.149994,0.080011,0.0500793,0.181818,0.18179,294.7,294.807,0.0558807,53.4626,53.3333,-0.00429688,-8454,4327,-7,-5,2,286677,-37,0.27,0.309625,0,18,7,6,10,10,294.675,337,294.913,341
144800,294.7,294.7,294.75,294.65,294.7,234,234,0,0.0600098,-0.149902,0.0526468,0.263138,294.7,294.799,0.0598756,40.242,46.6687,-0.0081543,-8472,4325,-28,1,-89,286669,-8,0.39,0.309856,0,18,6,6,11,11,294.675,337,294.913,341
144900,294.65,294.55,294.7,294.55,294.587,589,-589,-0.100006,0.0700073,-0.199921,0.0500137,0.349974,294.65,294.789,0.0713098,34.044,33.3354,-0.0144735,-8438,4342,-12,4,-59,286718,49,0.29,0.309799,0,19,6,6,12,11,294.587,349,294.913,341
145000,294.55,294.55,294.6,294.55,294.563,674,-674,0,0.0600037,-0.249939,0.0526451,0.368387,294.55,294.779,0.0832275,34.044,20.002,-0.0171753,-8571,4487,-27,27,-121,286712,-6,0.3,0.309771,0,19,6,6,12,10,294.563,350,294.913,341
145100,294.55,294.6,294.7,294.55,294.612,541,541,0.0500183,0.0600037,-0.199921,0.0999939,0.349963,294.55,294.772,0.0877333,34.3527,9.52684,-0.0135376,-8429,4487,-12,35,97,286652,-60,0.29,0.309715,0,19,6,7,11,10,294.563,350,294.913,341
145200,294.65,294.7,294.7,294.6,294.675,494,494,0.0500183,0.0400085,-0.0999146,0.0999939,0.249969,294.55,294.766,0.0898622,51.6055,14.7652,-0.00628662,-8355,4405,3,20,136,286585,-67,0.38,0.309915,0,19,6,6,11,10,294.563,350,294.913,341
145300,294.7,294.85,294.85,294.7,294.813,517,517,0.149994,0.0700073,0.150085,0.23807,0.23807,294.55,294.766,0.0901602,65.4804,31.4308,0.00581054,-8123,4275,34,0,253,286435,-150,0.4,0.31017,0,19,6,7,11,10,294.563,350,294.913,341
145400,294.85,294.95,294.95,294.8,294.913,329,329,0.100006,0.0700073,0.200073,0.304322,0.217369,294.55,294.771,0.0946451,67.6677,51.4308,0.0167074,-7976,4229,68,-14,366,286347,-88,0.54,0.310819,0,19,7,8,10,9,294.563,350,294.913,354
145500,294.95,294.95,295,294.9,294.95,397,397,0,0.0700073,0.150055,0.333299,0.208315,294.55,294.78,0.101787,67.6677,69.2092,0.0221802,-7962,4205,72,-17,334,286309,-38,0.31,0.310817,0,19,8,9,10,9,294.563,350,294.95,355
145600,294.95,295.05,295.1,294.95,295.037,463,463,0.0999756,0.0799988,0.200012,0.399971,0.159998,294.55,294.794,0.114257,72.2881,84.5323,0.0259766,-7831,4143,86,-28,439,286220,-89,0.33,0.310871,0,19,9,10,10,9,294.563,350,295.037,356
145700,295.05,295.25,295.3,295.05,295.212,1622,1622,0.200012,0.109998,0.550018,0.518467,0.111121,294.55,294.821,0.139783,87.0828,94.6266,0.0322469,-7845,4185,103,-43,487,285960,-260,0.23,0.310644,0,19,9,10,10,9,294.563,350,295.212,357
145800,295.3,295.25,295.3,295.2,295.25,320,-320,-0.0499878,0.0899963,0.500031,0.518479,0.0740749,294.55,294.842,0.166896,87.0828,93.2936,0.0334351,-7733,4202,99,-40,565,285787,-173,0.29,0.310587,0,19,10,10,10,9,294.563,350,295.25,358
145900,295.2,295.2,295.25,295.2,295.213,189,-189,0,0.0699951,0.600037,0.559972,0,294.55,294.86,0.184671,95.4474,90.6276,0.0281047,-7772,4204,83,-28,516,285771,-16,0.32,0.310613,0,19,10,10,10,8,294.563,350,295.25,358
150000,295.2,295.25,295.3,295.15,295.237,471,471,0.0499878,0.0799927,0.650024,0.518503,0.0370504,294.55,294.879,0.200707,95.9113,91.5162,0.0217977,-7857,4211,38,-9,296,285779,8,0.44,0.310972,0,19,10,11,9,9,294.563,350,295.25,358
150100,295.25,295.45,295.45,295.25,295.4,1284,1284,0.200012,0.1,0.800018,0.535717,0.0357275,294.55,294.904,0.22649,96.4787,93.335,0.0219645,-7804,4128,24,-14,274,285564,-215,0.35,0.31108,0,19,11,12,8,9,294.563,350,295.4,361
150200,295.45,295.3,295.5,295.3,295.35,1198,-1198,-0.150024,0.0900024,0.599976,0.533325,0.0333455,294.55,294.929,0.246642,77.1508,89.6676,0.0172078,-7688,4040,39,-23,200,285526,-38,0.35,0.311188,0,19,12,12,8,9,294.563,350,295.4,361
150300,295.35,295.3,295.35,295.25,295.3,278,-278,-0.0500183,0.0900085,0.399963,0.448268,0.0689692,294.55,294.953,0.258562,75.0279,85.2861,0.00994466,-7860,4069,-4,-10,-44,285517,-9,0.24,0.310992,0,19,11,11,9,10,294.563,350,295.4,361
150400,295.3,295.3,295.3,295.25,295.287,161,161,0,0.0900085,0.299957,0.407406,0.0740799,294.55,294.975,0.267566,73.458,81.2851,0.00279948,-7868,4077,-3,-15,-34,285533,16,0.31,0.310989,0,19,11,11,10,10,294.563,350,295.4,361
150500,295.3,295.35,295.4,295.25,295.337,708,708,0.0500183,0.0900147,0.349976,0.428587,0.0714348,294.55,295,0.277726,76.6249,77.1636,-0.000789389,-7805,4182,-10,-2,65,285672,139,0.33,0.311041,0,19,11,12,10,9,294.563,350,295.4,361
150600,295.35,295.35,295.4,295.3,295.35,251,251,0,0.0500122,0.25,0.370377,0.0740799,294.55,295.026,0.287007,74.6488,70.4974,-0.00216065,-7909,4205,-19,0,-44,285694,22,0.3,0.311011,0,19,12,12,9,8,294.563,350,295.4,361
150700,295.35,295.3,295.4,295.25,295.313,492,-492,-0.0500183,0.030011,-3.05E-05,0.240021,0.119998,294.55,295.055,0.292628,56.7252,64.0687,-0.0048462,-7753,4156,14,-7,-66,285806,112,0.2,0.310708,0,19,12,12,8,8,294.563,350,295.4,361
150800,295.3,295.3,295.3,295.25,295.287,145,145,0,0.0200073,0.0499573,0.250019,0.124997,294.55,295.084,0.295154,56.7252,58.3542,-0.00805257,-7760,4117,6,-1,-75,285795,-11,0.33,0.310761,0,19,12,11,9,8,294.563,350,295.4,361
150900,295.3,295.3,295.35,295.25,295.3,269,-269,0,0.0200073,0.0499573,0.280029,0.119995,294.55,295.12,0.294881,59.3056,53.5921,-0.0097168,-7715,4069,-3,4,0,285777,-18,0.28,0.310678,0,19,11,12,9,8,294.563,350,295.4,361
151000,295.3,295.3,295.3,295.25,295.287,270,270,0,0.0100037,-3.05E-05,0.304381,0.0869358,294.55,295.156,0.292427,54.1022,43.0456,-0.0109172,-7710,4048,21,-3,14,285714,-63,0.22,0.310432,0,19,11,12,10,8,294.563,350,295.4,361
151100,295.3,295.3,295.3,295.2,295.275,277,277,0,0.0100037,-0.200043,0.190496,0.142828,294.65,295.189,0.290875,29.5233,36.3771,-0.0114787,-7849,4108,2,4,-93,285607,-107,0.21,0.310162,0,19,10,11,10,9,294.563,350,295.4,361
151200,295.3,295.3,295.35,295.25,295.3,296,-296,0,0,-0.0500183,0.210582,0.157864,294.7,295.221,0.290564,59.0014,37.8047,-0.0101074,-7819,4101,-2,-11,73,285590,-17,0.21,0.309893,0,19,11,12,9,8,294.563,350,295.4,361
151300,295.35,295.35,295.4,295.3,295.35,216,216,0,0,0,0.263204,0.105243,294.85,295.247,0.291368,65.2558,44.2345,-0.0067627,-7754,4078,22,-18,115,285551,-39,0.31,0.309893,0,19,12,13,9,8,294.563,350,295.4,361
151400,295.4,295.3,295.4,295.3,295.325,273,-273,-0.100006,0.0200012,-0.100006,0.250038,0.0999786,294.95,295.268,0.290309,54.7082,45.662,-0.00589193,-7815,4076,-8,-11,-116,285546,-5,0.22,0.309652,0,19,12,13,8,8,294.563,350,295.4,361
151500,295.3,295.3,295.35,295.25,295.3,347,-347,0,0.0200012,-0.150024,0.157923,0.157859,294.95,295.286,0.287827,22.0199,51.6615,-0.00672608,-7936,4127,-25,1,-105,285531,-15,0.34,0.309733,0,19,12,13,9,9,294.563,350,295.4,361
151600,295.3,295.4,295.45,295.25,295.375,709,709,0.100006,0.0400024,-0.0500183,0.238127,0.142824,295.05,295.302,0.283187,54.7371,60.9947,-0.0040568,-7790,4094,-10,3,-99,285578,47,0.09,0.309149,0,19,12,14,9,8,294.563,350,295.4,361
151700,295.4,295.45,295.45,295.35,295.425,234,234,0.0500183,0.0500061,0.0500183,0.250031,0.0999756,295.2,295.313,0.271219,80.9379,70.9962,-0.000561528,-7817,4095,-15,6,-79,285598,20,0.26,0.309019,0,19,13,14,9,7,294.563,350,295.425,377
151800,295.45,295.4,295.45,295.4,295.413,277,-277,-0.0500183,0.0600098,0,0.250023,0.0999725,295.2,295.321,0.256295,67.8173,71.994,0.000606284,-7600,4071,35,-5,117,285474,-124,0.15,0.308598,0,19,14,14,8,6,294.563,350,295.425,377
151900,295.4,295.4,295.45,295.35,295.4,406,-406,0,0.0400085,0,0.200006,0.149959,295.2,295.331,0.244067,67.8173,77.9941,-0.000142418,-7676,4070,20,-4,56,285432,-42,0.15,0.308179,0,19,14,14,7,6,294.563,350,295.425,377
152000,295.45,295.35,295.45,295.3,295.362,449,-449,-0.100006,0.0600098,-0.100006,0.181818,0.18179,295.25,295.337,0.230977,53.7073,79.9951,-0.00360107,-7803,4121,-7,6,59,285471,39,0.05,0.3075,0,19,14,14,6,7,294.612,351,295.425,377
152100,295.35,295.3,295.4,295.3,295.325,475,-475,-0.0500183,0.0500122,-0.150024,0.181813,0.136346,295.3,295.333,0.204574,44.0194,68.9951,-0.00769857,-7971,4262,-22,26,9,285531,60,0.05,0.306824,0,19,14,13,7,7,294.675,352,295.425,377
152200,295.3,295.3,295.35,295.3,295.313,272,-272,0,0.0400085,-0.150024,0.142836,0.142836,295.3,295.331,0.179648,44.0194,53.9935,-0.0100057,-7971,4258,-5,18,-37,285583,52,0.1,0.306283,0,19,13,13,8,7,294.813,353,295.425,377
152300,295.3,295.3,295.35,295.3,295.313,76,-76,0,0.0300049,-0.150024,0.0999939,0.149976,295.3,295.332,0.162009,39.0169,42.9935,-0.0103638,-7963,4239,-24,20,15,285557,-26,0.15,0.305875,0,19,12,12,8,7,294.913,354,295.425,377
152400,295.35,295.35,295.4,295.35,295.362,477,-477,0,0.0300049,-0.0500183,0.149976,0.149976,295.3,295.336,0.146773,54.1786,36.9949,-0.00715332,-7898,4209,-11,16,120,285545,-12,0.1,0.305339,0,19,12,12,8,7,294.95,355,295.425,377
152500,295.4,295.3,295.4,295.3,295.325,248,-248,-0.100006,0.0300049,-0.150024,0.149976,0.150006,295.3,295.335,0.126437,49.4959,29.9939,-0.00635986,-8000,4339,-57,38,35,285643,98,0.1,0.304805,0,19,11,11,8,8,295.037,356,295.425,377
152600,295.3,295.35,295.4,295.3,295.35,372,372,0.0500183,0.0300049,-0.200012,0.0555348,0.166672,295.3,295.335,0.103714,42.7735,31.6634,-0.00452881,-7900,4327,-32,36,149,285496,-147,0.1,0.304275,0,19,10,10,8,8,295.212,357,295.425,377
152700,295.35,295.35,295.4,295.35,295.362,294,-294,0,0.0300049,-0.250031,0.0588024,0.176479,295.3,295.337,0.0858834,36.9452,33.333,-0.00293376,-7821,4315,-2,27,23,285445,-51,0.15,0.303876,0,19,10,9,8,8,295.213,359,295.425,377
152800,295.35,295.35,295.4,295.35,295.362,105,-105,0,0.0300049,-0.200012,0.0588045,0.176485,295.3,295.341,0.073684,42.01,35.0025,-0.00228272,-7809,4291,23,4,88,285461,16,0.15,0.303479,0,19,9,9,8,8,295.213,359,295.425,377
152900,295.35,295.45,295.45,295.35,295.425,511,511,0.100006,0.0500061,-0.100006,0.117645,0.117681,295.3,295.347,0.0636257,53.7154,45.0025,0.00111491,-7840,4274,18,2,116,285226,-235,0.2,0.303213,0,19,9,10,7,8,295.237,360,295.425,389
153000,295.4,295.5,295.55,295.4,295.487,865,865,0.100006,0.0500061,0.100006,0.235262,0.0588425,295.3,295.357,0.0635012,75.4804,56.005,0.00533854,-7691,4147,38,-13,165,285111,-115,0.26,0.303103,0,19,10,10,7,7,295.275,371,295.487,390
153100,295.45,295.5,295.55,295.45,295.5,410,410,0.0499878,0.05,0.200012,0.235271,0.0588446,295.3,295.369,0.0677914,89.9744,65.338,0.00736898,-7741,4220,22,1,192,285015,-96,0.27,0.303018,0,19,10,9,7,7,295.275,371,295.5,391
153200,295.45,295.45,295.5,295.45,295.463,651,-651,0,0.05,0.200012,0.235279,0.0588468,295.3,295.377,0.0684376,71.2222,70.6719,0.00542806,-7845,4249,22,-12,128,285005,-10,0.27,0.302934,0,19,9,8,8,7,295.275,371,295.5,391
153300,295.45,295.45,295.5,295.45,295.463,294,-294,0,0.05,0.200012,0.235288,0.0588489,295.3,295.383,0.0671752,71.2222,76.0059,0.00274251,-7849,4210,7,-16,50,284956,-49,0,0,0,19,9,8,7,6,295.275,371,295.5,391
153400,295.45,295.5,295.5,295.45,295.487,345,345,0.0499878,0.0399963,0.25,0.18751,0.0625286,295.3,295.391,0.0687737,69.9542,72.0068,0.00144043,-7758,4256,9,-8,159,284941,-15,0,0,0,19,9,8,6,6,295.275,371,295.5,391
153500,295.45,295.35,295.5,295.35,295.388,218,-218,-0.100006,0.0399963,0.25,0.176481,0.117666,295.3,295.395,0.0687071,70.6613,60.0073,-0.0041748,0,0,1115,-613,3573,284855,-86,0,0,0,19,9,7,6,7,295.275,371,295.5,391
