90100,293.65,293.25,293.75,293.25,293.375,5499,-5499,-0.399994,0,0,0,0,0,293.375,0,0,0,0,-200,429,0,0,0,285259,1244,0.17,0.17,0,0,0,0,0,0,0,0,0,0
90200,293.25,293.55,293.6,293.2,293.475,2326,2326,0.299988,0,0,0,0,0,293.475,0,0,0,0.00866699,-214,531,0,0,0,285878,619,0.39,0.28,0,0,0,0,0,0,0,0,0,0
90300,293.5,293.9,294,293.5,293.825,3480,3480,0.399994,0,0,0,0,0,293.825,0,0,0,0.0452271,237,228,0,0,0,286099,221,0.41,0.323333,0,0,0,0,0,0,0,0,0,0
90400,293.85,293.9,293.9,293.6,293.825,2554,2554,0.0499878,0,0,0,0,0,293.825,0,0,0,0.0715027,315,207,0,0,0,286186,87,0.32,0.3225,0,0,0,0,0,0,0,0,0,0
90500,293.9,294.25,294.3,293.9,294.175,3225,3225,0.350006,0,0,0,0,0,294.175,0,0,0,0.120056,486,158,0,0,0,286091,-95,0.18,0.294,1,0,0,0,0,0,0,0,0,0
90600,294.25,294.2,294.3,294.1,294.2,2351,-2351,-0.0499878,0,0,0,0,0,294.2,0,0,0,0.156067,316,69,0,0,0,286225,134,0.06,0.255,1,0,0,0,0,0,0,0,0,0
90700,294.2,294.2,294.25,294,294.163,2102,2102,0,0,0,0,0,0,294.163,0,0,0,0.176758,868,-392,0,0,0,286200,-25,0.1,0.232857,1,0,0,0,0,0,0,0,0,0
90800,294.2,294.15,294.25,294.05,294.15,1311,-1311,-0.0500183,0,0,0,0,0,294.15,0,0,0,0.187927,977,-520,168,-135,0,286470,270,0.16,0.22375,1,0,0,0,0,0,0,0,0,0
90900,294.2,294.05,294.25,294,294.087,683,-683,-0.150024,0,0,0,0,0,294.087,0,0,0,0.187561,1013,-584,175,-159,0,286553,83,0.15,0.215556,1,0,0,0,0,0,0,0,0,0
91000,294.1,294.35,294.35,294.1,294.288,1657,1657,0.25,0,0.699951,0,0,0,294.288,0,0,0,0.201355,1376,-792,162,-145,355,286681,128,0.17,0.211,2,0,0,0,0,0,0,0,0,0
91100,294.35,294.05,294.35,293.95,294.1,2102,-2102,-0.300018,0,0.799927,0.28125,0.109368,0,294.1,0,62.3553,0,0.191833,1228,-771,130,-139,140,286797,116,0.21,0.210909,2,0,0,0,0,0,0,0,0,0
91200,294.05,294.15,294.15,294.05,294.125,521,521,0.100006,0,0.599945,0.310343,0.103444,0,294.125,0,57.9353,0,0.183655,1176,-978,98,-162,-267,286780,-17,0.1,0.201667,2,0,0,0,0,0,0,0,0,0
91300,294.15,294.35,294.4,294.1,294.3,1803,1803,0.200012,0,0.399963,0.27778,0.111107,0,294.3,0,52.7843,0,0.189545,1296,-1033,140,-157,-259,286836,56,0.09,0.193077,2,0,0,0,0,0,0,0,0,0
91400,294.35,294.1,294.35,294.05,294.15,1105,-1105,-0.25,0,0.0999756,0.277777,0.129631,0,294.15,0,48.8323,0,0.177643,1085,-1005,31,-87,-564,286690,-146,0.15,0.19,2,0,0,0,0,0,0,0,0,0
91500,294.1,294.15,294.2,294.05,294.138,953,953,0.0499878,0,-0.200043,0.142857,0.142857,0,294.138,0,39.5225,65.7153,0.164673,1260,-1077,40,-79,-202,286876,186,0.15,0.187333,2,0,0,0,0,0,0,0,0,0
91600,294.1,294.1,294.15,294.05,294.1,487,487,0,0,-0.150055,0.148935,0.148935,0,294.1,0,46.4593,57.5997,0.148987,1116,-1084,14,-71,-444,286840,-36,0.14,0.184375,2,0,0,0,0,0,0,0,0,0
91700,294.1,294.2,294.25,294.05,294.175,910,910,0.100006,0,-0.0500488,0.195651,0.108692,0,294.175,0,50.6841,53.4174,0.141296,1093,-998,-40,-29,-362,286756,-84,0.17,0.183529,2,0,0,0,0,0,0,0,0,0
91800,294.15,294.2,294.2,294.1,294.175,288,288,0.0500183,0,0.0499878,0.204544,0.113633,0,294.175,0,57.1844,45.7787,0.133148,1253,-1157,3,-55,-333,286763,7,0.27,0.188333,2,0,0,0,0,0,0,0,0,0
91900,294.2,294.15,294.25,294.1,294.163,449,-449,-0.0500183,0,0.149994,0.238088,0.0952409,0,294.163,0,58.5233,46.6667,0.123749,1285,-1178,15,-28,-477,286903,140,0.28,0.193158,2,0,0,0,0,0,0,0,0,0
92000,294.15,294.15,294.15,294.1,294.137,222,222,0,0,-0.100006,0.216209,0.108113,293.25,294.056,0.0244861,50.27,46.6667,0.112488,1293,-1166,0,-19,-330,286879,-24,0.4,0.2035,2,0,0,0,0,0,0,0,0,0
92100,294.15,294.25,294.3,294.1,294.225,999,999,0.100006,0,0.300018,0.333321,0.0303137,293.25,294.099,0.034752,71.7625,51.4291,0.109741,1593,-1430,72,-60,-35,286925,46,0.29,0.207619,2,0,0,0,0,0,0,0,0,0
92200,294.25,294.4,294.45,294.25,294.375,937,937,0.149994,0,0.350006,0.4,0.0285814,293.5,294.144,0.0605043,73.3018,57.8167,0.118805,1873,-1666,87,-84,-56,286991,66,0.07,0.201364,3,0,0,0,0,0,0,0,0,0
92300,294.4,294.3,294.45,294.25,294.325,1075,-1075,-0.100006,0,0.0499878,0.272726,0.0303131,293.85,294.169,0.0705967,54.9391,59.2044,0.119141,1862,-1594,106,-72,188,286835,-156,0.37,0.208696,3,0,0,0,0,0,0,0,0,0
92400,294.3,294.6,294.65,294.3,294.537,1880,1880,0.300018,0.130005,0.600006,0.38234,0,293.9,294.204,0.0991407,73.8543,68.6497,0.0110392,1523,-1306,61,-44,34,286677,-158,0.11,0.204583,4,0,0,0,0,0,0,0,0,0
92500,294.55,294.7,294.8,294.55,294.688,1688,1688,0.150024,0.16001,0.700043,0.444433,0,294.05,294.23,0.141676,76.1431,77.0953,0.0201457,1800,-1218,78,-8,550,286740,63,0.22,0.2052,5,0,0,0,0,0,0,0,0,0
92600,294.65,294.7,294.75,294.6,294.688,1498,1498,0.0500183,0.150012,0.750061,0.432424,0,294.05,294.254,0.171091,80.8095,83.0002,0.0212117,1742,-1155,65,3,492,286761,21,0.17,0.203846,5,0,0,0,0,0,0,0,0,0
92700,294.7,294.65,294.7,294.5,294.625,1300,-1300,-0.0500183,0.130017,0.600037,0.378367,0.0540572,294.05,294.278,0.187124,66.0941,81.2153,0.0151123,1240,-775,-7,55,369,286856,95,0.17,0.202593,5,0,0,0,0,0,0,0,0,0
92800,294.65,294.6,294.7,294.55,294.612,492,-492,-0.0499878,0.120013,0.500031,0.368407,0.0526341,294.05,294.301,0.200023,62.4055,83.0022,0.00632325,1323,-841,-38,84,375,286745,-111,0.18,0.201786,5,0,0,0,0,0,0,0,0,0
92900,294.6,294.65,294.7,294.55,294.638,1166,1166,0.0499878,0.0700073,0.600037,0.342092,0.0526333,294.05,294.328,0.211325,69.9383,80.3828,4.07E-06,1668,-1144,-29,74,397,286672,-73,0.29,0.204828,5,0,0,0,0,0,0,0,0,0
93000,294.65,294.75,294.8,294.65,294.737,763,763,0.100006,0.0600037,0.700043,0.374973,0.0500015,294.05,294.351,0.227943,72.1668,81.6205,0.000496417,1639,-1070,-31,74,406,286621,-51,0.31,0.208333,6,0,16,12,11,6,293.375,1,294.737,30
93100,294.8,294.85,294.9,294.75,294.837,1559,1559,0.0500183,0.0600037,0.650055,0.358951,0.0512833,294.05,294.387,0.248764,73.6085,82.7484,0.00489908,1717,-1253,27,7,257,286369,-252,0.26,0.21,7,0,16,12,11,6,293.475,2,294.837,31
93200,294.8,294.8,294.9,294.75,294.813,1039,-1039,0,0.05,0.500061,0.289443,0.0526333,294.1,294.422,0.263958,64.3738,83.9569,0.00447184,1756,-1300,-6,-11,188,286122,-247,0.43,0.216875,7,0,16,12,10,5,293.825,4,294.837,31
93300,294.8,294.8,294.9,294.75,294.813,773,-773,0,0.0400024,0.600067,0.297268,0.0540563,294.1,294.447,0.27654,71.365,86.3373,0.00176188,1643,-1282,-14,-18,144,286025,-97,0.22,0.21697,7,0,15,11,10,5,293.825,4,294.837,31
93400,294.85,294.95,295,294.85,294.938,1141,1141,0.100006,0.0500061,0.400055,0.264688,0.0588256,294.1,294.487,0.293985,69.0586,88.6235,0.00347087,2035,-1487,113,-101,-34,286160,135,0.16,0.215294,8,0,15,12,9,5,294.087,9,294.938,34
93500,294.95,295.05,295.1,294.9,295.025,1274,1274,0.0999756,0.05,0.350006,0.242412,0.0606077,294.1,294.531,0.313381,67.5976,88.3845,0.00642496,2158,-1498,119,-93,73,286118,-42,0.28,0.217143,9,0,15,12,9,5,294.087,9,295.025,35
93600,295,295,295.1,294.9,295,1208,0,0,0.0399963,0.299988,0.23528,0.0588246,294.1,294.576,0.327391,59.379,86.5891,0.00517172,1941,-1465,39,-45,11,286065,-53,0.28,0.218889,9,0,14,12,9,5,294.087,9,295.025,35
93700,295,294.95,295.1,294.95,294.987,929,-929,-0.0499878,0.0499939,0.300018,0.242412,0,294.15,294.617,0.338411,61.6713,84.2121,0.00141601,1908,-1387,38,-45,39,285867,-198,0.2,0.218378,9,0,15,12,8,4,294.087,9,295.025,35
93800,295,295,295.05,295,295.013,252,-252,0,0.0499939,0.350006,0.249995,0,294.15,294.659,0.34774,65.9558,83.9091,-0.00224608,1878,-1331,23,-11,23,285857,-10,0.16,0.216842,9,0,15,12,9,4,294.087,9,295.025,35
93900,295,295.05,295.05,295,295.037,430,430,0.0499878,0.0399902,0.350006,0.266668,0,294.15,294.703,0.355518,63.0457,83.6857,-0.00463459,1872,-1332,16,-4,-29,285889,32,0.22,0.216923,9,0,15,12,9,3,294.1,16,295.037,39
94000,295.05,295.1,295.1,295.05,295.088,672,672,0.0500183,0.0299988,0.300018,0.250027,0,294.15,294.75,0.362839,62.6541,85.3529,-0.00417075,1983,-1383,48,-14,136,285951,62,0.09,0.21375,10,0,15,12,9,3,294.1,16,295.088,40
94100,295.15,295.2,295.2,295.1,295.175,511,511,0.0500183,0.0400024,0.300018,0.259285,0,294.25,294.798,0.371175,57.4104,88.6864,-0.000703931,2036,-1419,0,9,161,286019,68,0.33,0.216585,11,0,16,13,9,2,294.1,16,295.175,41
94200,295.2,295.45,295.5,295.15,295.388,1951,1951,0.25,0.0800049,0.550018,0.419366,0,294.3,294.848,0.385657,74.4707,92.8076,0.00952555,2458,-1463,42,5,634,286197,178,0.24,0.217143,12,0,16,14,8,2,294.1,16,295.388,42
94300,295.45,295.4,295.5,295.35,295.413,1220,-1220,-0.0500183,0.0900085,0.5,0.419366,0,294.3,294.902,0.400743,64.986,93.3669,0.0137695,2766,-1509,117,-6,709,286222,25,0.27,0.218372,12,0,16,13,8,2,294.1,16,295.413,43
94400,295.4,295.3,295.4,295.2,295.3,1330,-1330,-0.100006,0.100012,0.299988,0.354853,0.096771,294.55,294.941,0.402711,52.0595,88.9228,0.00713705,2736,-1510,118,-17,566,286137,-85,0.32,0.220682,12,0,16,13,8,2,294.1,16,295.413,43
94500,295.3,295.25,295.3,295.25,295.263,950,-950,-0.0499878,0.100006,0.150024,0.321446,0.107141,294.6,294.969,0.395375,40.37,80.5896,-0.00209147,2580,-1466,100,-19,638,285965,-172,0.32,0.222889,12,0,17,13,8,2,294.1,16,295.413,43
94600,295.3,295.2,295.3,295.1,295.2,895,-895,-0.0999756,0.109998,0.0500488,0.321453,0.214287,294.6,294.995,0.386293,41.7487,69.6807,-0.0127848,2372,-1249,71,11,602,285971,6,0.17,0.221739,12,0,17,13,7,3,294.137,20,295.413,43
94700,295.2,295.1,295.2,295.1,295.125,398,-398,-0.100006,0.0799988,3.05E-05,0.333356,0.222222,294.6,295.02,0.379623,44.3206,55.014,-0.0217814,2165,-1159,26,32,459,285909,-62,0.32,0.22383,12,0,17,12,8,3,294.137,20,295.413,43
94800,295.1,295.15,295.2,295.05,295.138,980,980,0.0499878,0.0799927,0.0500183,0.321439,0.250005,294.6,295.046,0.373495,48.6607,44.0909,-0.0241699,2228,-1054,27,52,634,285913,4,0.36,0.226667,12,0,16,12,7,4,294.137,20,295.413,43
94900,295.15,295.2,295.3,295.15,295.212,975,975,0.0500183,0.0699951,0.0500488,0.366659,0.233337,294.65,295.075,0.368572,51.493,37.4254,-0.0201742,2463,-1095,0,52,768,285839,-74,0.27,0.227551,12,0,17,12,7,4,294.137,20,295.413,43
95000,295.2,295.2,295.25,295.2,295.213,447,-447,0,0.0599976,3.05E-05,0.33332,0.233342,294.8,295.099,0.359471,47.956,32.4263,-0.0162923,2793,-1117,3,56,1059,285828,-11,0.2,0.227,12,0,18,12,7,4,294.225,21,295.413,43
95100,295.2,295.2,295.25,295.15,295.2,400,400,0,0.0400024,-0.0499878,0.266648,0.266688,294.8,295.117,0.345868,44.9,30.0027,-0.013859,2761,-1053,3,65,713,285993,165,0.19,0.226274,12,0,18,11,7,5,294.325,23,295.413,43
95200,295.25,295.3,295.3,295.2,295.275,351,351,0.0499878,0.0299988,-0.25,0.119977,0.320035,294.8,295.14,0.335609,32.4759,37.1133,-0.00922444,2891,-1067,44,57,567,285890,-103,0.3,0.227692,12,0,18,11,7,5,294.325,23,295.413,43
95300,295.3,295.2,295.3,295.2,295.225,440,-440,-0.0999756,0.0399963,-0.299957,0.124978,0.333376,294.85,295.161,0.325704,36.4886,39.6862,-0.00952555,2965,-1073,84,25,666,285908,18,0.29,0.228868,12,0,18,11,7,5,294.537,24,295.413,43
95400,295.2,295.2,295.25,295.15,295.2,365,365,0,0.0299927,-0.199951,0.136337,0.272785,294.95,295.174,0.310082,46.2191,45.0206,-0.0108846,2883,-1085,102,10,684,285900,-8,0.41,0.232222,12,0,17,10,8,6,294.612,28,295.413,43
95500,295.25,295.35,295.35,295.2,295.313,226,226,0.100006,0.0499939,-0.0499573,0.208316,0.250051,295,295.188,0.291539,59.3674,58.353,-0.00634766,2834,-1082,86,-4,629,285909,9,0.34,0.234182,12,0,17,10,8,6,294.612,28,295.413,43
95600,295.35,295.3,295.35,295.25,295.3,264,-264,-0.0500183,0.0599976,0,0.22725,0.136417,295,295.203,0.276563,69.6743,68.3511,-0.00476074,2914,-1114,64,-2,794,285966,57,0.17,0.233036,12,0,17,10,7,6,294.612,28,295.413,43
95700,295.3,295.3,295.35,295.3,295.313,572,-572,0,0.05,0.100006,0.238069,0.142911,295,295.219,0.263856,78.2413,73.9059,-0.0032308,3034,-1142,34,-3,718,285995,29,0.28,0.23386,12,0,18,10,6,5,294.612,28,295.413,43
95800,295.35,295.4,295.45,295.35,295.4,437,437,0.0499878,0.0400024,0.100006,0.333314,0.0952741,295,295.239,0.253999,73.8593,81.9989,0.00100098,3266,-1191,72,-19,707,286027,32,0.2,0.233276,12,0,18,11,6,5,294.638,29,295.413,43
95900,295.4,295.4,295.45,295.4,295.413,168,-168,0,0.0400024,0.0499878,0.263155,0.1053,295.05,295.258,0.245583,59.0281,86.6626,0.00238851,3350,-1196,65,-18,478,286021,-6,0.21,0.232881,12,0,19,11,6,5,294.737,30,295.413,59
100000,295.45,295.3,295.5,295.3,295.35,650,-650,-0.150024,0.0500061,-0.100037,0.227265,0.181851,295.1,295.271,0.234981,42.8227,75.2335,-0.000659175,3459,-1210,70,-19,541,285985,-36,0.25,0.233167,12,0,18,11,6,6,294.813,33,295.413,59
100100,295.3,295.1,295.35,294.95,295.125,1823,-1823,-0.199982,0.0799988,-0.300018,0.178568,0.357137,295.1,295.268,0.222062,24.2023,64.0223,-0.0138835,3230,-1200,49,-16,206,286077,92,0.29,0.234098,12,0,17,10,7,7,294.813,33,295.413,59
100200,295.1,295.2,295.2,295.05,295.163,677,677,0.100006,0.1,-0.25,0.137932,0.34481,295.1,295.257,0.190887,29.6691,56.4478,-0.0195353,3348,-1239,73,-22,217,286133,56,0.28,0.234839,12,0,18,10,8,7,294.813,33,295.413,59
100300,295.2,295,295.25,294.95,295.05,667,-667,-0.200012,0.130005,-0.350037,0.121213,0.363603,295.1,295.239,0.157165,28.2516,41.5999,-0.0258464,3442,-1279,75,-23,365,286122,-11,0.42,0.237778,12,0,18,11,8,8,294.938,34,295.413,59
100400,295,295.05,295.1,294.95,295.037,440,440,0.0499878,0.140002,-0.300049,0.117649,0.32349,295,295.226,0.141746,34.3382,28.5698,-0.0264567,3330,-1188,42,-6,390,286167,45,0.37,0.239844,12,0,17,10,9,8,294.987,37,295.413,59
100500,295.05,295.25,295.25,295,295.188,749,749,0.200012,0.15,-0.200043,0.138883,0.305518,295,295.222,0.125798,40.3542,30.9078,-0.0159017,3383,-1214,16,-3,369,286297,130,0.26,0.240154,12,0,17,10,9,8,294.987,37,295.413,59
100600,295.25,295.15,295.25,295,295.138,442,-442,-0.100006,0.130005,-0.250031,0.1282,0.282019,295,295.219,0.118697,39.1348,32.7256,-0.0108521,3665,-1310,45,-16,463,286306,9,0.28,0.240758,12,0,17,10,9,8,294.987,37,295.413,59
100700,295.15,295.05,295.15,295.05,295.075,454,-454,-0.100006,0.130005,-0.350037,0.124996,0.27497,295,295.216,0.119709,36.3327,27.27,-0.00952962,3630,-1290,24,-11,265,286267,-39,0.32,0.24194,12,0,17,10,10,8,295.013,38,295.413,59
100800,295.05,295.05,295.1,295,295.05,127,-127,0,0.0900024,-0.400024,0.0769183,0.307657,295,295.212,0.123534,31.6146,29.0878,-0.00983887,3561,-1305,47,-15,102,286110,-157,0.43,0.244706,12,0,16,10,10,9,295.037,64,295.413,59
100900,295.05,295.1,295.1,294.95,295.063,474,474,0.0500183,0.0900085,-0.350006,0.0731671,0.317038,295,295.204,0.124292,36.6969,30.9067,-0.00945231,3529,-1285,25,-6,-5,286067,-43,0.24,0.244638,12,0,16,10,10,10,295.037,64,295.413,59
101000,295.1,294.95,295.1,294.95,294.987,276,-276,-0.149994,0.0800049,-0.349976,0.0749969,0.274963,295,295.193,0.128911,38.9877,19.9978,-0.0110189,3460,-1283,2,0,147,285946,-121,0.27,0.245,12,0,15,9,10,10,294.987,70,295.413,59
101100,295,295.1,295.1,294.95,295.063,342,342,0.100006,0.0800049,-0.0499878,0.0857108,0.114258,295,295.186,0.131151,59.3255,22.7256,-0.0067749,3528,-1324,28,-19,95,285944,-2,0.39,0.247042,12,0,14,8,10,10,294.987,70,295.413,59
101200,295.1,295.25,295.25,295.1,295.212,828,828,0.149994,0.0900024,0,0.171425,0.11426,295,295.183,0.128113,60.6415,39.09,0.00353597,3758,-1359,53,-20,236,286025,81,0.44,0.249722,12,0,14,8,10,10,294.987,70,295.413,59
101300,295.25,295.25,295.3,295.2,295.25,349,0,0,0.0900024,0.200012,0.225797,0.0645022,295,295.184,0.127921,70.7393,52.5978,0.010966,3828,-1407,23,-13,279,286005,-20,0.21,0.249178,12,0,14,9,10,10,294.987,70,295.413,59
101400,295.3,295.25,295.4,295.25,295.288,713,-713,-0.0499878,0.0899963,0.100037,0.290319,0.0645022,295,295.189,0.130187,67.129,60.4767,0.0158407,3887,-1444,36,-22,274,285964,-41,0.26,0.249324,12,0,15,10,9,9,294.987,70,295.413,59
101500,295.25,295.3,295.45,295.25,295.325,752,752,0.0499878,0.0699951,-0.0499878,0.233342,0.0666517,295,295.189,0.131755,67.1606,74.4757,0.0174438,4107,-1466,78,-23,286,285996,32,0.33,0.2504,12,0,14,11,8,9,294.987,70,295.413,59
101600,295.3,295.15,295.3,295,295.15,1007,-1007,-0.149994,0.0799927,-0.0999756,0.225817,0.225797,295,295.182,0.130156,57.9792,72.475,0.00721029,3916,-1459,55,-24,117,286119,123,0.17,0.249342,12,0,14,11,9,9,294.987,70,295.413,59
101700,295.1,295.15,295.3,295.1,295.175,727,727,0.0499878,0.0599915,0.0500183,0.212134,0.212115,295,295.175,0.128339,65.132,60.4743,0.00138346,4005,-1459,77,-25,290,286272,153,0.22,0.248961,12,0,15,11,8,9,294.987,70,295.413,59
101800,295.1,295.1,295.25,295.1,295.138,547,-547,0,0.0599915,0.0500183,0.205896,0.176472,295,295.162,0.123198,56.7019,49.3307,-0.00381673,4113,-1490,83,-23,379,286175,-97,0.27,0.249231,12,0,15,11,9,8,294.987,70,295.413,59
101900,295.1,295.2,295.25,295.1,295.188,310,310,0.100006,0.0699951,0.100006,0.205896,0.147066,295,295.151,0.118173,54.956,45.9973,-0.00354411,3974,-1422,30,-9,375,286103,-72,0.18,0.248354,12,0,14,10,9,8,294.987,70,295.413,59
102000,295.2,295.15,295.25,295.15,295.175,281,-281,-0.0500183,0.0700012,0.199982,0.212134,0.151521,295,295.142,0.116574,54.8862,39.9976,-0.00228678,4036,-1417,29,-1,415,286119,16,0.31,0.249125,12,0,14,10,8,8,294.987,70,295.413,59
102100,295.2,295.3,295.35,295.15,295.275,440,440,0.0999756,0.0599976,0.199951,0.264721,0.147063,295,295.149,0.115625,55.9506,45.3307,0.00303141,4044,-1420,22,3,225,286053,-66,0.24,0.249012,12,0,14,11,8,7,294.987,70,295.413,59
102200,295.3,295.25,295.35,295.25,295.275,400,-400,-0.0499878,0.0599976,-3.05E-05,0.181833,0.151519,295,295.155,0.116709,40.2012,48.4423,0.00574951,3984,-1331,-17,19,232,286061,8,0.34,0.250122,12,0,14,10,8,7,294.987,70,295.413,59
102300,295.25,295.25,295.3,295.25,295.263,130,-130,0,0.0599976,-3.05E-05,0.156271,0.156252,295,295.166,0.112476,40.2012,53.5533,0.00550537,3961,-1330,6,18,188,286029,-32,0.33,0.251084,12,0,14,10,9,7,294.987,70,295.413,59
102400,295.25,295.3,295.3,295.25,295.287,203,203,0.0499878,0.0499939,0.0999451,0.100018,0.16667,295,295.178,0.106561,43.2828,56.8857,0.00552572,3976,-1329,-4,18,6,286010,-19,0.28,0.251429,12,0,14,10,8,6,294.987,70,295.413,59
102500,295.35,295.15,295.35,295.1,295.188,558,-558,-0.200012,0.0799927,-0.150055,0.0645218,0.258068,295,295.178,0.105956,25.4444,57.4574,-0.000484211,3973,-1333,-20,22,183,286015,5,0.25,0.251412,12,0,13,10,8,7,294.987,70,295.413,59
102600,295.15,295.15,295.2,295.15,295.163,275,-275,0,0.0599976,-6.10E-05,0.0769285,0.115381,295,295.179,0.104259,34.797,48.124,-0.00509847,3904,-1334,-10,12,24,286027,12,0.25,0.251395,12,0,13,10,9,7,294.987,70,295.413,59
102700,295.15,295.15,295.2,295.15,295.163,13,-13,0,0.05,-0.0500488,0.08696,0.130427,295,295.184,0.100005,34.797,41.0122,-0.00710042,3856,-1335,-25,11,-102,286012,-15,0.22,0.251034,12,0,12,10,9,7,294.987,70,295.413,59
102800,295.2,295.1,295.2,295.1,295.125,369,-369,-0.100006,0.0700012,-0.150055,0.0909116,0.181795,295,295.187,0.0940103,37.2152,29.9014,-0.0090332,3784,-1301,-37,17,-69,285938,-74,0.23,0.250795,12,0,11,9,9,8,294.987,70,295.413,59
102900,295.05,295,295.1,294.95,295.013,520,-520,-0.0499878,0.0700012,-0.300049,0.0909116,0.318149,295,295.185,0.0952021,23.2116,19.0684,-0.0136353,3685,-1296,-42,5,-230,285924,-14,0.42,0.252697,12,0,10,9,10,9,294.987,70,295.35,60
103000,295.05,295.05,295.1,295.05,295.063,251,-251,0,0.0299988,-0.250031,0.0909116,0.318149,295,295.189,0.0891282,32.6204,15.4963,-0.0124552,3654,-1324,-43,0,-294,285942,18,0.34,0.253667,12,0,11,8,10,8,294.987,70,295.325,75
103100,295.05,295.2,295.25,295.05,295.175,895,895,0.150024,0.0600037,-0.199982,0.136354,0.318149,295.05,295.194,0.0839898,42.21,23.9975,-0.00503743,3798,-1374,-25,-6,-229,285920,-22,0.26,0.253736,12,0,11,9,9,7,294.987,70,295.325,75
103200,295.2,295.15,295.25,295.05,295.15,568,-568,-0.0500183,0.0700073,-0.200012,0.12499,0.291636,295.05,295.191,0.0844103,40.1043,29.9977,-0.000756836,3848,-1421,-17,-12,-204,285858,-62,0.35,0.254783,12,0,10,9,8,7,294.987,70,295.325,75
103300,295.15,295.25,295.3,295.15,295.237,474,474,0.100006,0.0700073,-0.100006,0.153826,0.269202,295.05,295.191,0.0836718,47.5035,44.9973,0.00617269,3841,-1418,-9,-12,-224,285804,-54,0.43,0.256667,12,0,11,9,8,6,294.987,70,295.325,75
103400,295.2,295.3,295.4,295.2,295.3,1123,1123,0.0999756,0.0800049,-0.0500183,0.206882,0.241355,295.05,295.191,0.0835052,57.6583,58.053,0.0114705,4000,-1426,20,-13,-66,285868,64,0.5,0.259255,12,0,12,10,7,6,294.987,70,295.325,75
103500,295.35,295.6,295.65,295.3,295.537,1924,1924,0.25,0.130005,0.399994,0.35482,0.129016,295.05,295.202,0.104365,76.2235,71.6259,0.0234253,4195,-1456,58,-22,169,286153,285,0.45,0.261263,13,0,12,10,7,6,294.987,70,295.537,95
103600,295.55,295.9,295.9,295.55,295.813,3196,3196,0.350006,0.170001,0.75,0.432417,0.108096,295.05,295.235,0.160858,84.3859,79.1257,0.0404053,4630,-1554,135,-36,555,286287,134,0.36,0.262292,14,0,13,11,7,6,294.987,70,295.813,96
103700,295.9,295.75,295.9,295.65,295.763,1271,-1271,-0.149994,0.189996,0.600006,0.390234,0.0975512,295.05,295.264,0.196184,74.2496,85.9686,0.042334,4654,-1512,142,-26,659,286232,-55,0.21,0.261753,14,0,13,11,6,6,294.987,70,295.813,96
103800,295.75,295.65,295.75,295.55,295.65,910,-910,-0.100006,0.189996,0.600006,0.372083,0.116278,295.05,295.29,0.212039,70.6353,85.7058,0.0317464,4471,-1505,96,-18,577,286366,134,0.26,0.261735,14,0,13,11,6,6,294.987,70,295.813,96
103900,295.65,295.6,295.65,295.55,295.6,556,-556,-0.0499878,0.179999,0.600006,0.38094,0.0476211,295.05,295.311,0.221573,70.401,83.0922,0.0170044,4365,-1491,73,-10,544,286408,42,0.43,0.263434,14,0,13,11,7,5,294.987,70,295.813,96
104000,295.65,295.7,295.7,295.6,295.675,269,269,0.0500183,0.140002,0.650024,0.404758,0.0476211,295.05,295.336,0.233425,70.45,79.815,0.0085612,4354,-1502,73,-12,428,286434,26,0.47,0.2655,14,0,14,12,7,5,295.013,89,295.813,96
104100,295.7,295.8,295.85,295.65,295.775,1257,1257,0.0999756,0.0899963,0.599976,0.404758,0.0476211,295.05,295.361,0.249084,71.3815,77.462,0.00834961,4463,-1518,66,-13,518,286501,67,0.38,0.266634,14,0,15,13,7,5,295.013,89,295.813,96
104200,295.8,295.9,295.95,295.75,295.875,1345,1345,0.100006,0.0799988,0.75,0.452379,0.0476211,295.05,295.391,0.269349,77.7907,79.3693,0.0125407,4697,-1621,71,-23,653,286487,-14,0.33,0.267255,14,0,15,13,7,5,295.013,89,295.875,102
104300,295.9,295.9,295.95,295.85,295.9,468,-468,0,0.0599976,0.649994,0.439026,0.0487823,295.05,295.423,0.288853,76.9037,83.2988,0.0139771,4834,-1675,29,-17,585,286520,33,0.22,0.266796,14,0,15,12,7,5,295.013,89,295.9,103
104400,295.9,295.8,295.95,295.75,295.825,926,-926,-0.100006,0.0700012,0.450012,0.390238,0.0975632,295.05,295.449,0.300422,68.5685,85.7413,0.0078776,4904,-1697,35,-26,468,286507,-13,0.28,0.266923,14,0,14,11,7,6,295.013,89,295.9,103
104500,295.8,295.8,295.85,295.75,295.8,407,-407,0,0.0599976,0.200012,0.305552,0.111113,295.05,295.48,0.308787,62.3586,82.946,0.00033772,4674,-1698,29,-27,-100,286400,-107,0.27,0.266952,14,0,14,10,8,6,295.013,89,295.9,103
104600,295.8,295.8,295.85,295.75,295.8,674,-674,0,0.0400024,-0.149994,0.19355,0.129034,295.05,295.512,0.315425,43.9456,77.7983,-0.00556642,4674,-1703,44,-30,-171,286526,126,0.44,0.268585,14,0,14,10,7,5,295.013,89,295.9,103
104700,295.8,295.65,295.8,295.65,295.688,599,-599,-0.149994,0.05,-0.149994,0.206899,0.206899,295.05,295.538,0.317473,48.9846,64.0487,-0.0141602,4572,-1686,31,-26,-80,286457,-69,0.34,0.269252,14,0,13,10,8,6,295.013,89,295.9,103
104800,295.65,295.65,295.7,295.65,295.663,610,-610,0,0.05,-0.0499878,0.230769,0.153846,295.05,295.565,0.318056,57.9825,50.3825,-0.0189494,4413,-1626,-7,-15,-87,286356,-101,0.25,0.269074,14,0,13,10,8,6,295.013,89,295.9,103
104900,295.65,295.6,295.75,295.6,295.638,503,-503,-0.0499878,0.0399963,-0.0499878,0.222225,0.14815,295.05,295.596,0.31605,58.6084,34.9985,-0.0214722,4525,-1641,-24,-2,32,286329,-27,0.33,0.269633,14,0,13,11,8,7,295.013,89,295.9,103
105000,295.65,295.55,295.65,295.55,295.575,643,-643,-0.100006,0.0599976,-0.200012,0.185176,0.185199,295.05,295.622,0.314987,49.355,22.4992,-0.0239583,4261,-1643,-81,4,-327,286358,29,0.31,0.27,14,0,12,11,9,8,295.013,89,295.9,103
105100,295.55,295.55,295.6,295.5,295.55,861,-861,0,0.0599976,-0.299988,0.080001,0.240003,295.15,295.641,0.315577,33.5029,12.2216,-0.0239502,4238,-1679,-95,2,-517,286490,132,0.33,0.270541,14,0,12,10,10,9,295.013,89,295.9,103
105200,295.55,295.6,295.6,295.45,295.563,682,682,0.0500183,0.0400024,-0.349976,0,0.291661,295.15,295.661,0.31642,20.3313,13.2214,-0.0213623,4182,-1697,-70,0,-674,286484,-6,0.43,0.271964,14,0,11,10,10,10,295.013,89,295.9,103
105300,295.65,295.6,295.7,295.6,295.625,380,-380,-0.0499878,0.05,-0.399963,0.0833355,0.291661,295.2,295.681,0.316453,20.3313,14.2211,-0.0150513,4306,-1772,-52,-9,-673,286527,43,0.55,0.274425,14,0,12,11,9,10,295.013,89,295.9,103
105400,295.65,295.85,295.85,295.65,295.8,601,601,0.200012,0.0800049,-0.0999451,0.199995,0.199995,295.35,295.706,0.315996,42.3726,34.2211,-0.00188395,4318,-1770,-36,-12,-428,286541,14,0.55,0.276842,14,0,13,12,9,10,295.013,89,295.9,103
105500,295.8,295.9,295.95,295.8,295.888,1200,1200,0.100006,0.0800049,6.10E-05,0.269225,0.1923,295.55,295.723,0.310131,58.7378,52.2204,0.00933838,4661,-1885,35,-37,-195,286548,7,0.68,0.280348,14,0,14,12,9,9,295.013,89,295.9,103
105600,295.9,296,296.05,295.9,295.987,1785,1785,0.100006,0.100006,0.100067,0.333311,0.18518,295.55,295.732,0.290359,70.9945,68.3325,0.0181803,5188,-2028,94,-55,274,286705,157,0.44,0.281724,15,0,14,13,8,9,295.013,89,295.987,116
105700,295.95,295.95,296.05,295.9,295.962,655,-655,0,0.0900024,0.250061,0.333311,0.111104,295.55,295.742,0.272431,70.3328,79,0.0183594,5112,-2059,121,-59,266,286689,-16,0.43,0.282991,15,0,14,13,8,9,295.013,89,295.987,116
105800,295.95,295.9,295.95,295.9,295.913,359,-359,-0.0500183,0.0900085,0.200043,0.333311,0.111104,295.55,295.755,0.262765,66.4036,88.0003,0.0119995,5292,-2215,150,-76,193,286861,172,0.27,0.282881,15,0,14,13,9,8,295.013,89,295.987,116
105900,295.95,295.9,295.95,295.9,295.913,497,-497,-0.0500183,0.0600098,0.200012,0.359968,0.119989,295.55,295.771,0.256758,72.0372,83.0003,0.00576171,5293,-2255,158,-79,420,286878,17,0.31,0.283109,15,0,14,13,8,7,295.063,90,295.987,116
110000,295.9,295.95,296,295.9,295.95,485,485,0.0500183,0.0500122,0.350037,0.399956,0.0799766,295.55,295.784,0.248631,82.4132,81.6684,0.00249837,5714,-2281,201,-72,874,286772,-106,0.34,0.283583,15,0,13,14,8,7,295.15,92,295.987,116
110100,295.95,296.05,296.05,295.95,296.025,397,397,0.0999756,0.0500061,0.450012,0.439955,0.0399893,295.55,295.797,0.236622,83.5464,83.3347,0.00391439,5705,-2297,198,-75,923,286675,-97,0.24,0.283223,16,0,14,14,8,7,295.15,92,296.025,121
110200,296.05,295.9,296.1,295.9,295.95,952,-952,-0.149994,0.0800049,0.25,0.423028,0,295.55,295.801,0.214569,69.4415,78.6669,0.000744626,5682,-2381,145,-70,767,286521,-154,0.17,0.282295,16,0,14,15,8,8,295.237,93,296.025,121
110300,295.9,295.95,295.95,295.8,295.913,607,607,0.0500183,0.0800049,0.350006,0.333281,0.0740749,295.55,295.801,0.187428,72.0756,77.0006,-0.00379232,5442,-2316,36,-41,578,286596,75,0.27,0.282195,16,0,13,14,9,9,295.3,94,296.025,121
110400,295.95,295.9,295.95,295.9,295.913,226,-226,-0.0500183,0.0800049,0.0999756,0.260813,0.0869554,295.55,295.806,0.16845,67.1161,68.6673,-0.00707194,5480,-2309,52,-35,395,286575,-21,0.15,0.281129,16,0,13,13,9,9,295.537,95,296.025,121
110500,295.9,295.9,295.9,295.85,295.887,439,439,0,0.0700012,-3.05E-05,0.190421,0.142845,295.55,295.81,0.153375,59.8987,58.6666,-0.0101156,5487,-2295,27,-11,32,286606,31,0.21,0.28056,16,0,12,12,10,10,295.55,111,296.025,121
110600,295.9,295.85,295.95,295.75,295.85,457,-457,-0.0499878,0.0600037,-0.150024,0.0908814,0.227259,295.55,295.813,0.139437,35.9845,44.3812,-0.0123413,5438,-2267,20,-1,118,286655,49,0.27,0.280476,16,0,11,12,10,11,295.55,111,296.025,121
110700,295.85,295.85,295.9,295.75,295.837,474,474,0,0.0300049,-0.150024,0.0908814,0.227259,295.55,295.82,0.134688,42.7523,38.0962,-0.0131877,5271,-2241,-63,5,-47,286613,-42,0.2,0.279843,16,0,10,12,11,11,295.55,111,296.025,121
110800,295.9,295.9,295.95,295.85,295.9,199,-199,0,0.0200012,-0.100006,0.130423,0.217381,295.55,295.832,0.133625,50.7987,33.3333,-0.00984701,5342,-2248,-51,7,56,286632,19,0.25,0.279609,16,0,11,13,10,10,295.55,111,296.025,121
110900,295.9,295.8,295.95,295.75,295.825,711,-711,-0.100006,0.0299988,-0.149994,0.115376,0.269225,295.55,295.841,0.133094,41.8479,29.5231,-0.0105184,5382,-2262,-42,17,-313,286584,-48,0.29,0.27969,16,0,11,13,9,11,295.55,111,296.025,121
111000,295.8,295.75,295.85,295.7,295.763,524,-524,-0.0499878,0.0399963,-0.25,0.0740766,0.296284,295.55,295.851,0.134135,29.5405,25.3558,-0.0129842,5212,-2209,-32,15,-405,286623,39,0.36,0.280308,16,0,10,12,10,12,295.55,111,296.025,121
111100,295.75,295.8,295.8,295.75,295.787,442,442,0.0499878,0.0399963,-0.299988,0.0384742,0.307676,295.55,295.862,0.133773,30.3048,24.6401,-0.0124227,5119,-2160,-51,21,-342,286452,-171,0.3,0.280458,16,0,10,11,11,12,295.55,111,296.025,121
111200,295.8,295.8,295.8,295.75,295.787,121,121,0,0.0399963,-0.149994,0.0434933,0.347813,295.65,295.874,0.132987,39.4212,26.9237,-0.0112264,5197,-2266,-41,4,-195,286455,3,0.4,0.281364,16,0,9,10,11,12,295.55,111,296.025,121
111300,295.8,295.75,295.8,295.7,295.75,510,-510,-0.0499878,0.0499939,-0.25,0.0454722,0.318167,295.65,295.88,0.135716,20.8867,22.3517,-0.0105754,5219,-2264,-31,0,-216,286473,18,0.39,0.28218,16,0,8,10,11,13,295.55,111,296.025,121
111400,295.75,295.85,295.85,295.75,295.825,187,187,0.100006,0.0499939,-0.0999756,0.0869911,0.304336,295.75,295.881,0.135372,27.3279,31.4949,-0.00556234,5205,-2253,-9,-1,-240,286459,-14,0.35,0.282687,16,0,9,11,11,12,295.55,111,296.025,121
111500,295.85,295.95,295.95,295.85,295.925,577,577,0.100006,0.0599976,3.05E-05,0.166705,0.249994,295.75,295.883,0.13076,38.9567,48.9954,0.00213216,5337,-2267,0,-2,-101,286269,-190,0.44,0.283852,16,0,10,12,10,12,295.55,111,296.025,121
111600,295.9,295.95,296.1,295.9,295.975,1088,1088,0.0500183,0.0600037,0.100037,0.291702,0.166654,295.75,295.883,0.120191,44.609,56.4968,0.00848796,5311,-2403,-10,-20,-122,286454,185,0.27,0.28375,16,0,11,13,10,12,295.55,111,296.025,121
111700,295.95,295.75,295.95,295.7,295.788,640,-640,-0.200012,0.100006,-0.0999756,0.269261,0.307667,295.75,295.874,0.110414,37.0765,50.9982,0.00224609,5182,-2406,-4,-28,-318,286587,133,0.31,0.283942,16,0,11,13,10,12,295.55,111,296.025,121
111800,295.75,295.7,295.8,295.7,295.725,558,-558,-0.0499878,0.100006,-0.149963,0.230791,0.307674,295.75,295.864,0.108368,29.0722,46.9991,-0.00575358,5129,-2432,1,-38,-423,286515,-72,0.34,0.284348,16,0,11,13,10,12,295.55,111,296.025,121
111900,295.75,295.7,295.8,295.7,295.725,280,-280,-0.0499878,0.0900024,-0.0999451,0.250032,0.249981,295.75,295.855,0.106853,35.0853,34.9996,-0.0104085,5088,-2456,-15,-27,-371,286485,-30,0.22,0.283885,16,0,11,12,10,11,295.55,111,296.025,121
112000,295.7,295.75,295.75,295.7,295.737,179,179,0.0499878,0.0799988,3.05E-05,0.272765,0.227263,295.7,295.844,0.10326,44.7847,17.499,-0.0107788,5121,-2473,-14,-29,-311,286489,4,0.21,0.283357,16,0,11,12,10,10,295.55,111,296.025,121
112100,295.75,295.7,295.75,295.65,295.7,174,-174,-0.0499878,0.0799927,-0.0999451,0.260901,0.260874,295.7,295.828,0.0952268,33.3884,7.22183,-0.00987142,5126,-2472,-11,-31,-277,286356,-133,0.38,0.284043,16,0,11,12,9,10,295.563,112,296.025,121
112200,295.65,295.7,295.7,295.6,295.675,434,434,0.0500183,0.0499939,-0.0499268,0.250025,0.291658,295.65,295.814,0.0937036,33.3884,8.72265,-0.00915527,5015,-2461,-46,-27,-401,286368,12,0.23,0.283662,16,0,11,12,10,10,295.625,113,296.025,121
112300,295.65,295.6,295.65,295.6,295.612,259,-259,-0.0499878,0.0499939,-0.0499268,0.250019,0.249994,295.65,295.799,0.0998135,36.6454,8.72265,-0.0107707,4961,-2407,-50,0,-398,286451,83,0.29,0.283706,16,0,10,11,11,10,295.612,143,296.025,121
112400,295.65,295.6,295.65,295.55,295.6,365,-365,-0.0499878,0.0499939,-0.199921,0.208337,0.291676,295.65,295.784,0.105047,31.6815,10.5414,-0.0110881,4992,-2401,-27,0,-479,286470,19,0.4,0.284514,16,0,9,10,11,11,295.6,144,296.025,121
112500,295.6,295.55,295.65,295.55,295.575,245,-245,-0.0500183,0.05,-0.349945,0.124997,0.291676,295.6,295.768,0.111689,8.71089,8.04201,-0.0106852,4984,-2403,-20,4,-327,286432,-38,0.23,0.284138,16,0,8,9,11,11,295.575,145,296.025,121
112600,295.55,295.55,295.55,295.45,295.525,897,897,0,0.0400024,-0.399963,0,0.409095,295.55,295.752,0.12317,8.71089,9.81806,-0.0110799,4839,-2393,-35,9,-330,286362,-70,0.21,0.28363,16,0,7,8,12,12,295.525,146,296.025,121
112700,295.55,295.55,295.65,295.55,295.575,101,-101,0,0.0299988,-0.199951,0.105275,0.263171,295.55,295.739,0.127949,12.6524,11.5311,-0.00712891,4951,-2381,-24,13,-127,286359,-3,0.37,0.284218,16,0,8,9,12,12,295.525,146,296.025,121
112800,295.6,295.6,295.6,295.55,295.588,63,63,0,0.0200012,-0.149963,0.111119,0.27778,295.55,295.723,0.13083,26.3088,20.1028,-0.00305583,4954,-2386,-24,12,-64,286371,12,0.33,0.284527,16,0,8,9,12,12,295.525,146,296.025,121
112900,295.55,295.5,295.55,295.5,295.513,278,-278,-0.0499878,0.0200012,-0.149963,0.111115,0.333311,295.55,295.708,0.137606,20.2058,21.6166,-0.00331625,4958,-2398,-8,9,-88,286428,57,0.17,0.283758,16,0,8,9,13,13,295.513,149,296.025,121
113000,295.5,295.35,295.6,295.35,295.413,1149,-1149,-0.149994,0.0399963,-0.349945,0.0909116,0.409061,295.5,295.69,0.147909,2.90664,21.6166,-0.00736897,4923,-2401,-5,0,-132,286349,-79,0.36,0.284267,16,0,8,9,13,14,295.413,150,296.025,121
113100,295.35,295.45,295.45,295.25,295.4,1369,1369,0.100006,0.0599976,-0.199951,0.0833355,0.416626,295.35,295.671,0.160286,42.573,26.5068,-0.0095052,5377,-2371,55,4,452,286130,-219,0.47,0.285497,16,0,7,8,14,15,295.4,151,295.975,136
113200,295.4,295.6,295.6,295.4,295.55,1148,1148,0.200012,0.1,-0.0499573,0.1923,0.346127,295.35,295.659,0.161461,57.1907,38.2941,-0.00198161,5492,-2372,72,4,566,286156,26,0.26,0.285329,16,0,8,8,14,14,295.4,151,295.975,136
113300,295.6,295.45,295.6,295.45,295.487,308,-308,-0.149994,0.129999,-0.149963,0.18518,0.333311,295.35,295.646,0.162126,56.5774,39.7232,0.00118002,5452,-2381,87,1,480,286052,-104,0.38,0.285948,16,0,9,8,13,13,295.4,151,295.975,136
113400,295.5,295.5,295.55,295.45,295.5,527,0,0,0.120001,-0.0999756,0.185184,0.296268,295.35,295.629,0.164054,61.0763,48.8907,0.00436606,5385,-2375,62,0,429,286018,-34,0.32,0.286169,16,0,8,8,14,13,295.4,151,295.975,136
113500,295.5,295.45,295.5,295.45,295.463,131,-131,-0.0499878,0.1,-0.0999451,0.19231,0.307667,295.35,295.606,0.166828,62.4777,58.8915,0.00391846,5344,-2377,55,1,521,286018,0,0.33,0.286452,16,0,8,8,14,12,295.4,151,295.975,136
113600,295.45,295.5,295.5,295.45,295.487,243,243,0.0499878,0.0899963,-0.0499573,0.2,0.23999,295.35,295.582,0.166758,64.2258,62.5025,0.00393067,5341,-2376,54,3,395,286065,47,0.33,0.286731,16,0,8,7,14,11,295.4,151,295.975,136
113700,295.5,295.4,295.5,295.4,295.425,431,-431,-0.100006,0.0699951,-0.149963,0.119995,0.280005,295.35,295.564,0.168483,59.3243,53.5728,0.00171305,5252,-2368,47,4,316,286047,-18,0.19,0.286115,16,0,8,7,13,12,295.4,151,295.975,136
113800,295.45,295.45,295.5,295.45,295.463,149,-149,0,0.0399963,-0.149963,0.115381,0.269238,295.35,295.551,0.166972,59.9343,55.0011,0.00248616,5230,-2357,-21,2,313,286072,25,0.46,0.287215,16,0,8,6,13,12,295.4,151,295.975,136
113900,295.45,295.55,295.55,295.45,295.525,115,115,0.0999756,0.0599915,0,0.153837,0.230791,295.35,295.541,0.164827,63.7537,59.6428,0.00634359,5244,-2345,-35,3,377,286042,-30,0.54,0.288805,16,0,8,7,13,11,295.4,151,295.975,136
114000,295.5,295.65,295.65,295.5,295.612,477,477,0.149994,0.0799927,0.299988,0.25,0.125025,295.35,295.534,0.163605,82.2385,69.6421,0.0124186,5198,-2359,-36,3,-167,285987,-55,0.39,0.289438,16,0,9,8,12,10,295.4,151,295.975,136
114100,295.65,295.65,295.8,295.65,295.688,556,-556,0,0.0699951,0.199982,0.391311,0.0434967,295.35,295.534,0.165308,75.3514,69.642,0.0187174,5467,-2485,11,-15,-138,285937,-50,0.32,0.289627,16,0,9,9,11,10,295.4,151,295.975,136
114200,295.65,295.65,295.7,295.65,295.663,138,-138,0,0.0499939,-3.05E-05,0.300006,0.0500214,295.35,295.533,0.164702,63.4658,73.5713,0.0188599,5485,-2487,20,-15,-73,285962,25,0.41,0.29037,16,0,9,9,12,10,295.4,151,295.975,136
114300,295.65,295.65,295.7,295.65,295.663,194,-194,0,0.0499939,0.149963,0.333333,0.0555782,295.35,295.536,0.162219,72.8953,74.6424,0.0163411,5443,-2487,14,-15,-54,285950,-12,0.39,0.290982,16,0,9,9,12,9,295.4,151,295.975,136
114400,295.65,295.7,295.7,295.65,295.688,103,103,0.0500183,0.0400024,0.199982,0.352924,0.0588446,295.35,295.54,0.160166,65.9274,72.5017,0.0137614,5466,-2483,30,-16,16,285890,-60,0.29,0.290976,16,0,8,8,12,9,295.4,151,295.975,136
114500,295.7,295.65,295.7,295.65,295.663,124,-124,-0.0500183,0.0200073,0.199951,0.352912,0.0588425,295.35,295.544,0.157138,66.205,65.0019,0.00958659,5440,-2480,30,-17,-5,285882,-8,0.42,0.291758,16,0,7,7,12,9,295.4,151,295.975,136
114600,295.65,295.65,295.7,295.65,295.663,311,-311,0,0.0200073,0.149963,0.352899,0.0588404,295.35,295.551,0.150306,60.3361,65.0019,0.00663249,5448,-2475,29,-18,89,285884,2,0.32,0.291928,16,0,6,6,12,9,295.4,151,295.788,137
114700,295.65,295.7,295.7,295.65,295.688,100,100,0.0500183,0.030011,0.299988,0.374948,0,295.35,295.557,0.14894,88.3867,66.7884,0.00548909,5447,-2475,35,-16,99,285935,51,0.21,0.291437,16,0,6,6,11,8,295.4,151,295.737,140
114800,295.7,295.65,295.7,295.65,295.663,74,-74,-0.0500183,0.0400146,0.249969,0.399935,0,295.35,295.561,0.147539,80.0573,65.7166,0.00309245,5438,-2476,-4,1,63,285932,-3,0.21,0.290952,16,0,6,6,10,8,295.4,151,295.737,140
114900,295.65,295.7,295.7,295.65,295.688,11,11,0.0500183,0.0400146,0.200012,0.357074,0,295.35,295.569,0.143511,77.7254,64.0501,0.00269775,5435,-2472,-7,2,124,285930,-2,0.26,0.290769,16,0,6,6,10,8,295.4,151,295.737,140
115000,295.7,295.65,295.7,295.65,295.663,191,-191,-0.0500183,0.0400146,0,0.249924,0,295.35,295.582,0.132893,35.4905,51.5499,0.000911457,5428,-2466,-2,3,-20,285946,16,0.3,0.290824,16,0,6,6,9,8,295.4,151,295.7,141
115100,295.6,295.65,295.7,295.6,295.65,260,260,0.0499878,0.0500122,0.0499878,0,0.0908587,295.4,295.594,0.116995,35.4905,49.0467,-0.000996906,5416,-2456,-7,3,-38,285935,-11,0.29,0.290819,16,0,6,6,9,8,295.4,151,295.688,169
115200,295.65,295.6,295.65,295.55,295.6,288,-288,-0.0499878,0.0500061,0,0,0.166633,295.45,295.597,0.113586,24.0207,41.428,-0.00426025,5334,-2432,-15,6,-54,285810,-125,0.45,0.291744,16,0,6,6,9,8,295.4,151,295.688,169
115300,295.6,295.75,295.8,295.6,295.725,373,373,0.149994,0.0700012,0.149994,0.199959,0.13332,295.45,295.609,0.111464,46.4454,46.0006,-0.000118,5354,-2443,-13,4,-72,285775,-35,0.39,0.292312,16,0,7,7,8,8,295.4,151,295.725,173
115400,295.7,295.75,295.8,295.7,295.75,356,356,0.0499878,0.0699951,0.149963,0.187474,0.124995,295.45,295.621,0.111429,41.694,48.6669,0.00367839,5430,-2462,-2,1,8,285866,91,0.42,0.293046,16,0,8,7,8,7,295.4,151,295.75,174
115500,295.75,295.8,295.85,295.75,295.8,230,230,0.0499878,0.069989,0.249969,0.23529,0.117645,295.45,295.638,0.112928,56.3624,65.3326,0.00773112,5557,-2492,17,-2,92,285902,36,0.29,0.293029,16,0,9,8,8,7,295.4,151,295.8,175
115600,295.8,295.75,295.8,295.75,295.763,150,-150,-0.0499878,0.069989,0.199982,0.235298,0.117649,295.45,295.652,0.113695,50.3947,68.669,0.00713297,5545,-2497,15,-3,76,285910,8,0.45,0.29392,16,0,9,8,8,6,295.4,151,295.8,175
115700,295.75,295.75,295.8,295.75,295.763,43,-43,0,0.0599915,0.149963,0.235307,0.117653,295.45,295.669,0.112051,46.6284,75.3343,0.00468343,5497,-2511,9,-6,24,285936,26,0.5,0.295085,16,0,8,7,8,6,295.4,151,295.8,175
115800,295.75,295.85,295.85,295.75,295.825,173,173,0.100006,0.0499939,0.299988,0.277814,0.111119,295.45,295.687,0.114217,55.5877,79.3333,0.00525716,5503,-2511,12,-7,29,285916,-20,0.36,0.295449,16,0,8,8,7,6,295.4,151,295.825,178
115900,295.85,295.85,295.95,295.8,295.862,606,-606,0,0.0399963,0.249969,0.350037,0.100006,295.5,295.704,0.119765,55.24,78.3323,0.00644124,5494,-2550,22,-16,-18,285841,-75,0.35,0.295754,16,0,9,9,6,5,295.4,151,295.862,179
120000,295.9,296,296,295.85,295.962,363,363,0.100006,0.05,0.399994,0.363667,0.0909167,295.6,295.721,0.129397,72.237,81.6667,0.0110921,5599,-2597,35,-22,42,285876,35,0.4,0.296333,16,0,10,9,6,4,295.4,151,295.962,180
120100,296,296.15,296.2,296,296.125,1901,1901,0.149994,0.0700012,0.5,0.500038,0.0416826,295.6,295.743,0.149457,87.4196,86.7944,0.0195353,5812,-2697,54,-33,213,286042,166,0.44,0.297127,17,0,11,10,5,3,295.425,157,296.125,181
120200,296.2,296.3,296.3,296.2,296.275,1434,1434,0.0999756,0.0899963,0.649963,0.560023,0,295.6,295.774,0.183284,96.7595,93.461,0.0281779,6258,-2772,100,-40,575,286165,123,0.29,0.297088,18,0,11,10,5,3,295.425,157,296.275,182
120300,296.3,296.25,296.35,296.1,296.237,1598,-1598,-0.0499878,0.0799927,0.449982,0.423095,0.0769285,295.6,295.803,0.204973,70.1096,90.3839,0.0271769,5888,-2852,49,-50,68,286035,-130,0.46,0.297978,18,0,10,11,5,4,295.425,157,296.275,182
120400,296.25,296.25,296.25,296.15,296.225,689,689,0,0.0799927,0.399994,0.423085,0.0769267,295.6,295.829,0.220195,70.1096,92.0504,0.0210815,5825,-2870,46,-51,-110,286185,150,0.37,0.29837,18,0,11,11,5,4,295.425,157,296.275,182
120500,296.25,296.15,296.25,296.1,296.163,475,-475,-0.100006,0.0799927,0.25,0.370369,0.111106,295.6,295.854,0.229376,63.518,85.3834,0.010258,5820,-2897,45,-55,-125,286140,-45,0.35,0.298649,18,0,11,11,4,5,295.425,157,296.275,182
120600,296.15,296.25,296.3,296.15,296.237,273,273,0.100006,0.0699951,0.399994,0.379299,0.103443,295.6,295.883,0.240996,66.6508,83.5888,0.00512289,5765,-2863,38,-44,-84,286067,-73,0.5,0.299731,18,0,12,12,4,5,295.425,157,296.275,182
120700,296.25,296.3,296.3,296.2,296.275,576,576,0.0499878,0.0599976,0.449982,0.366659,0.0999959,295.6,295.913,0.25209,69.4794,81.9216,0.00338948,5829,-2903,32,-43,-66,286063,-4,0.39,0.300214,18,0,13,12,4,4,295.463,158,296.275,187
120800,296.25,296.25,296.3,296.25,296.263,347,-347,0,0.05,0.349976,0.344811,0.103445,295.6,295.942,0.261231,65.2611,81.3623,0.0010376,5603,-2664,-29,4,-5,286093,30,0.4,0.300745,18,0,13,12,4,4,295.525,159,296.275,187
120900,296.25,296.35,296.35,296.25,296.325,334,334,0.100006,0.0700012,0.449982,0.321424,0.107141,295.6,295.974,0.271019,66.851,84.6958,0.00173341,5608,-2697,-92,10,-91,286063,-30,0.45,0.301534,19,0,13,12,4,4,295.6,172,296.325,189
121000,296.35,296.45,296.45,296.25,296.4,785,785,0.100006,0.0700012,0.449982,0.344832,0.103445,295.6,296.011,0.282866,68.6655,91.3628,0.00380045,5744,-2770,-20,11,-141,286145,82,0.33,0.301684,20,0,12,12,4,4,295.6,172,296.4,190
121100,296.45,296.3,296.5,296.3,296.35,1048,-1048,-0.150024,0.0800049,0.149963,0.241366,0.103445,295.6,296.046,0.291531,49.522,84.6955,0.00105795,6205,-2854,54,2,-135,286056,-89,0.43,0.302356,20,0,12,12,4,4,295.6,172,296.4,190
121200,296.3,296.5,296.5,296.25,296.438,596,596,0.200012,0.11001,0.25,0.161292,0.129021,295.6,296.088,0.300643,42.5126,86.3628,0.00220133,6193,-2855,53,6,302,286100,44,0.47,0.303229,21,0,12,12,3,5,295.6,172,296.438,192
121300,296.45,296.4,296.45,296.35,296.4,347,-347,-0.0500183,0.120013,0.249969,0.172416,0.0689496,295.7,296.122,0.306056,53.6312,84.9989,-0.000744626,6270,-2893,72,-4,422,286174,74,0.35,0.303472,21,0,13,12,4,5,295.6,172,296.438,192
121400,296.4,296.3,296.4,296.25,296.313,457,-457,-0.100006,0.120013,0.149963,0.16667,0.133324,295.75,296.15,0.306968,48.9522,74.9981,-0.00780843,6246,-2875,59,4,448,286280,106,0.42,0.304072,21,0,13,12,5,6,295.6,172,296.438,192
121500,296.35,296.25,296.35,296.25,296.275,414,-414,-0.100006,0.120013,0.149963,0.172416,0.103445,295.75,296.174,0.305809,49.5271,60.7126,-0.0136271,6258,-2887,93,-31,469,286311,31,0.39,0.304513,21,0,13,12,6,6,295.6,172,296.438,192
121600,296.3,296.3,296.35,296.3,296.313,168,-168,0,0.0900085,0.0499573,0.142866,0.107139,295.75,296.201,0.305821,48.4831,57.3787,-0.0151123,6245,-2889,91,-27,430,286331,20,0.27,0.304337,21,0,14,12,6,6,295.6,172,296.438,192
121700,296.3,296.25,296.3,296.2,296.25,267,-267,-0.0499878,0.0600037,-0.0500183,0.142866,0.17855,295.75,296.226,0.305085,39.5378,40.7114,-0.017391,6251,-2884,72,-16,428,286313,-18,0.38,0.304721,21,0,14,12,7,7,295.6,172,296.438,192
121800,296.25,296.3,296.35,296.2,296.287,630,630,0.0499878,0.0599976,-3.05E-05,0.166687,0.166646,295.85,296.249,0.303801,49.8032,32.377,-0.015328,6223,-2876,2,-3,436,286402,89,0.55,0.30596,21,0,14,13,7,7,295.6,172,296.438,192
121900,296.3,296.4,296.4,296.25,296.362,339,339,0.100006,0.0599976,-3.05E-05,0.161292,0.161272,295.9,296.274,0.302091,49.8533,35.7105,-0.00975341,6304,-2882,15,-3,448,286388,-14,0.38,0.306332,21,0,15,14,7,7,295.6,172,296.438,192
122000,296.35,296.2,296.4,296.15,296.238,709,-709,-0.149994,0.0699951,-0.250031,0.0937476,0.218738,296,296.287,0.297849,34.8363,32.8541,-0.0122314,6417,-2897,21,0,169,286424,36,0.35,0.30655,21,0,15,14,7,8,295.6,172,296.438,192
122100,296.25,296.15,296.25,296.15,296.175,149,-149,-0.100006,0.0899963,-0.200012,0.0666721,0.233322,296.15,296.29,0.286892,42.522,26.1888,-0.0158895,6290,-2898,6,-3,54,286392,-32,0.44,0.307214,21,0,15,14,8,7,295.6,172,296.438,192
122200,296.2,296.25,296.25,296.2,296.237,76,76,0.0499878,0.0899963,-0.350037,0.0740799,0.222217,296.15,296.288,0.265161,34.1126,29.5228,-0.0145589,6263,-2898,0,-1,-12,286390,-2,0.54,0.308366,21,0,16,14,7,6,295.725,173,296.438,192
122300,296.25,296.2,296.25,296.2,296.213,75,-75,-0.0499878,0.0899963,-0.350006,0.0800068,0.239996,296.15,296.287,0.247544,36.9397,26.8589,-0.0139242,6293,-2892,6,0,30,286372,-18,0.54,0.309507,21,0,15,13,7,6,295.75,174,296.438,192
122400,296.2,296.25,296.25,296.2,296.237,329,329,0.0499878,0.0799927,-0.200012,0.0869646,0.173903,296.15,296.288,0.232219,48.8625,21.5268,-0.0103231,6321,-2945,10,-8,5,286307,-65,0.6,0.310931,21,0,14,13,7,6,295.763,177,296.438,192
122500,296.25,296.25,296.25,296.25,296.25,302,0,0,0.0499939,-0.100006,0.0952478,0.190466,296.15,296.292,0.221672,56.2404,26.6691,-0.0068929,6406,-3001,26,-17,49,286299,-8,0.59,0.312293,21,0,14,12,7,6,295.763,177,296.438,192
122600,296.25,296.25,296.3,296.25,296.263,220,-220,0,0.0299927,-0.100006,0.150003,0.199994,296.2,296.293,0.207465,53.3838,34.6696,-0.00452067,6414,-3009,15,-18,38,286370,71,0.51,0.313252,21,0,14,13,6,6,295.763,177,296.438,192
122700,296.25,296.15,296.25,296.15,296.175,248,-248,-0.100006,0.0399963,-0.150024,0.149998,0.200018,296.2,296.288,0.193185,53.7819,28.0029,-0.00701497,6473,-3029,8,-18,97,286377,7,0.44,0.313865,21,0,14,13,7,7,295.825,178,296.438,192
122800,296.15,296.15,296.2,296.15,296.163,229,-229,0,0.0299988,-0.200012,0.111085,0.222237,296.15,296.283,0.180954,38.6542,24.0015,-0.00888265,6453,-3031,23,-19,0,286366,-11,0.22,0.313413,21,0,14,12,8,7,295.862,179,296.438,192
122900,296.2,296.05,296.25,296.05,296.1,897,-897,-0.150024,0.0500061,-0.450043,0.0526181,0.315805,296.15,296.272,0.1676,16.3134,16.001,-0.0121297,6413,-3005,21,-15,-112,286420,54,0.39,0.31378,21,0,13,12,8,8,295.962,180,296.438,192
123000,296.05,296.05,296.15,296.05,296.075,421,-421,0,0.0500061,-0.300049,0.0624833,0.25001,296.05,296.256,0.150509,22.8352,8.00049,-0.0137614,6376,-2991,11,-14,-7,286581,161,0.47,0.314524,21,0,12,11,9,8,296.075,210,296.438,192
123100,296.05,296.15,296.15,296.05,296.125,407,407,0.100006,0.0700073,-0.100037,0.0624833,0.25001,296.05,296.244,0.135412,39.9637,8.00049,-0.010258,6363,-3016,6,-10,-18,286674,93,0.44,0.315119,21,0,11,10,9,8,296.075,210,296.438,192
123200,296.1,296.15,296.2,296.1,296.15,550,550,0.0499878,0.0600037,-0.100037,0.125005,0.25001,296.05,296.23,0.115153,37.6304,16.001,-0.00574544,6359,-3010,-6,-1,-52,286681,7,0.5,0.315991,21,0,11,10,9,8,296.075,210,296.438,192
123300,296.15,296.15,296.2,296.1,296.15,444,-444,0,0.0600037,-0.0500488,0.117649,0.235298,296.05,296.217,0.0980853,39.1312,24.0015,-0.00216064,6183,-3046,-33,-5,-239,286728,47,0.5,0.316854,21,0,11,9,9,7,296.075,210,296.438,192
123400,296.15,296.15,296.15,296.15,296.15,56,0,0,0.0299988,-0.100037,0.125,0.25,296.05,296.209,0.0916988,26.2233,32.002,-3.26E-05,6251,-3059,-31,-4,-213,286747,19,0.43,0.317383,21,0,11,9,9,7,296.075,210,296.438,192
123500,296.15,296.2,296.25,296.15,296.2,322,322,0.0500183,0.0400024,-0.0500183,0.222222,0.222222,296.05,296.206,0.0883749,38.9025,44.0039,0.00297038,6260,-3073,-27,-6,-218,286832,85,0.47,0.318093,21,0,11,10,9,6,296.075,210,296.438,192
123600,296.2,296.2,296.25,296.2,296.213,306,-306,0,0.0200012,-0.0500183,0.166684,0.222222,296.05,296.201,0.0845967,38.9025,51.0049,0.00484212,6292,-3105,-17,-14,-257,286769,-63,0.53,0.319074,21,0,11,9,9,6,296.075,210,296.438,192
123700,296.2,296.25,296.3,296.2,296.25,532,532,0.0499878,0.0200012,0.0999756,0.22223,0.111115,296.05,296.201,0.0851402,58.4401,59.0054,0.00715739,6459,-3259,11,-38,-222,286877,108,0.57,0.32023,21,0,10,10,9,6,296.075,210,296.438,192
123800,296.25,296.25,296.3,296.25,296.263,309,-309,0,0.0200012,0.0999756,0.222237,0.111119,296.05,296.199,0.0861143,58.4401,67.0059,0.00818278,6444,-3260,11,-34,-224,286782,-95,0.58,0.321422,21,0,10,10,9,6,296.075,210,296.438,192
123900,296.3,296.4,296.4,296.3,296.375,657,657,0.100006,0.0400024,0.350006,0.352973,0,296.05,296.2,0.0922734,100,79.0054,0.0127035,6618,-3348,37,-48,-115,286745,-37,0.39,0.321735,21,0,11,10,9,6,296.075,210,296.438,192
124000,296.4,296.4,296.45,296.35,296.4,520,-520,0,0.0299988,0.350006,0.41182,0,296.05,296.208,0.10142,100,84.5027,0.0149577,6750,-3371,81,-46,32,286847,102,0.28,0.321545,21,0,12,10,9,6,296.075,210,296.438,192
124100,296.4,296.3,296.45,296.25,296.325,513,-513,-0.100006,0.05,0.149994,0.368467,0.105272,296.05,296.216,0.102032,74.6514,80.9285,0.0107218,6778,-3370,75,-44,59,286734,-113,0.43,0.322036,21,0,11,9,9,7,296.075,210,296.438,192
124200,296.3,296.3,296.35,296.3,296.313,326,-326,0,0.0400024,0.100006,0.333356,0.111119,296.05,296.219,0.103605,74.6514,76.3549,0.00594483,6691,-3324,61,-35,230,286696,-38,0.33,0.322072,21,0,12,9,10,6,296.075,210,296.4,220
124300,296.3,296.35,296.4,296.3,296.35,277,277,0.0500183,0.0500061,0.150024,0.388898,0.111119,296.05,296.226,0.106083,77.7034,73.6872,0.00348307,6776,-3332,69,-32,252,286776,80,0.37,0.322287,21,0,11,10,9,6,296.075,210,296.4,220
124400,296.4,296.25,296.4,296.25,296.288,234,-234,-0.149994,0.0600037,3.05E-05,0.333343,0.142853,296.05,296.229,0.106587,70.5309,60.3539,-0.000972494,6762,-3350,43,-13,225,286791,15,0.31,0.322232,21,0,11,10,8,6,296.075,210,296.4,220
124500,296.3,296.25,296.35,296.15,296.25,1103,-1103,-0.0499878,0.0700012,-0.0999756,0.217392,0.217392,296.05,296.229,0.106281,66.2448,49.5213,-0.00470378,6710,-3358,38,-14,165,286953,162,0.48,0.322933,21,0,11,10,8,7,296.075,210,296.4,220
124600,296.25,296.2,296.3,296.2,296.225,330,-330,-0.0499878,0.0599976,-0.149963,0.208337,0.208337,296.05,296.227,0.106126,57.6506,41.4283,-0.00767415,6632,-3351,2,0,81,286936,-17,0.39,0.32323,21,0,11,10,9,7,296.075,210,296.4,220
124700,296.2,296.2,296.25,296.2,296.213,185,-185,0,0.0599976,-0.199951,0.173925,0.217392,296.05,296.229,0.103542,46.4501,33.3354,-0.0093099,6640,-3364,-15,1,92,286948,12,0.4,0.323568,21,0,11,10,9,6,296.075,210,296.4,220
124800,296.25,296.15,296.25,296.15,296.175,110,-110,-0.100006,0.0699951,-0.299957,0.166675,0.250013,296.05,296.229,0.100739,44.0422,20.002,-0.0105021,6714,-3435,-9,-9,9,286962,14,0.33,0.323597,21,0,11,9,9,7,296.075,210,296.4,220
124900,296.1,296.2,296.2,296.1,296.175,223,223,0.100006,0.0599976,-0.299957,0.08696,0.304347,296.05,296.233,0.0957311,29.6372,19.0499,-0.00989583,6764,-3455,10,-18,-70,286951,-11,0.33,0.323625,21,0,10,8,10,8,296.075,210,296.4,220
125000,296.2,296.15,296.2,296.15,296.163,281,-281,-0.0500183,0.0600037,-0.349976,0.0454419,0.318177,296.05,296.237,0.0890526,25.4069,15.2396,-0.00900472,6798,-3455,3,-17,-65,286850,-101,0.38,0.32387,21,0,11,8,10,7,296.075,210,296.4,220
125100,296.15,296.2,296.2,296.1,296.175,946,946,0.0500183,0.0600098,-0.199951,0.0499863,0.299979,296.1,296.24,0.0859284,60.2231,18.5726,-0.00688477,7226,-3447,66,-13,412,286519,-331,0.45,0.324416,21,0,11,8,9,8,296.075,210,296.4,220
125200,296.2,296.2,296.25,296.15,296.2,625,625,0,0.0600098,-0.199951,0.0952132,0.285698,296.1,296.242,0.0845808,60.2231,21.9056,-0.00361328,7562,-3457,121,-14,661,286442,-77,0.33,0.32444,21,0,11,9,9,8,296.075,210,296.4,220
125300,296.2,296.15,296.2,296.15,296.163,222,-222,-0.0500183,0.0500122,-0.299988,0.0499863,0.299979,296.1,296.243,0.0849643,49.8256,25.2383,-0.00314534,7820,-3458,169,-15,950,286367,-75,0.34,0.324506,21,0,11,9,10,8,296.075,210,296.4,220
125400,296.15,296.15,296.2,296.15,296.163,339,-339,0,0.030011,-0.149994,0.0555386,0.277761,296.1,296.244,0.085676,55.3483,23.5228,-0.00259603,7775,-3482,162,-16,941,286345,-22,0.29,0.324359,21,0,11,9,10,8,296.075,210,296.4,220
125500,296.15,296.15,296.2,296.15,296.163,34,-34,0,0.0200073,-0.100006,0.066645,0.199976,296.1,296.242,0.0873025,55.3483,25.6656,-0.00214844,7732,-3469,145,-4,982,286383,38,0.39,0.324638,21,0,10,9,10,8,296.075,210,296.4,220
125600,296.2,296.15,296.2,296.15,296.163,109,-109,-0.0500183,0.0200073,-0.100037,0.0714005,0.214245,296.1,296.239,0.088734,65.6002,25.6636,-0.00163574,7713,-3478,135,-3,959,286346,-37,0.45,0.32517,21,0,10,8,10,8,296.075,210,296.4,220
125700,296.15,296.15,296.15,296.15,296.15,78,0,0,0.0200073,-0.100037,0.0768906,0.230719,296.1,296.234,0.0900455,65.6002,25.6615,-0.00138346,7692,-3478,127,-3,935,286300,-46,0.41,0.325527,21,0,10,8,10,7,296.075,210,296.4,220
125800,296.15,296.15,296.15,296.1,296.137,110,110,0,0.0100037,-3.05E-05,0.0832994,0.249898,296.1,296.228,0.0912737,69.9163,28.9942,-0.00159912,7695,-3479,67,-4,907,286263,-37,0.44,0.326008,21,0,10,8,9,8,296.075,210,296.4,220
125900,296.15,296.1,296.15,296.1,296.112,107,-107,-0.0499878,0.0200012,-0.150024,0.0908738,0.181748,296.1,296.215,0.0861677,60.7976,24.9952,-0.00259196,7692,-3477,18,-2,872,286304,41,0.39,0.326276,21,0,10,7,9,7,296.075,210,296.4,220
130000,296.1,296.05,296.1,296.05,296.063,398,-398,-0.0500183,0.0300049,-0.150024,0.0908738,0.272677,296.1,296.198,0.0802978,56.5503,19.9959,-0.00500081,7753,-3522,-9,-9,452,286237,-67,0.47,0.326875,21,0,10,7,9,8,296.063,240,296.4,220
130100,296.1,296.1,296.15,296.05,296.1,355,355,0,0.0200012,-0.200043,0.181748,0.181803,296.1,296.187,0.0783075,32.8093,18.3321,-0.0038208,7765,-3530,-1,-6,130,286154,-83,0.46,0.327427,21,0,10,8,9,8,296.063,240,296.4,220
130200,296.15,296.05,296.15,296.05,296.075,98,-98,-0.100006,0.0400024,-0.300049,0.0908738,0.181803,296.1,296.175,0.0779679,30.0846,11.6668,-0.00344645,7720,-3524,-1,-7,-166,286133,-21,0.4,0.327727,21,0,9,7,9,8,296.063,240,296.4,220
130300,296.1,296.1,296.1,296.1,296.1,116,0,0,0.0400024,-0.250031,0.0908738,0.181803,296.1,296.163,0.0742176,43.8566,11.6695,-0.00125732,7738,-3526,3,-6,-81,286151,18,0.37,0.327901,21,0,10,7,10,8,296.063,240,296.4,220
130400,296.1,296.1,296.1,296.1,296.1,48,0,0,0.0300049,-0.250031,0.0999634,0.199988,296.1,296.153,0.0734541,43.8566,18.3376,0.000533037,7717,-3526,3,-6,-72,286152,1,0.59,0.328975,21,0,9,7,9,8,296.063,240,296.4,220
130500,296.15,296.1,296.15,296.1,296.112,141,-141,-0.0499878,0.0299988,-0.300018,0.199939,0.2,296.1,296.146,0.073598,43.8566,25.0056,0.00199381,7726,-3532,4,-7,-41,286130,-22,0.28,0.328776,21,0,9,7,9,8,296.063,240,296.4,220
130600,296.1,296.05,296.1,296,296.05,667,-667,-0.0500183,0.0400024,-0.300018,0.181768,0.363646,296.1,296.138,0.0761402,27.0559,26.6694,4.07E-05,7583,-3516,-15,-5,-147,286159,29,0.42,0.329146,21,0,8,7,10,9,296.05,246,296.4,220
130700,296.05,296,296.05,296,296.013,254,-254,-0.0499878,0.0299988,-0.350006,0.166624,0.33335,296.05,296.128,0.0800269,23.6117,26.6694,-0.00286865,7701,-3541,-7,-2,-56,286080,-79,0.38,0.329352,21,0,8,6,11,9,296.013,247,296.4,220
130800,295.95,295.9,296,295.9,295.925,909,-909,-0.0500183,0.0400024,-0.400024,0.153803,0.384648,295.95,296.115,0.0891551,16.2231,20.0014,-0.00800375,7677,-3461,-12,9,1,286061,-19,0.47,0.329919,21,0,7,6,12,10,295.925,248,296.4,220
130900,295.9,296,296,295.9,295.975,103,103,0.100006,0.0600037,-0.250031,0.142814,0.357165,295.9,296.105,0.0931922,19.7969,21.3338,-0.00736084,7572,-3443,-21,11,-102,286115,54,0.48,0.330522,21,0,6,5,12,10,295.925,248,296.4,220
131000,296,296,296.1,296,296.025,203,-203,0,0.0500061,-0.200012,0.266631,0.266672,295.9,296.098,0.0929732,22.9466,22.6663,-0.00282796,7611,-3430,-18,13,-54,286064,-51,0.5,0.3312,21,0,6,5,12,10,295.925,248,296.35,223
131100,296,296,296.05,296,296.013,132,-132,0,0.0400024,-0.200012,0.214273,0.285727,295.9,296.09,0.0929744,10.2017,24.0015,0.000268556,7602,-3428,-16,14,-22,286122,58,0.54,0.332032,21,0,6,5,13,9,295.925,248,296.35,223
131200,296,296,296.05,296,296.013,174,-174,0,0.0300049,-0.100006,0.230762,0.307714,295.9,296.081,0.0935866,10.6898,32.002,0.00255127,7572,-3423,-22,15,-63,286138,16,0.46,0.33254,21,0,5,5,12,9,295.925,248,296.35,223
131300,296,295.95,296,295.9,295.95,390,-390,-0.0499878,0.0299988,-0.149994,0.214283,0.428609,295.9,296.07,0.0958441,4.43372,36.0034,0.000305176,7509,-3381,-10,19,-63,286099,-39,0.52,0.333281,21,0,5,4,13,10,295.925,248,296.288,224
131400,295.95,295.95,295.95,295.95,295.95,182,0,0,0.00999756,-0.149994,0.214283,0.428609,295.9,296.059,0.0973994,4.43372,32.0044,-0.00105795,7577,-3383,-17,22,0,286082,-17,0.31,0.333189,21,0,6,4,14,9,295.925,248,296.25,225
131500,295.95,295.9,295.95,295.9,295.913,107,-107,-0.0500183,0.0200012,-0.150024,0.142863,0.500044,295.9,296.047,0.100259,4.23853,24.0039,-0.00290934,7602,-3448,-10,1,87,286089,7,0.44,0.333608,21,0,6,4,13,9,295.913,255,296.225,226
131600,295.9,295.95,295.95,295.85,295.925,440,440,0.0500183,0.0300049,-0.0499878,0.142863,0.42859,295.9,296.035,0.102408,24.6468,24.0039,-0.00249023,7636,-3463,9,-2,13,286098,9,0.35,0.333672,21,0,5,4,12,10,295.913,255,296.213,227
131700,295.95,295.9,295.95,295.9,295.913,239,-239,-0.0500183,0.0400085,-0.0500183,0.142857,0.428571,295.9,296.023,0.10343,24.8167,20.0024,-0.00171712,7691,-3497,11,-9,-22,286120,22,0.42,0.334008,21,0,6,4,11,10,295.913,257,296.2,232
131800,295.9,295.95,295.95,295.9,295.938,278,278,0.0500183,0.0400146,0.0500183,0.153843,0.307685,295.9,296.013,0.102793,52.7291,24.0015,0.00045573,7833,-3495,33,-9,209,286182,62,0.41,0.334302,21,0,6,4,11,9,295.913,257,296.2,232
131900,295.95,296,296.05,295.9,295.987,252,252,0.0499878,0.0500122,0,0.285671,0.285714,295.9,296.007,0.100551,56.8585,31.9995,0.00451253,7862,-3506,41,-11,175,286148,-34,0.56,0.335174,21,0,6,5,10,8,295.913,257,296.2,232
132000,296,296.05,296.1,296,296.05,581,581,0.0499878,0.0500061,0.0499878,0.214264,0.285714,295.9,296.006,0.0966519,67.8215,47.998,0.0094279,7977,-3544,66,-23,259,286087,-61,0.49,0.335769,21,0,6,6,10,8,295.913,257,296.2,232
132100,296.1,296.1,296.1,296.05,296.088,280,280,0,0.0400024,0.0499878,0.214255,0.285702,295.9,296.006,0.0962613,71.3327,59.9976,0.0132283,7800,-3544,31,-23,107,286134,47,0.5,0.336398,21,0,7,6,10,7,295.913,257,296.2,232
132200,296.1,296.2,296.2,296.1,296.175,690,690,0.100006,0.05,0.149994,0.333293,0.26665,295.9,296.011,0.100317,77.4089,75.9985,0.017806,7773,-3566,24,-16,79,286057,-77,0.35,0.33645,21,0,7,6,10,7,295.913,257,296.175,262
132300,296.2,296.1,296.2,296.1,296.125,207,-207,-0.100006,0.0599976,0.0999756,0.333293,0.133325,295.9,296.012,0.102985,82.0127,82.2835,0.0158529,7772,-3596,19,-19,-18,286095,38,0.38,0.336616,21,0,7,6,9,7,295.913,257,296.175,262
132400,296.15,296.1,296.15,296.1,296.112,2,-2,-0.0499878,0.0599976,0.0499878,0.312469,0.124995,295.9,296.013,0.104915,82.0127,84.5695,0.0119751,7773,-3596,11,-14,23,286095,0,0.31,0.336515,21,0,7,6,10,7,295.913,257,296.175,262
132500,296.1,296.15,296.15,296.1,296.137,205,205,0.0499878,0.0599976,0.149994,0.312481,0.0624809,295.9,296.014,0.108066,85.9408,85.7128,0.00933024,7869,-3609,5,-16,87,286109,14,0.29,0.33634,21,0,7,6,10,7,295.913,257,296.175,262
132600,296.15,296.1,296.15,296.1,296.112,129,-129,-0.0499878,0.0699951,0.0499878,0.33332,0,295.9,296.017,0.108596,79.9041,79.0461,0.00548503,7808,-3599,-7,-13,15,286000,-109,0.36,0.336429,21,0,7,6,10,7,295.913,257,296.175,262
132700,296.1,296.1,296.1,296.1,296.1,0,0,0,0.0499939,0.100006,0.357137,0,295.9,296.021,0.107185,87.1834,72.3795,0.00267334,7823,-3600,-22,-8,-115,286000,0,0.35,0.336479,21,0,7,6,10,7,295.913,257,296.175,262
132800,296.1,296.15,296.15,296.1,296.137,83,83,0.0499878,0.0399902,0.0999756,0.428565,0,295.9,296.032,0.101748,86.1545,74.7597,0.00257568,7818,-3602,2,-8,-140,286047,47,0.44,0.336866,21,0,7,7,10,6,295.913,257,296.175,262
132900,296.15,296.15,296.25,296.15,296.175,225,-225,0,0.0299927,0.0499878,0.461571,0,295.9,296.042,0.101959,84.5511,72.4737,0.00391032,7838,-3607,9,-5,-202,286054,7,0.26,0.33658,21,0,8,8,10,6,295.913,257,296.175,262
133000,296.15,296.15,296.15,296.15,296.15,210,0,0,0.0199951,0,0.454556,0,295.9,296.048,0.103461,78.9217,65.3318,0.00322672,7885,-3626,16,-4,3,285931,-123,0.34,0.336593,21,0,8,8,10,5,295.913,257,296.175,262
133100,296.2,296.1,296.2,296.1,296.125,97,-97,-0.100006,0.0299988,-0.100006,0.500051,0,295.9,296.054,0.10369,69.3146,51.9985,0.00108236,7844,-3618,10,-3,19,285931,0,0.37,0.336716,21,0,8,8,10,6,295.913,257,296.175,262
133200,296.15,296.15,296.2,296.1,296.15,133,-133,0,0.0299988,-0.200012,0.333367,0,295.9,296.061,0.104624,49.2983,45.3305,0.000349935,7798,-3626,-10,-2,-4,285911,-20,0.39,0.336912,21,0,8,8,10,6,295.913,257,296.175,262
133300,296.15,296.15,296.15,296.15,296.15,239,0,0,0.0200012,-0.100006,0.400049,0,295.9,296.071,0.102669,65.0707,35.3301,-0.000366211,7797,-3629,-1,-4,-9,285907,-4,0.17,0.3363,21,0,8,8,10,6,295.913,257,296.175,262
133400,296.15,296.1,296.2,296.1,296.125,73,-73,-0.0499878,0.0299988,-0.100006,0.454611,0,295.9,296.079,0.100441,58.4732,23.3306,-0.00175781,7791,-3628,-4,-4,-97,285897,-10,0.44,0.336679,21,0,8,9,10,7,295.913,257,296.175,262
133500,296.15,296.15,296.2,296.1,296.15,126,-126,0,0.0299988,-0.149994,0.416713,0,295.9,296.091,0.0970187,53.3558,19.9959,-0.00128988,7831,-3628,1,-3,-6,285915,18,0.45,0.337091,21,0,8,8,10,7,295.913,257,296.175,262
133600,296.15,296.2,296.25,296.15,296.2,379,379,0.0500183,0.0200012,-0.0499878,0.461549,0,295.9,296.105,0.0957266,80.9225,33.3306,0.00109456,7721,-3604,-16,0,-106,285914,-1,0.56,0.337899,21,0,9,9,9,6,295.913,257,296.2,276
133700,296.25,296.25,296.25,296.2,296.237,143,143,0,0.0200012,-0.0499878,0.42859,0,295.9,296.121,0.0960484,83.5613,46.6653,0.00400391,7813,-3644,-10,-2,-47,285900,-14,0.34,0.337906,21,0,10,9,8,6,295.913,257,296.237,277
133800,296.25,296.2,296.25,296.2,296.213,75,-75,-0.0499878,0.0299988,-0.149963,0.35718,0,295.95,296.135,0.0961304,76.1227,53.3347,0.00391032,7759,-3652,-12,-4,-124,285887,-13,0.43,0.338237,21,0,10,9,7,5,295.913,257,296.237,277
133900,296.25,296.2,296.25,296.2,296.213,130,-130,-0.0499878,0.0299988,-0.199951,0.230809,0,296,296.146,0.0972703,76.1227,66.6694,0.002771,7754,-3652,-6,-3,-157,285885,-2,0.35,0.33828,21,0,10,9,7,5,295.913,257,296.237,277
134000,296.2,296.3,296.3,296.2,296.275,448,448,0.0999756,0.0499939,-0.0999756,0.266694,0,296.1,296.157,0.0998093,83.3813,80.0041,0.00404053,7650,-3554,-21,10,-130,285876,-9,0.22,0.337857,21,0,9,9,7,5,295.913,257,296.275,280
134100,296.3,296.2,296.3,296.2,296.225,195,-195,-0.0999756,0.0599854,-0.0999451,0.200008,0,296.1,296.164,0.0994869,78.1812,76.6709,0.0017334,7663,-3554,-18,10,-63,285928,52,0.36,0.337936,21,0,9,9,6,5,295.913,257,296.275,280
134200,296.25,296.2,296.25,296.15,296.2,187,-187,-0.0499878,0.0699829,-0.149933,0.200008,0.0666965,296.1,296.166,0.0934823,76.1651,66.6724,-0.00100911,7605,-3544,-32,12,-107,285944,16,0.33,0.337908,21,0,9,9,7,6,295.913,257,296.275,280
134300,296.2,296.1,296.2,296.1,296.125,188,-188,-0.100006,0.0799866,-0.249939,0.176475,0.117662,296.1,296.166,0.0897404,67.3665,53.3377,-0.00634766,7557,-3547,-23,8,-153,286014,70,0.33,0.33788,21,0,9,9,7,6,295.913,257,296.275,280
134400,296.1,296.1,296.15,296.05,296.1,211,211,0,0.069989,-0.199951,0.117626,0.176511,296.1,296.165,0.0878748,70.5302,44.0045,-0.0103149,7536,-3540,-39,14,-207,286599,585,0.47,0.338345,21,0,8,9,7,7,295.913,257,296.275,280
134500,296.1,296.15,296.2,296.1,296.15,258,258,0.0499878,0.0599915,-0.149963,0.176475,0.176511,296.1,296.166,0.0837814,72.837,32.005,-0.00875244,7551,-3521,-29,18,-87,286590,-9,0.34,0.338351,21,0,9,10,7,6,295.913,257,296.275,280
134600,296.1,296.15,296.15,296.1,296.137,50,50,0.0499878,0.0499939,-0.149994,0.125019,0.187548,296.1,296.167,0.0811039,64.9607,30.004,-0.00716553,7539,-3519,-30,19,-149,286603,13,0.35,0.338392,21,0,9,10,8,5,295.913,257,296.275,280
134700,296.15,296.1,296.15,296.1,296.112,20,-20,-0.0499878,0.0499939,-0.199982,0.125019,0.187548,296.1,296.167,0.0799825,59.6314,24.0039,-0.0063151,7518,-3525,-18,4,-114,286605,2,0.27,0.338153,21,0,8,10,8,5,295.938,258,296.275,280
134800,296.1,296.15,296.2,296.05,296.138,438,438,0.0499878,0.0399902,-0.100006,0.111122,0.166701,296.1,296.167,0.0770793,73.9501,32.0044,-0.00426432,7526,-3526,-19,4,-102,286599,-6,0.53,0.338819,21,0,8,11,8,6,295.987,259,296.275,280
134900,296.15,296.15,296.2,296.15,296.163,45,-45,0,0.0399902,-0.0500183,0.111119,0.166695,296.1,296.167,0.0702941,73.9501,36.0034,-0.00196126,7632,-3550,3,0,-14,286603,4,0.38,0.338962,21,0,9,10,8,6,296.05,260,296.275,280
135000,296.15,296.1,296.15,296.05,296.1,199,-199,-0.0499878,0.0399902,-0.199982,0.0555744,0.277804,296.1,296.164,0.0680429,53.6197,32.0044,-0.00325521,7622,-3560,9,-1,-47,286564,-39,0.39,0.339138,21,0,8,9,9,7,296.088,261,296.275,280
135100,296.1,296.15,296.15,296.1,296.137,40,40,0.0499878,0.0399902,-0.0500183,0.0588425,0.294141,296.1,296.165,0.0660563,64.3937,34.0039,-0.00197754,7641,-3583,15,-6,-3,286597,33,0.45,0.339519,21,0,8,9,9,7,296.1,290,296.275,280
135200,296.2,296.2,296.2,296.15,296.188,4,4,0,0.0299927,-3.05E-05,0.125038,0.25,296.1,296.167,0.0630701,64.5179,50.0024,0.00103353,7667,-3599,16,-11,58,286598,1,0.44,0.339863,21,0,8,9,9,7,296.1,290,296.275,280
135300,296.2,296.2,296.2,296.2,296.2,6,0,0,0.0199951,0.0999756,0.142901,0.214308,296.1,296.169,0.0609077,77.166,62.002,0.00323486,7664,-3597,17,-11,71,286601,3,0.37,0.339966,21,0,9,9,9,7,296.1,290,296.275,280
135400,296.15,296.15,296.2,296.15,296.163,14,-14,0,0.0199951,0.0999756,0.153889,0.230787,296.1,296.171,0.0597095,76.0555,67.3334,0.00264486,7659,-3594,20,-9,35,286600,-1,0.42,0.340238,21,0,9,9,8,8,296.1,290,296.275,280
135500,296.15,296.2,296.2,296.15,296.188,131,131,0.0500183,0.0200012,0.100006,0.0833545,0.250013,296.1,296.173,0.0582914,72.4613,83.332,0.00259196,7667,-3599,20,-10,48,286600,0,0.37,0.340339,21,0,9,9,8,8,296.1,290,296.275,280
135600,296.25,296.25,296.25,296.2,296.237,10,10,0,0.0100037,0.0500183,0.166658,0.250013,296.1,296.175,0.0558289,72.7831,93.332,0.00424398,7771,-3617,19,-9,161,286690,90,0.38,0.340473,21,0,10,10,8,8,296.1,290,296.275,280
135700,296.2,296.2,296.25,296.2,296.213,98,-98,0,0.0100037,0.100006,0.166658,0.250013,296.1,296.174,0.0507985,66.7028,88.3335,0.00366211,7767,-3617,20,-8,150,286662,-28,0.34,0.340471,21,0,10,10,7,8,296.1,290,296.275,280
135800,296.2,296.25,296.25,296.15,296.225,223,223,0.0499878,0.0200012,0.100006,0.181813,0.363682,296.1,296.174,0.048332,56.7503,88.3335,0.003597,7755,-3628,16,-6,45,286643,-19,0.44,0.340805,21,0,10,9,7,9,296.1,290,296.275,280
135900,296.25,296.3,296.35,296.25,296.3,267,267,0.0499878,0.0299988,0.149994,0.333333,0.333384,296.1,296.179,0.0531296,68.4656,91.6672,0.00622559,7839,-3641,24,-6,136,286649,6,0.39,0.34097,21,0,10,9,7,9,296.1,290,296.3,299
140000,296.3,296.4,296.4,296.3,296.375,1372,1372,0.100006,0.0399963,0.299988,0.416641,0.166718,296.1,296.184,0.0624426,94.8143,91.6672,0.0102336,7757,-3487,13,15,212,286537,-112,0.26,0.3407,21,0,11,10,6,9,296.1,290,296.375,300
140100,296.4,296.4,296.4,296.3,296.375,478,478,0,0.0399963,0.25,0.384583,0.153889,296.1,296.191,0.0721056,94.7165,91.6672,0.0114421,7525,-3240,-19,50,217,286492,-45,0.44,0.34103,21,0,11,9,6,8,296.1,290,296.375,301
140200,296.4,296.35,296.45,296.3,296.362,499,-499,-0.0499878,0.0499939,0.200012,0.333306,0.133371,296.1,296.199,0.080864,76.6253,89.999,0.00968424,7575,-3225,-13,53,283,286547,55,0.39,0.341192,21,0,11,10,6,8,296.1,290,296.375,301
140300,296.4,296.3,296.4,296.25,296.313,522,-522,-0.100006,0.0599976,0.100006,0.277761,0.166684,296.1,296.209,0.0840765,63.8712,79.998,0.00431722,7476,-3215,-42,57,196,286566,19,0.42,0.341452,21,0,10,10,6,9,296.1,290,296.375,301
140400,296.35,296.3,296.35,296.25,296.3,663,-663,-0.0500183,0.0600037,0.0499878,0.263146,0.105265,296.1,296.219,0.0847808,64.1575,73.3313,-0.000451662,7364,-3181,-57,62,115,286467,-99,0.34,0.341447,21,0,10,9,7,8,296.1,290,296.375,301
140500,296.3,296.3,296.3,296.25,296.287,96,96,0,0.0400024,-3.05E-05,0.263155,0.105268,296.1,296.226,0.0856852,62.5884,63.3303,-0.00370687,7404,-3207,-50,60,43,286442,-25,0.53,0.342066,21,0,10,9,8,8,296.1,290,296.375,301
140600,296.25,296.4,296.4,296.25,296.362,398,398,0.149994,0.0700012,0.149963,0.285727,0.0952423,296.1,296.237,0.0890246,66.8845,59.9959,-0.0015625,7507,-3217,-47,60,140,286403,-39,0.58,0.342843,21,0,9,9,8,8,296.1,290,296.375,301
140700,296.35,296.35,296.4,296.35,296.362,362,-362,0,0.0600037,0.149963,0.285727,0.0952423,296.1,296.249,0.0921067,62.0362,59.9959,4.48E-05,7602,-3230,-22,36,245,286429,26,0.41,0.343062,21,0,9,9,8,8,296.1,290,296.375,301
140800,296.35,296.35,296.35,296.35,296.35,208,0,0,0.0400024,0.0999756,0.315805,0.0526181,296.1,296.26,0.0939688,59.562,59.9969,9.36E-05,7675,-3232,21,1,245,286405,-24,0.43,0.343344,21,0,9,9,9,8,296.1,290,296.375,301
140900,296.3,296.3,296.35,296.3,296.313,6,-6,0,0.0299988,0.0499878,0.22223,0.111115,296.1,296.268,0.0946096,56.0317,54.9964,-0.00217692,7673,-3232,14,-1,171,286407,2,0.38,0.343463,21,0,9,9,9,9,296.1,290,296.375,301
141000,296.3,296.3,296.35,296.25,296.3,323,-323,0,0.0299988,-0.0500183,0.166689,0.166655,296.1,296.278,0.0936438,22.2721,49.9959,-0.00470784,7620,-3262,20,-6,73,286401,-6,0.29,0.34329,21,0,9,8,9,10,296.1,290,296.375,301
141100,296.3,296.3,296.3,296.3,296.3,89,0,0,0,-0.0500183,0.187526,0.187488,296.15,296.286,0.0934313,22.2721,38.3288,-0.00576172,7695,-3307,47,-18,38,286391,-10,0.45,0.343633,21,0,10,8,10,10,296.1,290,296.375,301
141200,296.3,296.35,296.35,296.3,296.338,290,290,0.0500183,0.0100037,0.0499878,0.214317,0.214273,296.15,296.293,0.0937906,43.6,38.3301,-0.00397542,7701,-3305,42,-14,135,286279,-112,0.57,0.344359,21,0,10,9,9,9,296.1,290,296.375,301
141300,296.35,296.65,296.65,296.35,296.575,1464,1464,0.299988,0.0700012,0.449982,0.529422,0.117653,296.15,296.312,0.107637,85.4018,48.3301,0.00850423,8015,-3373,72,-22,459,286396,117,0.26,0.344089,22,0,11,10,8,8,296.1,290,296.575,313
141400,296.6,296.45,296.65,296.45,296.5,655,-655,-0.149994,0.1,0.350006,0.473706,0.105272,296.15,296.329,0.115544,67.7811,53.3324,0.0111247,8125,-3483,74,-36,445,286418,22,0.37,0.344172,22,0,12,10,7,7,296.1,290,296.575,313
141500,296.45,296.4,296.45,296.35,296.4,788,-788,-0.0500183,0.110004,0.299988,0.450012,0.200012,296.2,296.339,0.116314,54.3064,55.8337,0.00593669,8191,-3523,73,-41,378,286309,-109,0.52,0.34473,22,0,11,9,8,8,296.1,290,296.575,313
141600,296.4,296.55,296.55,296.4,296.512,517,517,0.149994,0.140002,0.299988,0.449982,0.200012,296.2,296.353,0.120156,55.6408,65.8349,0.0060262,8324,-3554,93,-46,398,286311,2,0.47,0.345127,22,0,12,10,7,8,296.1,290,296.575,313
141700,296.55,296.6,296.65,296.55,296.6,452,452,0.0500183,0.140002,0.350006,0.523789,0.190485,296.2,296.372,0.130128,65.2741,70.0008,0.00800374,8278,-3593,94,-47,242,286283,-28,0.32,0.345047,22,0,13,11,7,8,296.1,290,296.6,317
141800,296.55,296.55,296.6,296.55,296.563,249,-249,0,0.0800049,0.350006,0.499972,0.181823,296.25,296.389,0.135706,61.5969,65.0004,0.00730387,8297,-3617,86,-44,239,286261,-22,0.33,0.345,22,0,13,10,8,7,296.1,290,296.6,317
141900,296.55,296.55,296.6,296.55,296.563,204,-204,0,0.0500061,0.350006,0.499972,0.136354,296.25,296.402,0.137946,61.6806,69.9992,0.00594075,8241,-3599,77,-42,284,286245,-16,0.27,0.344765,22,0,12,10,8,7,296.1,290,296.6,317
142000,296.55,296.55,296.55,296.55,296.55,128,0,0,0.0400024,0.350006,0.549971,0.100003,296.25,296.411,0.135349,61.6806,76.7849,0.0023763,8263,-3606,35,-33,269,286192,-53,0.35,0.344781,22,0,12,10,8,6,296.137,291,296.6,317
142100,296.6,296.6,296.65,296.55,296.6,378,378,0,0.0100037,0.350006,0.590884,0.0909116,296.25,296.422,0.13549,64.7035,78.9289,0.00158691,8303,-3601,25,-16,306,286276,84,0.41,0.344984,22,0,11,11,8,6,296.163,294,296.6,321
142200,296.6,296.6,296.65,296.6,296.612,172,-172,0,0,0.299988,0.545429,0.0909141,296.25,296.435,0.136414,62.4318,78.0957,0.00154622,8361,-3599,24,-10,120,286299,23,0.35,0.345,22,0,11,10,8,6,296.163,294,296.612,322
142300,296.6,296.6,296.65,296.55,296.6,217,217,0,0,0,0.333311,0.166689,296.25,296.449,0.138427,44.3314,79.7634,0.000317387,8364,-3591,5,-5,131,286236,-63,0.33,0.344954,22,0,10,10,8,7,296.163,294,296.612,322
142400,296.55,296.55,296.6,296.55,296.563,157,-157,0,0,0.149994,0.399951,0.200016,296.25,296.462,0.139194,53.0194,78.0964,-0.00273437,8340,-3566,8,3,106,286195,-41,0.36,0.345,22,0,10,10,9,6,296.188,295,296.612,322
142500,296.55,296.55,296.6,296.55,296.563,295,-295,0,0,0.200012,0.428509,0.0714473,296.25,296.476,0.140065,76.8394,75.8105,-0.00507812,8272,-3531,-3,12,-29,286266,71,0.43,0.345261,22,0,10,10,9,6,296.213,297,296.612,322
142600,296.55,296.55,296.6,296.55,296.563,265,-265,0,0,0.0500183,0.333299,0.0833503,296.3,296.486,0.138933,67.1546,58.6669,-0.00632325,8331,-3525,12,10,121,286182,-84,0.26,0.345,22,0,9,9,9,6,296.213,297,296.612,322
142700,296.55,296.5,296.55,296.5,296.513,249,-249,-0.0499878,0.00999756,-0.0499878,0.181803,0.181803,296.3,296.494,0.136533,36.5965,41.9995,-0.00886231,8277,-3494,2,16,103,286146,-36,0.36,0.345046,22,0,9,9,10,7,296.225,298,296.612,322
142800,296.5,296.45,296.5,296.45,296.463,92,-92,-0.0499878,0.0199951,-0.0999756,0.181813,0.272692,296.3,296.499,0.135241,43.157,25.3322,-0.0118937,8191,-3487,-16,16,62,286105,-41,0.27,0.344817,22,0,9,9,11,7,296.287,305,296.612,322
142859,296.45,296.45,296.5,296.45,296.463,373,-373,0,0.0199951,-0.0999756,0.181823,0.272707,296.3,296.507,0.135092,43.157,11.9995,-0.0127726,8185,-3487,-25,16,41,286105,0,0,0,22,0,8,8,11,7,296.287,305,296.612,322
142959,296.45,296.55,296.55,296.45,296.525,89,89,0.0999756,0.0399902,0,0.230762,0.230762,296.3,296.518,0.134999,48.3989,9.99847,-0.00916748,8185,-3487,-25,14,-4,0,0,0,0,22,0,7,8,11,7,296.287,305,296.612,322
143059,296.55,296.55,296.6,296.55,296.563,486,-486,0,0.0399902,0,0.166675,0.249987,296.3,296.531,0.135193,15.1616,19.9969,-0.00417887,8240,-3484,-14,11,-6,0,0,0,0,22,0,8,9,11,7,296.287,305,296.612,322
143159,296.55,296.55,296.55,296.5,296.537,362,362,0,0.0299927,0,0.166675,0.333299,296.35,296.541,0.134905,15.1616,29.9954,-0.0021403,8369,-3492,13,5,104,0,0,0,0,22,0,8,8,12,8,296.287,305,296.612,322
143259,296.55,296.55,296.6,296.5,296.55,251,-251,0,0.0199951,0,0.250038,0.249936,296.4,296.54,0.123969,15.1616,43.326,-0.000870768,8289,-3482,-6,6,33,0,0,0,0,22,0,8,9,11,7,296.287,305,296.612,322
143359,296.55,296.55,296.55,296.55,296.55,152,0,0,0.0199951,0,0.272778,0.272667,296.4,296.542,0.116642,20.6984,56.6567,-0.000923665,8348,-3468,10,3,139,0,0,0,0,22,0,9,9,11,7,296.287,305,296.612,322
143459,296.55,296.5,296.6,296.5,296.525,110,-110,-0.0499878,0.00999756,-0.0499878,0.333418,0.249949,296.4,296.549,0.115903,16.4818,53.3235,-0.00237223,8458,-3476,38,1,176,0,0,0,0,22,0,9,10,10,8,296.3,311,296.612,322
143559,296.55,296.55,296.6,296.5,296.55,314,-314,0,0.00999756,-0.0499878,0.307775,0.230726,296.45,296.551,0.111153,47.1924,56.6556,-0.00184326,8465,-3496,40,-1,186,0,0,0,0,22,0,9,9,10,8,296.3,311,296.612,322
143659,296.55,296.55,296.55,296.55,296.55,8,0,0,0.00999756,0,0.333418,0.166633,296.45,296.548,0.0988285,66.6145,59.9878,-0.00157471,8456,-3540,38,-7,212,0,0,0,0,22,0,9,9,11,8,296.3,311,296.612,322
143759,296.55,296.6,296.65,296.55,296.6,204,204,0.0500183,0.0200012,0.100006,0.461618,0.076905,296.45,296.55,0.0912134,84.6596,61.6579,0.000968423,8431,-3541,27,-8,192,0,0,0,0,22,0,9,10,10,8,296.3,311,296.612,322
143859,296.6,296.7,296.7,296.6,296.675,456,456,0.100006,0.0400024,0.200012,0.500087,0.0714099,296.45,296.556,0.0871132,90.6244,68.3273,0.0057251,8536,-3572,23,-11,266,0,0,0,0,23,0,10,11,10,7,296.3,311,296.675,339
143959,296.7,296.65,296.7,296.65,296.663,716,-716,-0.0500183,0.0400085,0.0500183,0.461621,0.0768978,296.45,296.561,0.0847436,54.1083,76.6605,0.00684001,8530,-3609,34,-18,165,0,0,0,0,23,0,11,11,10,6,296.3,311,296.675,339
144059,296.65,296.7,296.7,296.6,296.675,458,458,0.0500183,0.0500122,0.100037,0.357208,0.142814,296.45,296.565,0.0782428,63.4176,83.3299,0.00683594,8742,-3718,56,-35,147,0,0,0,0,23,0,10,11,9,7,296.338,312,296.675,341
144159,296.7,296.65,296.7,296.65,296.663,285,-285,-0.0500183,0.0600159,0.0500183,0.357193,0.0714037,296.45,296.568,0.0704504,56.3096,84.9977,0.00469564,8829,-3752,53,-39,270,0,0,0,0,23,0,11,10,9,7,296.4,315,296.675,341
144259,296.65,296.6,296.65,296.6,296.612,183,-183,-0.0499878,0.0600098,3.05E-05,0.307732,0.153796,296.45,296.568,0.0628183,52.5298,79.9969,-2.85E-05,8829,-3738,52,-34,211,0,0,0,0,23,0,10,9,10,8,296.4,315,296.675,341
144359,296.6,296.65,296.65,296.6,296.637,31,31,0.0499878,0.0500061,0.0500183,0.285758,0.142814,296.45,296.572,0.0599329,53.0635,74.9954,-0.00163981,9012,-3728,79,-26,302,0,0,0,0,23,0,9,9,10,8,296.4,315,296.675,341
144459,296.65,296.55,296.65,296.55,296.575,187,-187,-0.100006,0.0600037,0,0.214308,0.214264,296.45,296.573,0.056466,51.6217,64.9954,-0.00539958,8980,-3726,78,-26,285,0,0,0,0,23,0,9,9,9,8,296.463,329,296.675,341
144559,296.55,296.5,296.6,296.45,296.513,807,-807,-0.0499878,0.0599976,-0.0499878,0.200024,0.333279,296.45,296.57,0.0548351,34.5397,48.9944,-0.00983073,8877,-3712,48,-20,249,0,0,0,0,23,0,8,8,10,9,296.463,329,296.675,341
144659,296.5,296.45,296.55,296.4,296.462,647,-647,-0.0499878,0.0599915,-0.0999756,0.166689,0.333311,296.45,296.567,0.0590642,28.9188,37.3303,-0.0135132,8686,-3638,22,-4,158,0,0,0,0,23,0,7,7,11,10,296.462,347,296.675,341
144759,296.45,296.45,296.45,296.45,296.45,137,0,0,0.0499939,-0.149994,0.0625215,0.374976,296.45,296.567,0.0641708,25.0724,30.6647,-0.0148397,8531,-3648,-30,10,-81,0,0,0,0,23,0,8,7,11,10,296.45,348,296.675,341
144859,296.45,296.45,296.45,296.4,296.438,95,95,0,0.0399963,-0.25,0,0.466656,296.45,296.566,0.0700842,14.7596,19.0005,-0.0139852,8427,-3620,-57,18,-114,0,0,0,0,23,0,8,7,11,11,296.438,349,296.675,341
144959,296.45,296.45,296.45,296.4,296.438,201,201,0,0.0199951,-0.199982,0,0.466656,296.45,296.561,0.0756915,18.8288,17.3364,-0.0115153,8401,-3611,-61,18,-234,0,0,0,0,23,0,8,7,10,11,296.438,350,296.675,341
145059,296.45,296.45,296.45,296.45,296.45,514,0,0,0.00999756,-0.25,0,0.461549,296.45,296.556,0.0788924,1.44907,16.6718,-0.00804036,8338,-3613,-96,16,-352,0,0,0,0,23,0,9,6,10,11,296.438,350,296.675,341
145159,296.45,296.4,296.45,296.4,296.413,183,-183,-0.0500183,0.0100037,-0.25,0,0.538498,296.45,296.549,0.0842687,1.52174,13.3374,-0.00692139,8393,-3616,-83,15,-314,0,0,0,0,23,0,8,6,10,12,296.413,352,296.675,341
145259,296.4,296.55,296.55,296.4,296.512,621,621,0.149994,0.0400024,-0.0500183,0.133295,0.400049,296.4,296.547,0.0849045,26.3335,22.0026,-0.000923667,8440,-3619,-62,13,-463,0,0,0,0,23,0,8,7,10,11,296.413,352,296.675,341
145359,296.55,296.6,296.6,296.55,296.588,396,396,0.0500183,0.0500061,-0.0499878,0.199976,0.400033,296.4,296.549,0.0852276,35.8001,34.6692,0.00613607,8619,-3648,-9,-1,-283,0,0,0,0,23,0,9,8,9,11,296.413,352,296.675,341
145459,296.6,296.65,296.65,296.6,296.637,193,193,0.0499878,0.0600037,0.100006,0.285671,0.357165,296.4,296.555,0.0869422,42.5061,51.3348,0.0118123,8854,-3693,46,-6,-4,0,0,0,0,23,0,10,9,9,11,296.413,352,296.675,341
145559,296.65,296.6,296.65,296.6,296.612,434,-434,-0.0499878,0.0700012,0.100006,0.333282,0.250076,296.4,296.558,0.0879238,48.9118,64.0015,0.0125,8804,-3693,53,-10,63,0,0,0,0,23,0,10,9,9,11,296.413,352,296.675,341
145659,296.6,296.6,296.6,296.55,296.588,54,54,0,0.0599976,0.149994,0.399915,0.300073,296.4,296.56,0.0880776,66.2281,80.0024,0.00933838,8884,-3707,69,-13,294,0,0,0,0,23,0,10,9,9,11,296.413,352,296.675,341
145759,296.6,296.6,296.65,296.6,296.612,232,-232,0,0.0299988,0.149994,0.45445,0.272803,296.4,296.561,0.0882585,66.2281,84.0039,0.00712891,8816,-3709,68,-13,300,0,0,0,0,23,0,11,10,8,10,296.413,352,296.675,341
145859,296.6,296.55,296.65,296.55,296.575,97,-97,-0.0500183,0.0299988,0.0999756,0.41659,0.250076,296.4,296.556,0.0849189,62.8888,80.0024,0.00334066,8830,-3710,62,-13,330,0,0,0,0,23,0,11,10,8,11,296.413,352,296.675,341
145959,296.55,296.55,296.6,296.5,296.55,326,-326,0,0.0200012,0.0999756,0.384554,0.307746,296.4,296.55,0.0815824,62.8888,72.002,3.66E-05,8790,-3674,50,-7,391,0,0,0,0,23,0,11,9,9,12,296.413,352,296.675,341
150059,296.55,296.45,296.55,296.4,296.462,906,-906,-0.0999756,0.0299988,0,0.312455,0.375052,296.4,296.539,0.0800215,42.7595,60.0024,-0.00573324,8728,-3682,15,-4,269,0,0,0,0,23,0,10,8,10,13,296.413,352,296.675,341
150159,296.45,296.45,296.45,296.4,296.438,335,335,0,0.0299988,0.0500183,0.312455,0.312531,296.4,296.528,0.0797567,45.7145,48.0029,-0.00960286,8712,-3667,-20,3,224,0,0,0,0,23,0,10,8,10,12,296.413,352,296.675,341
150259,296.45,296.55,296.55,296.45,296.525,351,351,0.0999756,0.0499939,0,0.333293,0.333374,296.4,296.524,0.0790303,39.5496,44.0015,-0.00621745,8371,-3618,-61,10,-218,0,0,0,0,23,0,11,8,10,12,296.413,352,296.675,341
150359,296.55,296.55,296.6,296.5,296.55,259,-259,0,0.0399902,-0.0500183,0.312467,0.312543,296.4,296.519,0.0781271,27.4634,44.0015,-0.00189616,8518,-3648,-52,8,-291,0,0,0,0,23,0,11,9,9,12,296.413,352,296.675,341
150459,296.55,296.65,296.7,296.55,296.638,389,389,0.100006,0.0599915,0,0.333311,0.277804,296.4,296.523,0.0819264,33.9961,48.6676,0.0053833,8544,-3644,-38,9,-211,0,0,0,0,23,0,12,9,9,11,296.413,352,296.675,341
150559,296.65,296.7,296.75,296.65,296.7,1076,1076,0.0500183,0.05,0.100006,0.368379,0.263178,296.4,296.532,0.0893413,64.4333,61.8097,0.011556,8557,-3636,-39,10,-256,0,0,0,0,23,0,13,10,9,11,296.413,352,296.7,366
150659,296.7,296.7,296.7,296.65,296.688,319,319,0,0.05,0.100006,0.368379,0.21053,296.4,296.543,0.0919598,64.4333,74.9519,0.0123088,9143,-3673,50,0,363,0,0,0,0,23,0,12,10,9,11,296.413,352,296.7,366
150759,296.7,296.7,296.75,296.65,296.7,250,250,0,0.0300049,0.100006,0.349954,0.2,296.4,296.556,0.0938897,64.4333,80.096,0.0113322,9123,-3687,56,0,316,0,0,0,0,23,0,12,10,9,11,296.413,352,296.7,368
150859,296.7,296.75,296.8,296.6,296.725,1076,1076,0.0499878,0.0400024,0.200012,0.318149,0.136354,296.4,296.57,0.0949535,76.1581,85.597,0.00985921,9205,-3668,70,0,421,0,0,0,0,24,0,11,10,9,12,296.413,352,296.725,369
150959,296.75,296.75,296.85,296.75,296.775,534,-534,0,0.0200012,0.200012,0.363619,0.0909116,296.4,296.587,0.100639,76.1581,84.4868,0.00987549,9038,-3605,95,1,387,0,0,0,0,24,0,11,11,9,12,296.413,352,296.775,370
151059,296.8,296.75,296.85,296.75,296.775,364,-364,-0.0499878,0.0199951,0.25,0.380929,0,296.4,296.603,0.105803,100,82.8986,0.00885823,9296,-3628,111,2,623,0,0,0,0,24,0,11,11,9,11,296.413,352,296.775,371
151159,296.75,296.65,296.8,296.65,296.688,648,-648,-0.100006,0.0399963,0.149994,0.347813,0.08696,296.4,296.617,0.103244,81.6937,75.7542,0.00290528,9356,-3675,116,-4,928,0,0,0,0,24,0,10,11,10,12,296.413,352,296.775,371
151259,296.65,296.7,296.7,296.65,296.688,609,609,0.0500183,0.05,0.100037,0.272727,0.0909091,296.45,296.626,0.103505,82.9381,70.0397,-0.00142416,9013,-3649,65,-1,494,0,0,0,0,24,0,10,11,10,11,296.413,352,296.775,371
151359,296.7,296.75,296.75,296.7,296.737,266,266,0.0499878,0.05,0.150024,0.285689,0.0952395,296.45,296.633,0.10563,84.055,65.8725,-0.00184733,9040,-3655,-14,2,485,0,0,0,0,24,0,11,12,10,11,296.413,352,296.775,371
151459,296.75,296.7,296.75,296.65,296.7,257,-257,-0.0499878,0.0599976,3.05E-05,0.199976,0.15002,296.45,296.636,0.105138,76.9841,58.3175,-0.0034139,9034,-3640,-12,6,473,0,0,0,0,24,0,11,12,10,11,296.413,352,296.775,371
151559,296.7,296.7,296.7,296.6,296.675,478,478,0,0.05,-0.0499878,0.149989,0.200006,296.45,296.639,0.104497,68.313,50.7626,-0.00481771,9050,-3657,-22,1,-77,0,0,0,0,24,0,11,12,10,11,296.413,352,296.775,371
151659,296.7,296.8,296.85,296.65,296.775,898,898,0.0999756,0.0499939,0.0499878,0.260853,0.17392,296.45,296.649,0.107649,75.894,56.7619,-0.00099691,9074,-3655,5,-7,-17,0,0,0,0,25,0,12,13,9,10,296.413,352,296.775,377
151759,296.8,296.9,296.95,296.8,296.888,680,680,0.100006,0.0599915,0.149994,0.291661,0.166671,296.45,296.662,0.117771,79.5927,62.4747,0.00602213,9155,-3659,-20,-4,-41,0,0,0,0,26,0,12,14,8,10,296.413,352,296.888,378
151859,296.9,296.9,296.95,296.85,296.9,497,-497,0,0.0499939,0.100006,0.318168,0.181818,296.45,296.679,0.12759,73.0544,66.2832,0.00996501,9358,-3682,0,-1,243,0,0,0,0,26,0,13,14,8,9,296.413,352,296.9,379
151959,296.85,296.85,296.9,296.8,296.85,475,475,0,0.0399963,0.100006,0.2727,0.227287,296.45,296.694,0.132288,63.9987,72.5682,0.00809733,9420,-3722,58,-10,30,0,0,0,0,26,0,13,14,9,10,296.413,352,296.9,379
152059,296.85,296.85,296.85,296.75,296.825,502,502,0,0.0399963,0.149994,0.2727,0.272727,296.45,296.712,0.133359,63.9987,78.8532,0.00340169,9297,-3717,36,-8,-101,0,0,0,0,26,0,12,14,10,11,296.413,352,296.9,379
152159,296.8,296.85,296.9,296.8,296.85,260,260,0.0500183,0.0300049,0.300018,0.333285,0.190473,296.45,296.732,0.134261,77.0159,77.1401,0.000439454,9306,-3813,38,-24,129,0,0,0,0,26,0,13,15,10,10,296.438,362,296.9,379
152259,296.85,296.85,296.9,296.85,296.862,397,-397,0,0.0100037,0.25,0.333295,0.190479,296.55,296.749,0.136789,71.5844,74.2837,-0.00074463,9365,-3826,45,-24,154,0,0,0,0,26,0,14,14,10,10,296.438,362,296.9,379
152359,296.85,296.9,296.9,296.8,296.875,160,160,0.0499878,0.0200012,0.25,0.2727,0.227287,296.55,296.766,0.138472,70.3661,74.2837,-0.00061442,9402,-3825,46,-24,183,0,0,0,0,26,0,13,13,10,11,296.438,362,296.9,379
152459,296.9,296.85,296.9,296.8,296.85,120,-120,-0.0499878,0.0299988,0.25,0.2727,0.181818,296.65,296.776,0.137232,74.4945,74.2837,-0.00197347,9339,-3829,26,-24,117,0,0,0,0,26,0,12,12,10,11,296.438,362,296.9,379
152559,296.8,296.75,296.85,296.75,296.775,716,-716,-0.0499878,0.0399963,0.200012,0.2727,0.181818,296.65,296.78,0.131988,57.003,66.6649,-0.00666504,9292,-3824,-9,-20,49,0,0,0,0,26,0,12,12,11,12,296.438,362,296.9,379
152659,296.75,296.65,296.75,296.65,296.675,718,-718,-0.100006,0.0499939,3.05E-05,0.149985,0.3,296.65,296.779,0.129996,29.2864,52.3795,-0.0137858,9255,-3793,-23,-10,-34,0,0,0,0,26,0,12,12,11,12,296.438,362,296.9,379
152759,296.65,296.75,296.8,296.65,296.737,483,483,0.100006,0.0699951,3.05E-05,0.0999725,0.300009,296.65,296.781,0.126382,24.0643,44.7607,-0.0137614,8959,-3916,-48,-28,-633,0,0,0,0,26,0,11,12,11,12,296.438,362,296.9,379
152859,296.75,296.75,296.8,296.75,296.763,427,-427,0,0.0599976,3.05E-05,0.105236,0.315805,296.65,296.783,0.122108,24.0643,35.6193,-0.0107585,8873,-4016,-61,-29,-841,0,0,0,0,26,0,12,12,11,11,296.438,362,296.9,379
152959,296.75,296.8,296.85,296.7,296.787,912,912,0.0499878,0.0599976,0.0500183,0.149994,0.25,296.65,296.784,0.113934,50.019,33.3333,-0.00618896,8776,-4002,-84,-25,-806,0,0,0,0,26,0,12,13,10,11,296.438,362,296.9,379
153059,296.75,296.7,296.8,296.7,296.725,949,-949,-0.0499878,0.0599976,3.05E-05,0.149998,0.200018,296.65,296.781,0.107107,38.3223,30.6681,-0.00572917,8946,-4023,-65,-28,-570,0,0,0,0,26,0,12,13,10,10,296.438,362,296.9,379
153159,296.7,296.75,296.75,296.7,296.737,462,462,0.0499878,0.0499939,0,0.105275,0.21055,296.65,296.784,0.106082,44.6262,38.6686,-0.00530599,8905,-4107,-62,-39,-741,0,0,0,0,26,0,12,13,10,10,296.525,363,296.9,379
153259,296.75,296.6,296.75,296.6,296.638,799,-799,-0.149994,0.0599915,-0.149994,0.0952478,0.285743,296.65,296.781,0.109306,37.9246,32.002,-0.00950521,9010,-4171,-40,-49,-738,0,0,0,0,26,0,11,12,10,11,296.55,364,296.9,379
153359,296.6,296.6,296.65,296.6,296.612,298,-298,0,0.0599915,-0.199982,0.100012,0.250015,296.6,296.775,0.11269,35.9985,24.0015,-0.0121541,8855,-4161,-57,-52,-816,0,0,0,0,26,0,10,11,11,11,296.612,394,296.9,379
153459,296.6,296.7,296.7,296.6,296.675,716,716,0.100006,0.0699951,-0.0499878,0.150034,0.250015,296.6,296.774,0.11432,44.7106,20.0024,-0.00898031,8864,-4156,-13,-34,-760,0,0,0,0,26,0,9,11,11,11,296.612,394,296.9,379
