시간, 시가, 종가, 고가, 저가, WP, 거래량, 거래량(부호), Width, 5mWidth, 10mWidth, DI+, DI-, 20mLowOpen, 20mSMA, SD, MFI, %D(5), MACD, 외인, 기관, 외인7m, 기관7m, 외인+기관9m, 미결제량, 미결제변화, basis, basis_mean, UpdateHigh, UpdateLow, LR, HR, HF, LF, Min30m, Time, Max30m, Time,
90100,297.75,297.65,297.9,297.6,297.7,3658,-3658,-0.100006,0,0,0,0,0,297.7,0,0,0,0,-40,76,0,0,0,286318,1313,0.18,0.18,0,0,0,0,0,0,0,0,0,0,
90200,297.65,297.9,297.9,297.55,297.813,1568,1568,0.25,0,0,0,0,0,297.813,0,0,0,0.00973511,-2,84,0,0,0,286448,130,0.2,0.19,0,0,0,0,0,0,0,0,0,0,
90300,297.9,298.25,298.25,297.9,298.163,3195,3195,0.350006,0,0,0,0,0,298.163,0,0,0,0.0471191,224,207,0,0,0,286854,406,0.14,0.173333,0,0,0,0,0,0,0,0,0,0,
90400,298.25,298.1,298.3,298,298.125,1805,-1805,-0.149994,0,0,0,0,0,298.125,0,0,0,0.0706787,244,250,0,0,0,287028,174,0.41,0.2325,0,0,0,0,0,0,0,0,0,0,
90500,298.05,297.85,298.1,297.75,297.888,3120,-3120,-0.199982,0,0,0,0,0,297.888,0,0,0,0.0663757,185,362,0,0,0,287392,364,0.31,0.248,0,0,0,0,0,0,0,0,0,0,
90600,297.85,297.7,297.9,297.55,297.713,2171,-2171,-0.149994,0,0,0,0,0,297.713,0,0,0,0.046875,90,406,0,0,0,287326,-66,0.12,0.226667,0,0,0,0,0,0,0,0,0,0,
90700,297.65,297.6,297.95,297.55,297.675,2686,-2686,-0.0499878,0,0,0,0,0,297.675,0,0,0,0.0283813,107,437,0,0,0,287413,87,0.09,0.207143,0,1,0,0,0,0,0,0,0,0,
90800,297.65,297.6,297.8,297.55,297.638,2284,-2284,-0.0499878,0,0,0,0,0,297.638,0,0,0,0.0109253,106,466,20,55,0,287313,-100,0.22,0.20875,0,1,0,0,0,0,0,0,0,0,
90900,297.6,297.45,297.75,297.35,297.5,2115,-2115,-0.149994,0,0,0,0,0,297.5,0,0,0,-0.0140991,274,439,39,50,0,287509,196,0.32,0.221111,0,2,0,0,0,0,0,0,0,0,
91000,297.45,297.45,297.55,297.4,297.462,1385,-1385,0,0,-0.249939,0,0,0,297.462,0,0,0,-0.035614,152,470,-10,37,586,287444,-65,0.21,0.22,0,2,0,0,0,0,0,0,0,0,
91100,297.5,297.75,297.75,297.5,297.688,1389,1389,0.25,0,0.100067,0.203132,0.218753,0,297.688,0,34.0963,0,-0.0314331,173,452,-10,28,543,287504,60,0.21,0.219091,0,2,0,0,0,0,0,0,0,0,
91200,297.75,297.7,297.75,297.7,297.713,773,-773,-0.0499878,0,-0.199921,0.224147,0.224136,0,297.713,0,26.5814,0,-0.0256042,154,480,-4,16,203,287457,-47,0.2,0.2175,0,2,0,0,0,0,0,0,0,0,
91300,297.7,297.65,297.8,297.65,297.688,642,-642,-0.0500183,0,-0.599945,0.111119,0.259266,0,297.688,0,9.44508,0,-0.0230103,163,464,10,8,133,287333,-124,0.33,0.226154,0,2,0,0,0,0,0,0,0,0,
91400,297.65,297.7,297.8,297.55,297.688,567,567,0.0500183,0,-0.399933,0.0943514,0.301894,0,297.688,0,14.5265,0,-0.0206909,76,466,-4,4,-5,287369,36,0.12,0.218571,0,2,0,0,0,0,0,0,0,0,
91500,297.7,297.6,297.75,297.55,297.625,444,-444,-0.100006,0,-0.299957,0.100012,0.220007,0,297.625,0,18.1336,39.7722,-0.0240479,30,489,-10,3,23,287416,47,0.37,0.228667,0,2,0,0,0,0,0,0,0,0,
91600,297.65,297.95,297.95,297.6,297.863,1823,1823,0.300018,0,0.150055,0.180017,0.140002,0,297.863,0,36.2093,51.3511,-0.0055542,22,444,-36,0,-78,287394,-22,0.34,0.235625,0,2,0,0,0,0,0,0,0,0,
91700,297.95,297.95,298.05,297.9,297.962,797,-797,0,0,0.200043,0.222225,0.15556,0,297.962,0,48.7551,61.1259,0.0168762,234,363,11,-15,25,287414,20,0.15,0.230588,0,2,0,0,0,0,0,0,0,0,
91800,298,298,298,297.9,297.975,314,314,0,0,0.250031,0.238098,0.166672,0,297.975,0,50.7517,73.382,0.0342712,112,344,-8,-15,-257,287390,-24,0.18,0.227778,0,2,0,0,0,0,0,0,0,0,
91900,297.95,298,298.05,297.95,298,579,579,0.0499878,0,0.450012,0.305556,0.0833489,0,298,0,68.7722,82.5104,0.0487366,34,343,-17,-19,-245,287425,35,0.12,0.222105,0,2,0,0,0,0,0,0,0,0,
92000,298,297.85,298,297.8,297.875,626,-626,-0.149994,0,0.300018,0.297295,0.162191,297.45,297.788,0.0265616,62.2247,86.9049,0.04776,54,345,-15,-17,-226,287362,-63,0.29,0.2255,0,2,0,0,0,0,0,0,0,0,
92100,297.9,298,298.1,297.9,298,940,940,0.100006,0,0.150024,0.249992,0.166695,297.45,297.803,0.0513954,59.4652,83.2684,0.0570679,88,321,1,-20,-225,287423,61,0.14,0.221429,0,2,0,0,0,0,0,0,0,0,
92200,298,297.95,298.05,297.9,297.962,828,-828,-0.0499878,0,0.150024,0.236833,0.157921,297.45,297.81,0.0618572,58.9298,80.6708,0.0597229,21,303,-1,-26,-303,287440,17,0.31,0.225455,0,2,0,0,0,0,0,0,0,0,
92300,297.95,297.85,297.95,297.8,297.862,329,-329,-0.100006,0,0.100037,0.236829,0.184227,297.45,297.795,0.0635665,62.068,73.0085,0.0519714,-23,342,-6,-14,-223,287535,95,0.5,0.237391,0,2,0,0,0,0,0,0,0,0,
92400,297.85,298,298.1,297.8,297.975,1046,1046,0.149994,0.109998,0.200012,0.307673,0.128218,297.45,297.788,0.0751116,64.9332,70.9101,0.000508629,-425,678,-94,45,-266,287419,-116,0.13,0.232917,0,2,0,0,0,0,0,0,0,0,
92500,298,298.1,298.1,298,298.075,324,324,0.100006,0.1,0.400024,0.324305,0.135149,297.45,297.797,0.0963002,71.3809,78.1823,0.0048706,-220,649,-47,43,-37,287516,97,0.32,0.2364,0,2,0,0,0,0,0,0,0,0,
92600,298.1,298.1,298.2,298.05,298.112,933,-933,0,0.0799988,0.100006,0.303002,0.151529,297.45,297.817,0.117337,59.5475,76.8188,0.00887858,-169,632,-29,41,-134,287716,200,0.21,0.235385,0,2,0,0,0,0,0,0,0,0,
92700,298.05,298.05,298.05,298,298.037,442,442,0,0.0700012,0.100006,0.249986,0.187504,297.45,297.835,0.125311,54.1184,74.7722,0.00648601,-192,742,-35,56,94,287581,-135,0.27,0.236667,0,2,0,0,0,0,0,0,0,0,
92800,298,297.95,298.05,297.9,297.962,683,-683,-0.0499878,0.0599976,0.0500183,0.242412,0.242431,297.45,297.851,0.127912,44.2737,71.3635,-0.00087484,-292,810,-54,69,141,287921,340,0.24,0.236786,0,2,0,0,0,0,0,0,0,0,
92900,297.95,297.95,298.05,297.95,297.975,584,-584,0,0.0299988,3.05E-05,0.212118,0.242431,297.45,297.875,0.130133,44.2737,62.5008,-0.00558675,-322,830,-49,75,109,288001,80,0.14,0.233448,0,2,0,0,0,0,0,0,0,0,
93000,297.95,297.95,298,297.9,297.95,269,269,0,0.00999756,0.150024,0.225803,0.193554,297.5,297.899,0.130622,50.3073,50.0015,-0.00896403,-196,797,-24,65,192,288040,39,0.29,0.235333,0,2,13,12,12,11,297.462,10,298.163,3,
93100,297.95,297.95,298.05,297.95,297.975,786,-786,0,0.00999756,0.0500183,0.214273,0.214295,297.65,297.914,0.131463,37.5157,42.5023,-0.00827637,516,691,134,1,883,287949,-91,0.24,0.235484,0,2,13,12,12,11,297.462,10,298.163,3,
93200,297.95,297.9,297.95,297.85,297.9,507,-507,-0.0500183,0.0200012,0.0499878,0.222207,0.296306,297.65,297.923,0.131561,41.1323,35.0031,-0.0103638,690,629,130,-2,1000,288018,69,0.22,0.235,0,2,13,12,13,11,297.462,10,298.163,3,
93300,297.95,298,298.05,297.9,297.987,327,327,0.0499878,0.0200012,0.199982,0.296268,0.222235,297.65,297.938,0.131919,50.9784,37.5023,-0.00697022,785,553,136,-11,1085,287988,-30,0.38,0.239394,0,2,13,12,13,11,297.462,10,298.125,4,
93400,297.95,298.15,298.15,297.95,298.1,601,601,0.199982,0.0599976,0.249969,0.279987,0.240021,297.65,297.959,0.134826,43.4193,47.1434,0.000695799,622,540,116,-28,733,287947,-41,0.44,0.245294,0,2,13,12,13,11,297.462,10,298.112,26,
93500,298.1,298.2,298.2,298.1,298.175,1116,1116,0.100006,0.0799988,0.249969,0.320003,0.240021,297.65,297.986,0.140718,55.6162,59.6426,0.00810547,647,531,134,-39,715,288073,126,0.25,0.245429,0,2,14,13,12,10,297.462,10,298.175,35,
93600,298.2,298.1,298.2,298.1,298.125,341,-341,-0.100006,0.1,0.149963,0.25,0.250025,297.85,297.999,0.143723,50.8938,66.4273,0.00882568,634,540,136,-41,624,288079,6,0.4,0.249722,0,2,14,13,11,9,297.462,10,298.175,35,
93700,298.1,298.15,298.15,298.05,298.125,170,170,0.0499878,0.0999939,0.199951,0.25,0.250051,297.85,298.008,0.145778,59.1295,78.5692,0.00662842,866,489,151,-44,837,288052,-27,0.29,0.250811,0,2,14,12,12,10,297.462,10,298.175,35,
93800,298.15,298.5,298.5,298.15,298.413,2237,2237,0.350006,0.159998,0.599945,0.464293,0.142891,297.85,298.029,0.16587,84.0085,88.5692,0.0165568,733,364,31,-46,589,287944,-108,0.4,0.254737,1,2,15,13,11,10,297.462,10,298.413,38,
93900,298.45,298.6,298.65,298.4,298.563,2148,2148,0.149994,0.15,0.749939,0.516125,0.129061,297.85,298.057,0.199102,88.6248,90.1776,0.0269409,660,382,-4,-35,441,287731,-213,0.21,0.25359,2,2,16,14,10,9,297.462,10,298.563,39,
94000,298.65,298.8,298.8,298.55,298.737,1601,1601,0.149994,0.159998,0.899933,0.558819,0.0882506,297.85,298.101,0.241158,90.6399,90.1776,0.0377523,626,394,-22,-22,-187,287796,65,0.4,0.25725,3,2,16,15,9,9,297.625,15,298.737,40,Buy Call(TREND)
94100,298.8,298.75,298.8,298.65,298.737,1835,-1835,-0.0499878,0.149994,0.849945,0.514282,0.0857282,297.85,298.138,0.271949,75.3419,94.8397,0.038029,623,397,0,-20,-299,287855,59,0.23,0.256585,3,2,16,14,9,9,297.625,15,298.737,41,Buy Call(TREND)
94200,298.75,298.6,298.75,298.55,298.625,1183,-1183,-0.149994,0.169995,0.749969,0.486482,0.081094,297.85,298.171,0.288849,70.9253,93.2538,0.0253133,607,394,-5,-19,-337,288024,169,0.33,0.258333,3,2,15,14,10,10,297.625,15,298.737,41,
94300,298.6,298.65,298.7,298.6,298.65,484,484,0.0499878,0.109991,0.749969,0.44445,0.0833461,297.85,298.21,0.304722,71.3169,89.7245,0.0141764,614,397,-2,-20,-151,288106,82,0.39,0.261395,3,2,16,13,11,9,297.625,15,298.737,41,
94400,298.65,298.7,298.75,298.65,298.7,348,348,0.0500183,0.0899963,0.600006,0.441165,0.0882474,297.95,298.246,0.318659,70.6866,88.3082,0.0069865,673,343,-27,-20,-162,288151,45,0.31,0.2625,3,2,17,14,11,8,297.625,15,298.737,41,
94500,298.75,298.9,298.9,298.65,298.837,1714,1714,0.149994,0.0899963,0.649994,0.459437,0.0810927,297.95,298.284,0.334766,72.147,88.3082,0.00833739,686,342,-6,-3,-146,288286,135,0.29,0.263111,4,2,17,15,10,8,297.862,23,298.837,45,
94600,298.9,298.85,298.95,298.8,298.862,1336,-1336,-0.0499878,0.0899963,0.700012,0.473667,0.0789579,297.95,298.322,0.349877,66.6399,87.1383,0.00916749,706,311,6,-10,-338,288404,118,0.19,0.261522,4,2,17,15,10,8,297.862,23,298.862,46,
94700,298.85,298.7,298.85,298.7,298.737,866,-866,-0.149994,0.0899963,0.500031,0.461525,0.102552,297.95,298.357,0.358017,62.0305,85.3325,0.00112712,651,299,3,-13,-147,288427,23,0.36,0.263617,4,2,16,14,11,9,297.862,23,298.862,46,
94800,298.7,298.75,298.75,298.65,298.725,355,355,0.0499878,0.0899963,0.200012,0.323514,0.147055,297.95,298.395,0.364257,56.0183,81.5889,-0.00643717,1004,64,54,-47,26,288418,-9,0.31,0.264583,4,2,16,14,11,10,297.862,23,298.862,46,
94900,298.7,298.7,298.75,298.7,298.713,247,-247,0,0.0799927,0.0500183,0.266657,0.166663,297.95,298.432,0.368988,45.16,71.7557,-0.012793,966,128,51,-38,74,288323,-95,0.37,0.266735,4,2,16,13,11,10,297.862,23,298.862,46,
95000,298.7,298.65,298.8,298.6,298.675,609,-609,-0.0500183,0.0599976,-0.149994,0.172412,0.241381,297.95,298.468,0.371939,32.3176,56.7557,-0.0175537,893,250,39,-21,123,288291,-32,0.19,0.2652,4,2,16,14,10,10,297.862,23,298.862,46,
95100,298.7,298.65,298.7,298.6,298.65,476,-476,-0.0500183,0.0600037,-0.150024,0.178568,0.25,297.95,298.502,0.373087,40.6205,43.978,-0.0197917,835,250,23,-13,84,288322,31,0.34,0.266667,4,2,15,13,11,10,297.862,23,298.862,46,
95200,298.65,298.7,298.75,298.65,298.7,317,317,0.0500183,0.0400085,0.0499878,0.230757,0.192305,297.95,298.542,0.374723,51.2723,35.9424,-0.0177775,820,251,19,-13,60,288269,-53,0.39,0.269038,4,2,16,14,10,10,297.862,23,298.862,46,
95300,298.7,298.7,298.7,298.7,298.7,264,0,0,0.030011,0,0.249987,0.208331,297.95,298.577,0.375588,47.2022,28.9298,-0.015686,836,270,18,-5,90,288257,-12,0.33,0.270189,4,2,17,14,10,9,297.9,32,298.862,46,
95400,298.7,298.75,298.75,298.7,298.737,312,312,0.0499878,0.0400085,-3.05E-05,0.26086,0.217392,298.1,298.609,0.375577,46.8724,30,-0.0119751,836,259,26,-5,67,288217,-40,0.38,0.272222,4,2,17,14,10,9,297.9,32,298.862,46,
95500,298.75,298.85,298.9,298.7,298.825,364,364,0.100006,0.0500061,-0.0500183,0.272722,0.227278,298.1,298.642,0.375445,30.5917,39.2855,-0.00570883,832,259,-24,27,74,288245,28,0.4,0.274545,4,2,16,15,10,9,297.9,32,298.862,46,
95600,298.85,298.9,298.95,298.85,298.9,1006,1006,0.0499878,0.05,0.0499573,0.285714,0.238105,298.1,298.681,0.37745,57.76,51.4273,0.000463873,990,175,3,6,215,288477,232,0.27,0.274464,4,2,16,15,10,9,297.9,32,298.9,56,
95700,298.9,298.9,298.95,298.9,298.913,483,-483,0,0.0399963,0.199951,0.315783,0.157923,298.15,298.72,0.379218,73.341,62.8547,0.00330811,1025,127,18,-17,84,288342,-135,0.33,0.275439,4,2,17,15,9,8,297.9,32,298.913,57,
95800,298.95,298.85,298.95,298.85,298.875,417,-417,-0.100006,0.0599976,0.0499573,0.315783,0.157891,298.45,298.743,0.372189,61.0998,71.4256,0.00115967,820,150,-2,-14,-124,288474,132,0.19,0.273965,4,2,17,15,9,8,297.9,32,298.913,57,
95900,298.8,298.8,298.85,298.8,298.813,43,-43,0,0.05,0.0499573,0.315773,0.210536,298.6,298.756,0.355784,65.161,74.282,-0.00491944,867,141,6,-15,-135,288477,3,0.26,0.273729,4,2,16,15,10,9,297.9,32,298.913,57,
100000,298.8,298.8,298.85,298.75,298.8,181,-181,0,0.0299988,0.0999756,0.352912,0.176456,298.6,298.759,0.328166,81.2907,71.4238,-0.0097819,904,126,9,-20,-55,288463,-14,0.22,0.272833,4,2,16,15,9,9,297.9,32,298.913,57,
100100,298.8,298.85,298.85,298.8,298.838,381,381,0.0500183,0.0300049,0.200012,0.374962,0.187481,298.6,298.764,0.300311,83.8006,67.6153,-0.0103149,797,134,-5,-17,-140,288476,13,0.26,0.272623,4,2,16,14,9,9,297.9,32,298.913,57,
100200,298.8,298.7,298.8,298.7,298.725,731,-731,-0.0999756,0.05,0.0500183,0.294105,0.294069,298.6,298.769,0.282036,63.4035,50.4734,-0.0148804,709,141,-17,-16,-256,288381,-95,0.18,0.271129,4,2,16,14,9,9,297.987,33,298.913,57,
100300,298.7,298.75,298.75,298.7,298.737,517,517,0.0499878,0.0399963,0.100006,0.27777,0.277736,298.65,298.773,0.26447,68.4195,40.187,-0.015682,700,142,-41,-4,-253,288430,49,0.34,0.272222,4,2,15,13,10,9,298.1,34,298.913,57,
100400,298.8,298.85,298.9,298.75,298.837,685,685,0.0500183,0.05,0.100037,0.349995,0.249962,298.65,298.78,0.244529,71.2629,40.7592,-0.0105103,759,125,-38,0,-207,288524,94,0.15,0.270312,4,2,15,13,10,9,298.125,37,298.913,57,
100500,298.9,298.7,298.9,298.7,298.75,682,-682,-0.199982,0.0899963,-0.199951,0.200006,0.299948,298.65,298.776,0.213621,58.0281,29.3319,-0.01097,926,91,15,-8,-148,288580,56,0.43,0.272769,4,2,14,12,10,10,298.125,37,298.913,57,
100600,298.7,298.75,298.8,298.6,298.725,707,707,0.0499878,0.0899902,-0.199951,0.136357,0.363601,298.65,298.769,0.175866,55.0079,24.5695,-0.0112712,966,83,14,-8,-103,288583,3,0.35,0.273939,4,2,14,12,11,11,298.125,37,298.913,57,
100700,298.7,298.8,298.8,298.65,298.762,572,572,0.0999756,0.0899902,-0.0999756,0.124997,0.333308,298.65,298.77,0.152382,60.4426,35.9968,-0.00954997,1000,68,13,-8,98,288480,-103,0.31,0.274478,4,2,15,12,10,10,298.413,38,298.913,57,
100800,298.75,298.7,298.75,298.7,298.713,386,-386,-0.0499878,0.0899902,-0.0499573,0.125,0.291658,298.65,298.769,0.134855,60.8439,38.6651,-0.010734,1010,69,30,-9,71,288594,114,0.36,0.275735,4,2,15,11,11,10,298.563,39,298.913,57,
100900,298.75,298.7,298.8,298.65,298.712,370,-370,-0.0499878,0.0899841,-0.0999451,0.115386,0.269227,298.65,298.769,0.119452,61.4053,33.3329,-0.00997721,1085,91,53,-7,146,288629,35,0.28,0.275797,4,2,14,11,11,11,298.625,42,298.913,57,
101000,298.65,298.6,298.65,298.6,298.612,342,-342,-0.0499878,0.0599854,-0.149933,0.115386,0.269227,298.65,298.766,0.114336,57.2096,33.3329,-0.0134277,936,175,33,4,180,288730,101,0.34,0.276714,4,2,13,10,12,12,298.612,70,298.913,57,
101100,298.6,298.6,298.65,298.6,298.612,194,-194,0,0.0499878,-0.199951,0.115389,0.269233,298.6,298.764,0.11431,53.6812,24.762,-0.0144246,937,348,25,31,435,288742,12,0.36,0.277887,4,2,12,10,12,12,298.612,71,298.913,57,
101200,298.6,298.65,298.65,298.55,298.625,283,283,0.0499878,0.0399902,-0.0499878,0.120004,0.240032,298.6,298.761,0.11337,66.2216,19.0492,-0.0126261,834,363,-13,38,355,288720,-22,0.44,0.280139,4,2,12,10,11,12,298.612,71,298.913,57,
101300,298.7,298.8,298.85,298.7,298.787,671,671,0.0999756,0.0499878,0,0.250016,0.214309,298.6,298.765,0.110087,67.4244,26.6673,-0.0025472,789,345,-25,37,250,288662,-58,0.36,0.281233,4,2,12,11,10,12,298.612,71,298.913,57,
101400,298.8,298.8,298.85,298.75,298.8,454,-454,0,0.0399902,-0.0500183,0.148163,0.222245,298.6,298.768,0.106777,61.2969,34.2855,0.00465088,711,373,-41,43,67,288686,24,0.36,0.282297,4,2,12,10,10,12,298.612,71,298.913,57,
101500,298.75,298.75,298.8,298.75,298.763,330,-330,0,0.0299927,0.149963,0.166684,0.208367,298.6,298.765,0.0993656,67.8541,47.6188,0.00600179,792,343,-31,39,86,288564,-122,0.51,0.285333,4,2,12,9,11,12,298.612,71,298.913,57,
101600,298.75,298.85,298.9,298.7,298.825,749,749,0.100006,0.0499939,0.199982,0.250025,0.125025,298.6,298.761,0.0872954,68.2616,64.7624,0.00806478,720,357,-52,38,9,288596,32,0.35,0.286184,4,2,11,9,11,13,298.612,71,298.913,57,
101700,298.9,298.85,298.9,298.8,298.85,550,-550,-0.0499878,0.0499939,0.0500183,0.260894,0.13046,298.6,298.758,0.07816,61.6861,76.1915,0.00828044,671,345,-37,24,-63,288700,104,0.36,0.287143,4,2,12,9,10,12,298.612,71,298.913,57,
101800,298.8,298.9,298.9,298.75,298.862,407,407,0.100006,0.05,0.200012,0.250019,0.166679,298.6,298.758,0.0745225,75.8506,81.906,0.0081665,694,314,-34,-4,-168,288678,-22,0.32,0.287564,4,2,12,9,9,12,298.612,71,298.913,57,
101900,298.95,298.95,298.95,298.9,298.938,1035,1035,0,0.05,0.25,0.318213,0.136357,298.6,298.764,0.0824963,82.4015,87.6205,0.0106771,794,286,-5,-11,-31,289002,324,0.34,0.288228,5,2,12,10,9,12,298.612,71,298.938,79,
102000,298.9,298.95,298.95,298.85,298.925,573,573,0.0500183,0.0600037,0.350006,0.318213,0.136357,298.6,298.77,0.0882947,90.5055,94.2872,0.00976156,796,277,1,-9,-212,289026,24,0.43,0.29,5,2,12,9,9,12,298.612,71,298.938,79,
102100,298.9,298.8,298.95,298.8,298.837,330,-330,-0.100006,0.0600037,0.25,0.291687,0.166671,298.6,298.77,0.0887345,82.6556,89.6428,0.00369873,758,291,6,-11,-148,289066,40,0.24,0.289383,5,2,12,9,8,13,298.612,71,298.938,79,
102200,298.8,298.8,298.8,298.75,298.787,236,236,0,0.0500061,0.200012,0.304373,0.173893,298.6,298.773,0.0884101,81.2631,80.4973,-0.00299479,789,273,0,-10,-72,288976,-90,0.28,0.289268,5,2,11,8,9,14,298.612,71,298.938,79,
102300,298.8,298.8,298.9,298.8,298.825,265,-265,0,0.0300049,0.100037,0.23812,0.190455,298.6,298.777,0.0888429,76.8544,68.4953,-0.00530599,684,264,-5,-13,-136,288995,19,0.38,0.290361,5,2,11,9,8,14,298.612,71,298.938,79,
102400,298.85,298.8,298.85,298.75,298.8,279,-279,-0.0500183,0.0400085,0.0500183,0.23812,0.238062,298.6,298.776,0.0882067,76.8544,56.4934,-0.00679118,757,235,12,-15,-143,288988,-7,0.22,0.289524,5,2,11,8,9,15,298.612,71,298.938,79,
102500,298.75,298.7,298.8,298.7,298.725,533,-533,-0.0499878,0.0400024,3.05E-05,0.227299,0.272687,298.6,298.774,0.0886598,71.7488,36.4934,-0.00979818,804,246,15,-9,-27,288997,9,0.41,0.290941,5,2,11,7,10,16,298.612,71,298.938,79,
102600,298.7,298.75,298.75,298.7,298.737,421,421,0.0499878,0.0299988,-0.0499878,0.157918,0.31574,298.6,298.775,0.0883837,68.3486,27.9932,-0.00997314,725,272,-9,-2,-19,288943,-54,0.43,0.292558,5,2,10,6,11,16,298.612,71,298.938,79,
102700,298.75,298.8,298.8,298.7,298.775,453,453,0.0499878,0.0399963,0.0499878,0.210543,0.315751,298.6,298.776,0.0882931,72.8578,27.9932,-0.00761312,771,317,-3,5,80,288952,9,0.28,0.292414,5,2,9,7,11,16,298.612,71,298.938,79,
102800,298.75,298.7,298.75,298.7,298.713,192,-192,-0.0499878,0.0499939,-0.100006,0.222245,0.277755,298.6,298.776,0.0884895,64.4126,19.9951,-0.00804036,708,420,-7,18,48,288943,-9,0.33,0.292841,5,2,9,7,12,15,298.612,71,298.938,79,
102900,298.7,298.65,298.7,298.65,298.663,193,-193,-0.0500183,0.0499939,-0.150024,0.166667,0.333333,298.6,298.773,0.0908747,41.1875,11.9971,-0.00952555,562,531,-32,36,20,288933,-10,0.34,0.293371,5,2,9,7,12,15,298.612,71,298.938,79,
103000,298.65,298.6,298.7,298.6,298.625,212,-212,-0.0499878,0.0499939,-0.250031,0.166667,0.333333,298.6,298.774,0.0901388,37.4477,11.9971,-0.0114624,204,530,-68,38,-315,288964,31,0.24,0.292778,5,2,9,7,12,15,298.612,71,298.938,79,
103100,298.6,298.6,298.75,298.6,298.638,802,-802,0,0.0399963,-0.150024,0.222218,0.277765,298.6,298.775,0.0884045,43.6169,7.99805,-0.0108032,247,490,-72,36,-325,289149,185,0.39,0.293846,5,2,8,8,12,15,298.612,71,298.938,79,
103200,298.6,298.7,298.7,298.6,298.675,264,264,0.100006,0.05,-0.0500183,0.210518,0.210518,298.6,298.777,0.085983,50.1789,6.66734,-0.00681559,294,473,-72,32,-181,289067,-82,0.08,0.291522,5,2,8,8,12,14,298.612,71,298.938,79,
103300,298.7,298.5,298.7,298.45,298.538,1329,-1329,-0.200012,0.0800049,-0.250031,0.0908914,0.318176,298.6,298.765,0.0984211,31.6456,9.16677,-0.00966797,309,477,-59,29,-206,289122,55,0.31,0.29172,5,2,8,8,11,15,298.538,93,298.938,79,
103400,298.55,298.5,298.55,298.4,298.487,1114,-1114,-0.0499878,0.0799988,-0.25,0.0869404,0.304371,298.55,298.749,0.114786,31.6456,14.1672,-0.0124959,377,475,-56,22,-198,289180,58,0.48,0.293723,5,2,7,7,12,16,298.487,94,298.938,79,
103500,298.45,298.65,298.65,298.45,298.6,473,473,0.199982,0.109998,-3.05E-05,0.159993,0.240026,298.45,298.741,0.120093,45.5554,26.6673,-0.00758464,381,466,-46,6,-150,289138,-42,0.45,0.295368,5,2,8,8,12,15,298.487,94,298.938,79,
103600,298.65,298.6,298.65,298.6,298.612,301,-301,-0.0499878,0.119995,-0.100006,0.159993,0.240026,298.45,298.731,0.122141,34.832,36.6681,-0.00281576,467,414,-13,-16,-207,289152,14,0.42,0.296667,5,2,9,8,11,14,298.487,94,298.938,79,
103700,298.6,298.7,298.7,298.6,298.675,622,622,0.100006,0.119995,-0.0499878,0.160014,0.240021,298.45,298.722,0.121031,37.901,47.1444,0.00437012,398,398,27,-18,-332,289391,239,0.32,0.296907,5,2,8,9,11,14,298.487,94,298.938,79,
103800,298.65,298.6,298.7,298.6,298.625,411,-411,-0.0499878,0.0899902,-0.0499878,0.16001,0.240015,298.45,298.71,0.120477,35.7199,56.074,0.0057251,359,383,16,-15,-351,289545,154,0.32,0.297143,5,2,7,9,10,14,298.487,94,298.938,79,
103900,298.55,298.55,298.55,298.5,298.537,294,294,0,0.0799927,3.05E-05,0.153857,0.269238,298.45,298.69,0.119597,34.7973,59.6446,0.00102539,349,381,7,-13,-4,289624,79,0.33,0.297475,5,2,7,8,11,14,298.487,94,298.938,79,
104000,298.55,298.6,298.6,298.5,298.575,622,622,0.0500183,0.05,0.100037,0.192333,0.230785,298.45,298.672,0.117421,45.9027,58.5734,-2.85E-05,476,319,23,-22,58,289599,-25,0.41,0.2986,5,2,7,9,10,13,298.487,94,298.938,79,
104100,298.55,298.55,298.6,298.5,298.55,220,-220,0,0.0400024,0.100037,0.160034,0.240015,298.45,298.658,0.118541,43.6766,58.5717,-0.00153808,311,286,-9,-27,-170,289653,54,0.27,0.298317,5,2,7,9,10,13,298.487,94,298.938,79,
104200,298.6,298.45,298.6,298.45,298.487,390,-390,-0.149994,0.05,-0.149963,0.15388,0.269238,298.45,298.643,0.122763,36.8334,44.7624,-0.00406901,325,247,-8,-31,-214,289706,53,0.28,0.298137,5,2,7,9,10,13,298.487,102,298.938,79,
104300,298.45,298.55,298.55,298.45,298.525,410,410,0.0999756,0.0599976,0.150024,0.173956,0.173929,298.45,298.628,0.124643,56.8278,43.3323,-0.0025472,565,146,14,-38,-141,289716,10,0.37,0.298835,5,2,6,8,11,13,298.487,102,298.938,79,
104400,298.55,298.65,298.7,298.55,298.638,518,518,0.100006,0.0799988,0.300018,0.304408,0.13043,298.45,298.62,0.124559,62.077,50.7599,0.00394694,720,85,46,-44,-42,289704,-12,0.42,0.3,5,2,6,9,11,13,298.487,102,298.938,79,
104500,298.65,298.65,298.7,298.65,298.663,279,-279,0,0.0699951,0.100037,0.250053,0.149989,298.45,298.617,0.124719,57.3417,55.3294,0.00910645,722,102,51,-40,-57,289784,80,0.28,0.29981,5,2,7,9,10,13,298.487,102,298.938,79,
104600,298.65,298.55,298.65,298.5,298.563,665,-665,-0.100006,0.0899963,0.0500183,0.227321,0.272707,298.45,298.608,0.124716,52.3156,53.3284,0.00687663,1181,-261,118,-91,124,289782,-2,0.45,0.301226,5,2,7,8,11,13,298.487,102,298.938,79,
104700,298.55,298.75,298.75,298.55,298.7,455,455,0.200012,0.1,0.150024,0.250032,0.249981,298.45,298.604,0.125944,50.317,69.9941,0.0105835,1189,-276,101,-85,171,289648,-134,0.35,0.301682,5,2,7,9,11,13,298.487,102,298.938,79,
104800,298.7,298.8,298.8,298.7,298.775,804,804,0.0999756,0.1,0.299988,0.291694,0.249987,298.45,298.607,0.130213,64.1699,79.9951,0.0146037,1356,-287,149,-81,339,289750,102,0.34,0.302037,5,2,8,10,11,12,298.487,102,298.938,79,
104900,298.75,298.75,298.85,298.75,298.775,444,-444,0,0.0799988,0.299988,0.333376,0.16665,298.45,298.613,0.133554,62.0396,78.9962,0.0157267,1439,-336,159,-83,308,289730,-20,0.28,0.301835,5,2,8,10,11,12,298.487,102,298.925,80,
105000,298.8,298.85,298.85,298.8,298.838,438,438,0.0500183,0.0900024,0.299988,0.291694,0.16665,298.45,298.624,0.138015,60.4356,82.9977,0.017863,2026,-661,208,-115,768,289708,-22,0.35,0.302273,5,2,9,10,11,11,298.487,102,298.838,110,
105100,298.8,298.95,298.95,298.8,298.913,1267,1267,0.150024,0.100006,0.450012,0.360025,0.159981,298.45,298.637,0.14735,72.2045,94.9996,0.0194173,2064,-767,192,-121,725,289887,179,0.32,0.302432,5,2,9,11,11,10,298.487,102,298.913,111,
105200,298.9,298.9,298.95,298.9,298.913,424,-424,0,0.0600037,0.600006,0.391323,0.130423,298.45,298.649,0.157068,71.7445,92.9989,0.0177856,2180,-1141,208,-177,328,289858,-29,0.4,0.303304,5,2,10,11,10,9,298.487,102,298.913,112,
105300,298.9,299.1,299.1,298.9,299.05,1849,1849,0.200012,0.080011,0.700043,0.479994,0.119986,298.45,298.675,0.169647,77.6748,92.9989,0.0210449,2065,-1140,126,-125,120,289894,36,0.34,0.303628,6,2,9,11,10,9,298.487,102,299.05,113,
105400,299.1,299.15,299.2,299.05,299.138,1468,1468,0.0499878,0.0900085,0.650024,0.439982,0.119986,298.45,298.707,0.185222,80.3935,96.5702,0.0239421,2070,-1163,125,-126,83,289590,-304,0.37,0.304211,7,2,10,12,9,8,298.487,102,299.138,114,
105500,299.1,299.15,299.2,299.1,299.15,525,525,0.0499878,0.0900024,0.700012,0.423065,0.115373,298.45,298.735,0.204141,80.3935,95.1411,0.0228231,2200,-1209,120,-131,71,289709,119,0.33,0.304435,7,2,11,12,8,7,298.487,102,299.15,115,
105600,299.15,299.15,299.25,299.15,299.175,530,-530,0,0.0599976,0.800018,0.47997,0,298.45,298.763,0.223282,87.8623,92.2839,0.0199788,2450,-1310,144,-139,227,289892,183,0.36,0.304914,7,2,12,13,7,7,298.487,102,299.175,116,
105700,299.15,299.45,299.5,299.15,299.388,1838,1838,0.300018,0.120001,0.900024,0.535682,0,298.45,298.799,0.256573,89.8333,93.0349,0.0243286,2674,-1424,92,-109,181,289820,-72,0.27,0.304615,8,2,12,13,7,7,298.487,102,299.388,117,
105800,299.45,299.45,299.55,299.4,299.462,1475,-1475,0,0.0799988,0.800049,0.517204,0,298.45,298.841,0.291774,88.7767,90.5354,0.0267049,2625,-1489,80,-103,33,290064,244,0.29,0.304492,8,2,13,14,6,7,298.487,102,299.462,118,
105900,299.45,299.55,299.55,299.45,299.525,1605,1605,0.0999756,0.0899963,0.900024,0.482722,0,298.45,298.89,0.321778,95.2341,91.9645,0.02712,2489,-1477,44,-48,-353,289963,-101,0.3,0.304454,9,2,14,14,5,6,298.487,102,299.525,119,
110000,299.55,299.5,299.6,299.4,299.5,784,-784,-0.0499878,0.0899963,0.800018,0.451578,0,298.45,298.936,0.344778,86.9158,90.8935,0.0214559,2618,-1532,79,-56,-211,290121,158,0.3,0.304417,9,2,14,15,5,6,298.487,102,299.525,119,
110100,299.45,299.55,299.6,299.45,299.537,843,843,0.0999756,0.109991,0.749969,0.387069,0,298.45,298.986,0.365084,86.2897,92.3217,0.0148926,2683,-1561,87,-56,83,290155,34,0.26,0.30405,9,2,15,14,5,6,298.487,102,299.537,121,
110200,299.55,299.5,299.6,299.45,299.513,816,-816,-0.0499878,0.0599854,0.699982,0.363616,0,298.45,299.037,0.379172,82.6039,90.7141,0.0068807,2675,-1567,67,-51,183,290304,149,0.35,0.304426,9,2,15,14,4,6,298.487,102,299.537,121,
110300,299.45,299.55,299.55,299.45,299.525,196,196,0.0999756,0.0799805,0.599945,0.290313,0,298.55,299.087,0.390366,78.8007,91.3948,0.000826016,2781,-1701,47,-55,173,290355,51,0.35,0.304797,9,2,15,14,5,5,298.487,102,299.537,121,
110400,299.55,299.65,299.65,299.55,299.625,1122,1122,0.100006,0.0799866,0.649963,0.299994,0,298.55,299.136,0.404866,77.789,91.3948,0.000956208,2865,-1696,27,-38,178,290376,21,0.4,0.305565,10,2,16,15,4,4,298.487,102,299.625,124,
110500,299.65,299.75,299.8,299.6,299.725,1686,1686,0.100006,0.0899902,0.699982,0.374998,0,298.55,299.189,0.421539,82.0039,92.3568,0.00420329,2851,-1696,32,-29,15,290568,192,0.5,0.30712,11,2,16,15,4,4,298.487,102,299.725,125,
110600,299.75,299.8,299.8,299.7,299.775,505,505,0.0499878,0.0799927,0.749969,0.343761,0,298.55,299.25,0.436986,82.972,93.7858,0.00667319,2984,-1763,70,-40,-29,290625,57,0.35,0.30746,12,2,16,15,4,4,298.487,102,299.775,126,
110700,299.8,299.65,299.8,299.6,299.675,1033,-1033,-0.149994,0.0999939,0.299957,0.206904,0.068975,298.7,299.299,0.445017,69.3508,89.1433,0.000764966,2917,-1774,42,-34,7,290755,130,0.38,0.308031,12,2,16,14,4,5,298.487,102,299.775,126,
110800,299.65,299.75,299.8,299.55,299.712,1079,1079,0.100006,0.1,0.399963,0.161301,0.0967964,298.75,299.346,0.450613,72.772,88.4627,-0.00363363,3098,-1764,59,-29,322,291072,317,0.34,0.308281,12,2,16,14,4,6,298.487,102,299.775,126,
110900,299.75,299.65,299.75,299.6,299.663,826,-826,-0.100006,0.1,0.199982,0.156258,0.0937703,298.8,299.39,0.453245,61.0961,80.9629,-0.0101359,3091,-1785,59,-31,220,291166,94,0.24,0.307752,12,2,17,14,4,5,298.487,102,299.775,126,
111000,299.7,299.6,299.7,299.6,299.625,238,-238,-0.100006,0.1,0.149963,0.166677,0.100022,298.8,299.429,0.453115,65.0913,71.0726,-0.0157959,3224,-1851,63,-21,251,291208,42,0.33,0.307923,12,2,17,13,5,5,298.487,102,299.775,126,
111100,299.65,299.65,299.7,299.6,299.65,480,-480,0,0.0900024,0.0499878,0.172423,0.103471,298.9,299.466,0.451172,63.505,62.501,-0.0168294,3226,-1847,51,-21,271,291203,-5,0.47,0.30916,12,2,17,13,5,5,298.487,102,299.775,126,
111200,299.65,299.65,299.65,299.55,299.625,583,583,0,0.0600037,0.0999756,0.17858,0.142895,298.9,299.502,0.447931,70.7335,61.4291,-0.0181763,3178,-1842,46,-20,256,291259,56,0.4,0.309849,12,2,17,13,6,5,298.525,103,299.775,126,
111300,299.6,299.65,299.65,299.6,299.637,193,193,0.0499878,0.05,0.0499878,0.185193,0.148186,299.1,299.531,0.441298,69.9108,51.929,-0.0172648,3401,-1915,59,-21,317,291322,63,0.36,0.310226,12,2,18,13,5,5,298.563,106,299.775,126,
111400,299.65,299.75,299.75,299.65,299.725,329,329,0.100006,0.05,0.0499878,0.185193,0.148186,299.1,299.561,0.432313,66.0489,55.4298,-0.0119466,3762,-2041,120,-38,566,291267,-55,0.3,0.310149,12,2,18,13,5,5,298.563,106,299.775,126,
111500,299.75,299.65,299.75,299.55,299.65,642,-642,-0.100006,0.05,-0.150024,0.0740799,0.222262,299.15,299.586,0.422479,46.6323,54.8586,-0.0124227,3928,-2153,118,-55,554,291403,136,0.32,0.310222,12,2,17,13,5,6,298.563,106,299.775,126,
111600,299.6,299.6,299.7,299.6,299.625,844,-844,0,0.05,-0.200012,0.0740783,0.222257,299.15,299.608,0.411934,34.5116,47.4317,-0.0137166,4172,-2485,154,-100,544,291481,78,0.35,0.310515,12,2,18,13,5,5,298.7,107,299.775,126,
111700,299.6,299.65,299.7,299.6,299.65,406,406,0.0499878,0.0599976,-3.05E-05,0.0800029,0.16003,299.45,299.621,0.391923,47.3604,44.0039,-0.0133016,3723,-2128,71,-39,261,291570,89,0.42,0.311314,12,2,17,12,5,5,298.775,109,299.775,126,
111800,299.65,299.75,299.75,299.65,299.725,270,270,0.100006,0.0700012,-3.05E-05,0.136354,0.136381,299.45,299.634,0.366533,36.8052,56.0034,-0.00943604,3750,-2137,74,-41,307,291490,-80,0.32,0.311377,12,2,17,12,5,5,298.775,109,299.775,126,
111900,299.75,299.6,299.75,299.6,299.638,355,-355,-0.149994,0.0799988,-0.0500183,0.136354,0.181823,299.45,299.64,0.338696,41.6696,45.004,-0.0104411,3821,-2121,91,-39,327,291581,91,0.31,0.311367,12,2,16,11,5,6,298.838,110,299.775,126,
112000,299.6,299.65,299.65,299.6,299.637,421,421,0.0499878,0.0699951,0.0999756,0.142849,0.190485,299.45,299.647,0.314377,50.8694,47.0035,-0.0108765,4172,-2169,110,-36,624,291599,18,0.49,0.312643,12,2,15,11,6,6,298.913,112,299.775,126,
112100,299.7,299.75,299.75,299.65,299.725,795,795,0.0499878,0.0799927,0.149963,0.238091,0.190485,299.45,299.656,0.289857,54.6813,63.002,-0.00710855,4189,-2207,61,-23,646,291476,-123,0.46,0.313688,12,2,16,11,6,6,298.913,112,299.775,126,
112200,299.75,299.85,299.85,299.75,299.825,658,658,0.100006,0.0899963,0.249969,0.333333,0.142849,299.45,299.672,0.271214,61.0018,75.0015,-0.000472009,4254,-2171,46,-2,597,291534,58,0.58,0.315563,13,2,16,12,6,6,299.05,113,299.825,142,
112300,299.85,300.1,300.1,299.8,300.025,2060,2060,0.25,0.119995,0.449982,0.461526,0.115376,299.55,299.697,0.262519,72.8594,75.0015,0.012557,4364,-2104,27,54,539,291902,368,0.38,0.316014,14,2,17,12,6,6,299.138,114,300.025,143,
112400,300.1,299.9,300.1,299.9,299.95,1414,-1414,-0.200012,0.129999,0.149963,0.357129,0.107134,299.6,299.713,0.246153,58.619,82.7271,0.014034,4499,-2077,110,7,647,292137,235,0.38,0.316458,14,2,17,11,6,6,299.15,115,300.025,143,
112500,299.9,299.85,299.95,299.8,299.862,478,-478,-0.0499878,0.129999,0.199982,0.370352,0.111101,299.6,299.72,0.218551,59.864,82.7271,0.00726318,4466,-2039,102,14,740,292047,-90,0.28,0.316207,14,2,16,11,7,7,299.175,116,300.025,143,
112600,299.9,299.8,299.9,299.8,299.825,1024,-1024,-0.100006,0.140002,0.0999756,0.370352,0.111101,299.6,299.722,0.187167,58.4925,70.7263,-0.0011963,4544,-2046,103,10,903,292274,227,0.41,0.316849,14,2,15,10,8,7,299.388,117,300.025,143,
112700,299.75,299.75,299.8,299.65,299.737,1241,1241,0,0.120001,0.0499878,0.357129,0.214269,299.6,299.726,0.166251,48.2353,56.7261,-0.0114705,4546,-2041,53,18,892,292171,-103,0.41,0.317483,14,2,15,9,9,8,299.462,118,300.025,143,
112800,299.75,299.65,299.75,299.65,299.675,506,-506,-0.100006,0.0900024,-0.150024,0.321425,0.214269,299.6,299.724,0.146432,43.9497,38.7256,-0.018457,4549,-2030,51,25,819,292174,3,0.36,0.31777,14,2,14,8,10,8,299.5,120,300.025,143,
112900,299.7,299.65,299.7,299.65,299.663,227,-227,-0.0500183,0.0600037,-0.0500488,0.346142,0.192296,299.6,299.724,0.133334,45.7633,27.998,-0.0207235,4597,-2025,49,20,569,292097,-77,0.21,0.317047,14,2,13,8,11,8,299.5,120,300.025,143,
113000,299.65,299.35,299.7,299.25,299.413,3051,-3051,-0.299988,0.110004,-0.400024,0.264697,0.382326,299.6,299.713,0.140043,31.3068,20.3511,-0.0312785,4400,-2021,5,11,397,291671,-426,0.32,0.317067,14,2,13,7,11,8,299.413,150,300.025,143,
113100,299.3,299.45,299.5,299.3,299.425,650,650,0.150024,0.120007,-0.299988,0.194436,0.361086,299.3,299.702,0.148295,30.404,17.058,-0.0332113,4289,-2042,-30,5,164,291384,-287,0.43,0.317815,14,2,13,7,12,8,299.413,150,300.025,143,
113200,299.45,299.55,299.55,299.45,299.525,522,522,0.0999756,0.140002,-0.300018,0.166653,0.361092,299.3,299.697,0.151514,29.5357,18.1167,-0.0258179,4313,-2058,-21,-2,-5,291431,47,0.47,0.318816,14,2,14,8,12,8,299.413,150,300.025,143,
113300,299.55,299.6,299.6,299.5,299.575,465,465,0.0500183,0.130005,-0.5,0.0625012,0.406229,299.3,299.694,0.152456,17.4973,24.3526,-0.0158895,4313,-2059,-33,-1,-168,291451,20,0.44,0.319608,14,2,15,9,11,8,299.413,150,300.025,143,
113400,299.6,299.65,299.65,299.55,299.625,305,305,0.0499878,0.129999,-0.25,0.0999919,0.433312,299.3,299.689,0.14928,23.5563,33.7813,-0.00493571,4337,-2048,-29,-1,-138,291396,-55,0.3,0.319481,14,2,15,9,11,8,299.413,150,300.025,143,
113500,299.65,299.65,299.65,299.55,299.625,294,294,0,0.0700012,-0.200012,0.103441,0.379291,299.3,299.688,0.149428,25.008,43.7358,0.000821941,4348,-2049,-28,-2,-199,291347,-49,0.43,0.320194,14,2,14,8,11,8,299.413,150,300.025,143,
113600,299.7,299.65,299.7,299.65,299.663,233,-233,-0.0500183,0.05,-0.150024,0.14286,0.392833,299.3,299.689,0.149408,28.8112,53.5752,0.00447591,4373,-2047,-32,-3,-179,291316,-31,0.45,0.321026,14,2,14,9,11,8,299.413,150,300.025,143,
113700,299.65,299.7,299.75,299.6,299.688,808,808,0.0500183,0.0400085,-0.100006,0.14286,0.285699,299.3,299.691,0.149281,43.61,64.5172,0.00666911,4399,-2046,0,-3,-166,291395,79,0.46,0.321911,14,2,14,10,11,8,299.413,150,300.025,143,
113800,299.7,299.65,299.75,299.65,299.675,982,-982,-0.0500183,0.0400085,-0.0500183,0.14286,0.285699,299.3,299.689,0.148147,40.548,72.2816,0.00632324,4337,-2020,6,3,-255,291437,42,0.35,0.322089,14,2,15,10,11,7,299.413,150,300.025,143,
113900,299.7,299.75,299.75,299.65,299.725,701,701,0.0499878,0.0400085,0.0499878,0.137935,0.27585,299.3,299.693,0.148223,46.1199,80.8534,0.00766602,4256,-2003,-8,7,-126,291695,258,0.52,0.323333,14,2,14,10,10,7,299.413,150,300.025,143,
114000,299.75,299.75,299.75,299.75,299.75,101,0,0,0.0400085,0.349976,0.200006,0,299.3,299.699,0.148634,77.8428,88.5458,0.00854899,4225,-1999,-12,8,-21,291737,42,0.47,0.32425,14,2,15,10,9,7,299.413,150,300.025,143,
114100,299.75,299.8,299.8,299.75,299.787,276,276,0.0499878,0.0400024,0.249939,0.294116,0,299.3,299.702,0.149135,75.8046,94.0002,0.00975342,4251,-1998,-12,7,-2,291737,0,0.43,0.324907,14,2,15,11,9,7,299.413,150,300.025,143,
114200,299.8,299.75,299.85,299.75,299.775,290,-290,-0.0499878,0.0399963,0.0999756,0.294141,0,299.3,299.699,0.146781,66.7601,90.2852,0.00875244,4325,-2008,-3,5,63,291652,-85,0.28,0.32463,14,2,15,12,8,6,299.413,150,300.025,143,
114300,299.75,299.75,299.8,299.7,299.75,90,0,0,0.0299927,0.0499573,0.235307,0.0588087,299.3,299.686,0.130987,62.1647,87.6188,0.00555013,4276,-2007,-13,5,-20,291672,20,0.5,0.325706,14,2,14,12,9,7,299.413,150,300.025,143,
114400,299.7,299.8,299.8,299.7,299.775,379,379,0.0999756,0.0399902,0.0999451,0.176504,0.0588109,299.3,299.677,0.119775,62.9814,84.2844,0.00395508,4246,-2002,-21,6,-55,291554,-118,0.35,0.325854,14,2,13,11,9,7,299.413,150,300.025,143,
114500,299.8,299.75,299.8,299.75,299.763,594,-594,-0.0499878,0.0499878,0.0499573,0.187541,0.0624881,299.3,299.672,0.117129,53.6969,76.284,0.00183512,4260,-2001,-11,2,-67,291646,92,0.39,0.326242,14,2,14,11,9,6,299.413,150,300.025,143,
114600,299.8,299.7,299.8,299.7,299.725,465,-465,-0.0999756,0.0599854,0,0.117666,0.11763,299.3,299.667,0.115438,48.1419,64.2844,-0.00120036,4345,-2026,12,-3,-34,291787,141,0.42,0.326807,14,2,13,11,8,7,299.413,150,300.025,143,
114700,299.7,299.75,299.75,299.65,299.725,141,141,0.0499878,0.0599854,-3.05E-05,0.125019,0.18751,299.3,299.666,0.115974,39.1077,59.999,-0.0028361,4369,-2067,20,-9,-15,291814,27,0.43,0.327425,14,2,13,11,9,8,299.413,150,300.025,143,
114800,299.7,299.75,299.75,299.7,299.737,301,301,0.0499878,0.0699829,0.0999756,0.133358,0.200016,299.3,299.669,0.116502,52.5987,56.6656,-0.00316976,4267,-2019,2,-3,-5,291777,-37,0.54,0.32869,14,2,13,10,9,8,299.413,150,300.025,143,
114900,299.75,299.75,299.75,299.75,299.75,134,0,0,0.0499878,0.0499878,0.153879,0.230795,299.3,299.674,0.117048,37.1099,50,-0.00234375,4305,-2035,-2,-3,44,291823,46,0.45,0.329408,14,2,14,10,9,7,299.413,150,300.025,143,
115000,299.75,299.85,299.85,299.75,299.825,402,402,0.100006,0.0599915,0.149994,0.266715,0.200016,299.3,299.694,0.102635,47.0376,58.0005,0.00192464,4838,-2126,80,-17,459,291747,-76,0.39,0.329765,14,2,14,11,8,7,299.413,150,300.025,143,
115100,299.85,299.8,299.85,299.8,299.813,103,-103,-0.0500183,0.05,0.0499878,0.200049,0.200008,299.45,299.714,0.0836434,38.8388,64.9985,0.00331217,4791,-2235,77,-33,239,291733,-14,0.52,0.330877,14,2,14,10,8,7,299.413,150,300.025,143,
115200,299.8,299.8,299.85,299.8,299.813,153,-153,0,0.0400024,0.0999756,0.142876,0.214292,299.55,299.728,0.0759217,44.2437,69.9969,0.00328776,5104,-2360,120,-51,475,291686,-47,0.54,0.332093,14,2,13,9,8,7,299.413,150,300.025,143,
115300,299.85,299.85,299.85,299.8,299.838,313,313,0,0.0300049,0.0999756,0.153857,0.153857,299.6,299.741,0.0733523,51.5258,79.9969,0.00350342,4981,-2422,90,-56,315,291775,89,0.41,0.332543,14,2,12,8,8,7,299.413,150,299.95,144,
115400,299.8,299.85,299.85,299.8,299.838,329,329,0.0500183,0.0400085,0.0500183,0.166667,0.166667,299.65,299.752,0.0738409,42.4222,89.9969,0.00259603,5324,-2575,136,-72,490,291871,96,0.47,0.333333,14,2,11,8,8,7,299.413,150,299.862,145,
115500,299.85,299.95,300,299.85,299.938,877,877,0.100006,0.0400085,0.200012,0.357121,0.142857,299.65,299.768,0.0810952,75.3227,87.1405,0.00634359,5581,-2633,187,-87,629,292049,178,0.52,0.3344,14,2,12,9,7,6,299.413,150,299.938,175,
115600,300,299.95,300,299.9,299.95,396,-396,-0.0499878,0.0400024,0.25,0.357105,0.0714473,299.65,299.782,0.0892399,94.3909,89.2857,0.00814209,5481,-2628,168,-84,551,291993,-56,0.54,0.335568,14,2,13,9,6,6,299.413,150,299.95,176,
115700,299.95,299.95,300,299.95,299.963,231,-231,0,0.0400024,0.200012,0.384583,0,299.7,299.796,0.0970748,93.9246,90.9546,0.00831706,5484,-2646,92,-74,590,292015,22,0.6,0.337062,14,2,14,9,5,5,299.413,150,299.963,177,
115800,299.95,300.2,300.25,299.95,300.15,1712,1712,0.25,0.0900024,0.400024,0.555522,0,299.7,299.819,0.119791,96.9787,88.955,0.015507,5494,-2692,100,-65,532,291915,-100,0.58,0.338427,15,2,14,10,4,5,299.413,150,300.15,178,
115900,300.25,300.15,300.25,300.1,300.163,362,-362,-0.100006,0.1,0.300018,0.476168,0,299.7,299.841,0.14006,87.6598,84.9548,0.0175415,5500,-2694,56,-47,94,292029,114,0.54,0.339553,15,2,15,10,3,5,299.413,150,300.163,179,
120000,300.15,300.5,300.5,300.15,300.413,1668,1668,0.350006,0.15,0.550018,0.499977,0,299.7,299.874,0.180102,90.7668,87.8112,0.0276937,5243,-2622,37,-28,65,292102,73,0.51,0.3405,16,2,16,11,3,4,299.425,151,300.413,180,
120100,300.5,300.5,300.5,300.4,300.475,1616,1616,0,0.140002,0.600037,0.481464,0,299.7,299.909,0.218332,92.6602,90.6676,0.0322673,5237,-2607,-12,-4,-114,292188,86,0.61,0.341989,16,2,16,11,2,4,299.525,152,300.475,181,
120200,300.55,300.6,300.7,300.5,300.6,1530,1530,0.0500183,0.150006,0.650055,0.566659,0,299.7,299.95,0.261612,94.3999,91.7779,0.0349609,5205,-2690,-53,-8,-44,292400,212,0.46,0.342637,17,2,16,11,2,4,299.575,153,300.6,182,
120300,300.65,300.7,300.75,300.65,300.7,686,686,0.0500183,0.11001,0.700073,0.562494,0,299.7,299.997,0.304808,94.7066,92.7251,0.0357788,5123,-2691,-51,-9,-317,292463,63,0.44,0.343169,18,2,16,11,2,4,299.625,155,300.7,183,
120400,300.7,300.6,300.75,300.55,300.625,1052,-1052,-0.100006,0.11001,0.550049,0.514282,0.0571463,299.7,300.04,0.331823,82.0633,93.3921,0.0260824,5215,-2781,-38,-19,-514,292482,19,0.45,0.34375,18,2,15,10,2,5,299.625,155,300.7,183,
120500,300.6,300.6,300.65,300.55,300.6,292,292,0,0.0400085,0.450043,0.441173,0.0588267,299.7,300.082,0.350827,79.823,89.8629,0.0148356,5255,-2931,-34,-34,-529,292643,161,0.56,0.344919,18,2,15,10,3,5,299.663,156,300.7,183,
120600,300.6,300.65,300.65,300.55,300.625,468,468,0.0499878,0.0500061,0.550018,0.441173,0.0588267,299.7,300.127,0.367223,81.0865,87.3627,0.00596923,5253,-2917,-35,-31,-502,292583,-60,0.38,0.345108,18,2,14,9,3,5,299.675,158,300.7,183,
120700,300.6,300.5,300.65,300.5,300.538,554,-554,-0.100006,0.0600037,0.450012,0.416662,0.0833291,299.7,300.168,0.376884,75.4917,83.3349,-0.00502115,5219,-2982,-3,-51,-565,292583,0,0.43,0.345562,18,2,14,8,3,5,299.675,158,300.7,183,
120800,300.5,300.45,300.55,300.4,300.462,625,-625,-0.0499878,0.0599976,0.150024,0.303026,0.151513,299.75,300.204,0.381173,62.6657,75.1568,-0.0146647,5313,-3044,10,-62,-537,292564,-19,0.46,0.34617,18,2,13,8,4,6,299.725,167,300.7,183,
120900,300.45,300.45,300.45,300.4,300.438,617,617,0,0.0399963,0.250031,0.32257,0.161285,299.75,300.238,0.383285,66.1073,68.4905,-0.0208211,5339,-3083,19,-56,-365,292648,84,0.49,0.346931,18,2,13,8,5,6,299.725,167,300.7,183,
121000,300.45,300.4,300.45,300.4,300.413,605,-605,-0.0500183,0.05,-0.149994,0.19999,0.19999,299.8,300.268,0.38376,48.631,52.0197,-0.0242839,5300,-3079,25,-55,-409,292573,-75,0.35,0.346947,18,2,12,8,5,6,299.725,167,300.7,183,
121100,300.4,300.4,300.45,300.3,300.388,439,439,0,0.0400024,-0.149994,0.192296,0.269219,299.8,300.296,0.383564,48.631,38.9645,-0.0251424,5342,-3088,18,-43,-261,292477,-96,0.39,0.347173,18,2,12,7,5,7,299.725,167,300.7,183,
121200,300.35,300.4,300.4,300.35,300.387,684,684,0.0499878,0.0299988,-0.150024,0.0434656,0.304339,299.8,300.325,0.383274,28.9313,29.6592,-0.0236206,5370,-3107,16,-25,-169,292566,89,0.45,0.347708,18,2,13,6,6,7,299.725,167,300.7,183,
121300,300.4,300.4,300.4,300.35,300.387,454,454,0,0.0200012,-0.200043,0,0.333324,299.8,300.352,0.382783,14.168,23.3343,-0.0212118,5323,-3171,10,-36,-282,292482,-84,0.53,0.348653,18,2,13,6,5,6,299.725,167,300.7,183,
121400,300.4,300.4,300.4,300.35,300.387,21,21,0,0.0200012,-0.100037,0,0.27777,299.85,300.38,0.38235,20.7893,19.0483,-0.0184774,5163,-3169,-8,-26,-330,292476,-6,0.46,0.349227,18,2,13,6,5,6,299.725,167,300.7,183,
121500,300.35,300.35,300.4,300.35,300.362,682,-682,0,0.00999756,-0.100037,0,0.294116,299.95,300.401,0.380626,15.9586,21.9065,-0.0170085,4957,-3058,-50,-2,-437,292584,108,0.39,0.349436,18,2,12,6,5,6,299.725,167,300.7,183,
121600,300.35,300.3,300.4,300.3,300.325,173,-173,-0.0500183,0.0200012,-0.200043,0,0.35296,299.95,300.42,0.379261,0,17.4619,-0.0170654,4968,-3004,-53,11,-273,292546,-38,0.38,0.349592,18,2,12,6,5,6,299.725,167,300.7,183,
121700,300.35,300.4,300.4,300.3,300.375,464,464,0.0499878,0.0200012,-0.0500488,0,0.312531,299.95,300.441,0.37769,18.2011,21.0178,-0.0137736,5097,-3009,-29,10,-181,292459,-87,0.48,0.350254,18,2,12,6,4,5,299.737,168,300.7,183,
121800,300.4,300.45,300.45,300.4,300.438,354,354,0.0500183,0.0300049,0.0499573,0.0714504,0.214308,300.15,300.455,0.371141,35.9096,36.5732,-0.00805257,5118,-3013,-32,10,-151,292336,-123,0.48,0.350909,18,2,12,7,4,5,299.75,169,300.7,183,
121900,300.45,300.45,300.5,300.45,300.463,173,-173,0,0.0300049,0.0499573,0.142863,0.214317,300.15,300.47,0.363939,35.9096,45.8602,-0.00310466,5035,-2987,-47,17,-173,292333,-3,0.59,0.352111,18,2,12,8,4,5,299.813,172,300.7,183,
122000,300.5,300.5,300.55,300.45,300.5,287,0,0,0.0300049,0.0999756,0.2,0.200041,300.35,300.474,0.345736,56.3827,59.003,0.0011678,5058,-2988,-37,26,-184,292377,44,0.42,0.35245,18,2,12,8,4,5,299.813,172,300.7,183,
122100,300.5,300.5,300.6,300.45,300.513,826,-826,0,0.0200012,0.0999756,0.266705,0.0666965,300.35,300.476,0.322569,56.3827,72.3363,0.00285645,5044,-2984,-17,26,-203,292602,225,0.52,0.353284,18,2,11,9,4,5,299.813,172,300.7,183,
122200,300.5,300.4,300.55,300.4,300.438,394,-394,-0.100006,0.0300049,-0.0500183,0.235324,0.117698,300.35,300.468,0.287998,46.9442,71.0025,-0.000984699,5024,-2976,9,11,-104,292524,-78,0.37,0.353366,18,2,11,9,5,6,299.838,174,300.7,183,
122300,300.4,300.4,300.4,300.3,300.375,412,412,0,0.0200012,-0.0500183,0.222245,0.222279,300.35,300.452,0.24214,46.9442,57.6692,-0.00669352,5043,-2962,10,6,87,292541,17,0.25,0.352857,18,2,11,9,6,7,299.838,174,300.7,183,
122400,300.35,300.3,300.35,300.3,300.313,242,-242,-0.0500183,0.0300049,-0.100037,0.210543,0.210575,300.35,300.436,0.204315,42.5692,42.6676,-0.0126587,5143,-2986,6,3,258,292586,45,0.45,0.353333,18,2,11,9,7,7,299.938,175,300.7,183,
122500,300.3,300.5,300.5,300.3,300.45,622,622,0.200012,0.0700073,0.0999756,0.318186,0.181856,300.3,300.429,0.168295,68.1024,40,-0.00835775,5105,-2989,-1,3,152,292504,-82,0.28,0.352976,18,2,10,9,7,7,299.95,176,300.7,183,
122600,300.5,300.35,300.5,300.35,300.388,328,-328,-0.149994,0.100006,0,0.304355,0.130457,300.3,300.417,0.127841,64.179,30.001,-0.00719401,5132,-2995,13,-1,49,292515,11,0.34,0.352913,18,2,10,9,7,7,299.963,177,300.7,183,
122700,300.4,300.35,300.4,300.35,300.362,214,-214,-0.0499878,0.0900024,-0.0999756,0.318194,0.136389,300.3,300.408,0.0954657,56.7171,26.6687,-0.00678304,5155,-3021,13,-4,29,292473,-42,0.37,0.352995,18,2,9,9,8,7,300.15,178,300.7,183,
122800,300.35,300.35,300.4,300.35,300.362,34,-34,0,0.0900024,-0.149994,0.27273,0.136393,300.3,300.403,0.0756588,48.5363,23.3364,-0.00621745,5172,-3000,18,-2,124,292500,27,0.5,0.353702,18,2,9,8,8,7,300.163,179,300.7,183,
122900,300.35,300.4,300.4,300.35,300.387,42,42,0.0499878,0.0899963,-0.100006,0.227284,0.136393,300.3,300.401,0.0619218,49.6649,30.0031,-0.00511475,5231,-3005,29,-4,156,292520,20,0.36,0.353732,18,2,8,8,8,7,300.313,204,300.7,183,
123000,300.4,300.4,300.45,300.35,300.4,238,-238,0,0.0499939,-0.100006,0.227306,0.136389,300.3,300.4,0.0521745,40.7887,23.3364,-0.00292969,5286,-3020,34,-8,206,292523,3,0.42,0.354048,18,2,7,8,8,7,300.313,204,300.7,183,
123100,300.35,300.4,300.45,300.35,300.4,380,380,0.0499878,0.0299927,-0.0500183,0.19049,0.142882,300.3,300.401,0.0484064,40.7887,28.0025,-0.00137939,5530,-3124,55,-19,358,292502,-21,0.57,0.355071,18,2,6,8,8,7,300.313,204,300.7,183,
123200,300.45,300.5,300.55,300.4,300.487,372,372,0.0499878,0.0299927,0.0999756,0.285706,0.095245,300.3,300.406,0.0497466,64.5145,40.6692,0.00337728,5550,-3161,63,-24,308,292470,-32,0.48,0.35566,18,2,6,8,8,7,300.313,204,300.7,183,
123300,300.5,300.4,300.55,300.4,300.438,351,-351,-0.100006,0.0499939,-3.05E-05,0.272722,0,300.3,300.408,0.0501464,52.9425,45.3353,0.00308431,5454,-3112,46,-16,185,292504,34,0.43,0.356009,18,2,5,7,8,7,300.313,204,300.625,186,
123400,300.4,300.4,300.45,300.4,300.413,60,-60,0,0.0399963,0.0499878,0.285706,0,300.3,300.409,0.0501674,60.41,46.6691,0.0011027,5675,-3138,74,-16,421,292541,37,0.48,0.356589,18,2,5,7,9,6,300.313,204,300.625,186,
123500,300.45,300.45,300.5,300.4,300.45,127,127,0,0.0399963,-0.150024,0.210511,0,300.3,300.414,0.0502255,44.3477,50.004,0.0012085,5576,-3131,57,-18,308,292570,29,0.39,0.356744,18,2,5,8,8,6,300.313,204,300.625,186,
123600,300.45,300.5,300.5,300.4,300.475,283,283,0.0499878,0.0399963,0.0499573,0.222203,0,300.3,300.421,0.0474327,70.1289,57.0042,0.00183919,5530,-3112,42,-15,284,292541,-29,0.41,0.356991,18,2,5,8,8,6,300.313,204,300.538,187,
123700,300.5,300.55,300.6,300.45,300.537,298,298,0.0499878,0.0399963,0.149933,0.299988,0,300.3,300.429,0.0501674,76.1732,57.0018,0.00531006,5696,-3171,58,-21,353,292526,-15,0.39,0.357143,18,2,6,9,8,5,300.313,204,300.537,217,
123800,300.55,300.6,300.65,300.55,300.6,325,325,0.0500183,0.0299988,0.199951,0.333304,0,300.3,300.438,0.0617552,80.4815,65.6687,0.00951742,5630,-3104,14,2,300,292441,-85,0.44,0.357523,18,2,7,10,7,4,300.313,204,300.6,218,
123900,300.6,300.7,300.7,300.6,300.675,515,515,0.100006,0.05,0.249969,0.363619,0,300.3,300.448,0.0787425,84.5488,77.6682,0.0137573,5576,-3092,3,9,218,292598,157,0.38,0.357626,18,2,8,11,6,4,300.313,204,300.675,219,
124000,300.7,300.65,300.8,300.65,300.688,621,-621,-0.0500183,0.0600037,0.199951,0.391254,0,300.3,300.458,0.0954306,66.386,81,0.0146606,5671,-3111,31,0,154,292575,-23,0.48,0.358182,18,2,9,12,6,4,300.313,204,300.688,220,
124100,300.65,300.7,300.7,300.65,300.688,322,322,0.0500183,0.0600098,0.199982,0.409033,0,300.3,300.466,0.106687,69.7548,81.0004,0.0125977,5664,-3161,-1,-3,114,292628,53,0.48,0.358733,18,2,9,12,7,3,300.313,204,300.688,221,
124200,300.7,300.75,300.85,300.7,300.763,988,988,0.0499878,0.0600098,0.199982,0.454503,0,300.3,300.482,0.124111,74.6241,80.5572,0.0125814,5655,-3156,11,-3,157,292829,201,0.45,0.359144,19,2,9,13,6,3,300.313,204,300.763,222,
124300,300.75,300.7,300.8,300.7,300.725,475,-475,-0.0499878,0.0600037,0.25,0.476153,0,300.3,300.5,0.133274,72.2771,77.2237,0.00874024,5662,-3154,18,-6,-29,292770,-59,0.45,0.359552,19,2,9,13,7,3,300.313,204,300.763,222,
124400,300.7,300.75,300.75,300.65,300.725,526,526,0.0499878,0.05,0.299988,0.454515,0.0454709,300.3,300.521,0.137728,75.5325,72.7791,0.00517578,5660,-3150,-5,3,65,292787,17,0.44,0.359911,19,2,9,13,8,4,300.313,204,300.763,222,
124500,300.75,300.8,300.8,300.7,300.775,188,188,0.0499878,0.0499939,0.349976,0.454528,0.0454722,300.35,300.537,0.146995,75.862,77.2228,0.00432536,5722,-3230,13,-18,74,292790,3,0.24,0.359378,20,2,10,14,8,4,300.313,204,300.775,225,
124600,300.8,300.65,300.8,300.6,300.675,386,-386,-0.149994,0.069989,0.149994,0.416658,0.125025,300.35,300.551,0.149886,68.087,72.2209,-0.00201416,5775,-3287,28,-27,-37,292702,-88,0.38,0.359469,20,2,10,14,8,4,300.313,204,300.775,225,
124700,300.65,300.7,300.75,300.6,300.688,720,720,0.0500183,0.0699951,0.150024,0.333316,0.125025,300.35,300.567,0.151826,70.7461,66.6665,-0.0050822,5881,-3386,30,-39,-31,292751,49,0.35,0.359427,20,2,10,14,9,4,300.313,204,300.775,225,
124800,300.7,300.65,300.7,300.65,300.663,372,-372,-0.0500183,0.0700012,0.0499878,0.304336,0.13046,300.35,300.583,0.15277,63.7409,57.3317,-0.00797526,5890,-3385,32,-32,21,292773,22,0.37,0.359474,20,2,10,13,10,4,300.313,204,300.775,225,
124900,300.65,300.7,300.75,300.65,300.7,91,91,0.0500183,0.0700073,0,0.30431,0.13046,300.35,300.598,0.154409,60.4627,49.7768,-0.0075236,5975,-3387,45,-33,28,292832,59,0.61,0.360568,20,2,9,13,10,4,300.313,204,300.775,225,
125000,300.7,300.7,300.7,300.65,300.688,51,51,0,0.0600098,0.0500183,0.238069,0.142882,300.35,300.613,0.155219,69.6922,40.0003,-0.00676677,5878,-3325,30,-24,50,292838,6,0.49,0.36113,20,2,9,12,11,4,300.313,204,300.775,225,
125100,300.7,300.65,300.7,300.65,300.663,289,-289,-0.0500183,0.0400146,-0.0500183,0.238069,0.142882,300.4,300.626,0.15549,62.283,34,-0.00739339,5841,-3302,25,-21,40,292889,51,0.58,0.362078,20,2,9,11,11,4,300.313,204,300.775,225,
125200,300.65,300.7,300.75,300.65,300.7,209,209,0.0500183,0.0400146,-0.0499878,0.149963,0.150024,300.4,300.636,0.155172,53.2567,34.0005,-0.00573324,5837,-3303,16,-10,26,292889,0,0.39,0.362198,20,2,9,12,10,3,300.313,204,300.775,225,
125300,300.65,300.7,300.7,300.65,300.688,357,357,0.0500183,0.0400146,0.0500183,0.157849,0.157913,300.4,300.649,0.155082,62.3542,40.0031,-0.00541179,5840,-3313,9,-3,17,292757,-132,0.5,0.36279,20,2,9,12,10,2,300.313,204,300.775,225,
125400,300.75,300.7,300.75,300.65,300.7,401,-401,-0.0499878,0.0400085,-0.0499573,0.210465,0.105265,300.45,300.663,0.155292,53.5721,42.0041,-0.00432943,5872,-3312,-1,10,68,292762,5,0.4,0.362949,20,2,9,13,9,2,300.362,208,300.775,225,
125500,300.7,300.7,300.75,300.7,300.713,117,-117,0,0.0400085,-0.0999451,0.166616,0.111111,300.45,300.676,0.155344,49.3482,44.0051,-0.00302327,5831,-3312,-8,10,31,292692,-70,0.41,0.363149,20,2,10,12,9,2,300.362,208,300.775,225,
125600,300.7,300.7,300.75,300.65,300.7,360,360,0,0.0300049,0.0500488,0.187436,0.0625167,300.5,300.688,0.155037,60.6799,53.3408,-0.00316569,5906,-3337,-9,7,74,292770,78,0.43,0.363432,20,2,9,12,9,3,300.362,208,300.775,225,
125700,300.7,300.7,300.7,300.65,300.688,170,170,0,0.0200012,3.05E-05,0.214202,0.0714441,300.55,300.695,0.153306,31.2199,53.3423,-0.00379638,5886,-3350,1,-3,31,292791,21,0.42,0.363671,20,2,9,12,9,3,300.362,208,300.775,225,
125800,300.65,300.65,300.65,300.6,300.637,441,441,0,0.00999756,0.0500488,0.199927,0.133325,300.6,300.697,0.149614,29.1299,50.0061,-0.00651042,6107,-3470,38,-24,49,292734,-57,0.33,0.363529,20,2,9,12,10,4,300.387,209,300.775,225,
125900,300.65,300.6,300.65,300.6,300.612,276,-276,-0.0499878,0.00999756,-0.0499573,0.142807,0.142851,300.65,300.694,0.142458,17.2046,40.0046,-0.00884603,6108,-3488,38,-26,67,292714,-20,0.35,0.363473,20,2,9,12,10,4,300.4,211,300.775,225,
130000,300.6,300.65,300.65,300.6,300.637,95,95,0.0499878,0.0199951,3.05E-05,0.142814,0.142857,300.6,300.691,0.132373,23.2085,36.6684,-0.00811361,6116,-3501,39,-26,76,292751,37,0.39,0.363583,20,2,9,11,10,4,300.4,211,300.775,225,
130100,300.6,300.65,300.65,300.6,300.637,160,160,0.0499878,0.0299927,0.100037,0.14282,0.142863,300.6,300.689,0.123773,29.7784,29.999,-0.00669759,6082,-3515,30,-29,33,292773,22,0.36,0.363568,20,2,9,11,10,4,300.413,214,300.775,225,
130200,300.65,300.6,300.65,300.6,300.612,19,-19,-0.0499878,0.0399902,3.05E-05,0.076905,0.153857,300.6,300.681,0.107193,11.4322,19.9959,-0.00611979,6073,-3513,34,-28,33,292779,6,0.37,0.363595,20,2,8,10,10,4,300.413,214,300.775,225,
130300,300.65,300.65,300.65,300.55,300.625,598,598,0,0.0399902,-0.0499878,0.071413,0.214326,300.6,300.676,0.0945836,48.4948,23.3306,-0.00470378,6148,-3556,34,-31,32,292787,8,0.3,0.363333,20,2,8,10,10,5,300.413,214,300.775,225,
130400,300.65,300.65,300.65,300.6,300.637,100,100,0,0.0299927,0,0,0.23082,300.6,300.672,0.0842535,48.4948,33.3306,-0.00314535,6176,-3577,41,-32,80,292751,-36,0.31,0.363115,20,2,9,10,9,5,300.45,215,300.775,225,
130500,300.6,300.65,300.65,300.6,300.637,507,507,0.0499878,0.0299927,0.0499878,0,0.23082,300.6,300.665,0.0671498,48.4948,36.6653,-0.00194906,6178,-3584,10,-16,25,292850,99,0.32,0.362939,20,2,9,9,9,5,300.475,216,300.775,225,
130600,300.65,300.65,300.7,300.65,300.663,180,-180,0,0.0199951,0.0499878,0.0833672,0.166684,300.6,300.664,0.060305,48.4948,43.332,0.000138346,6167,-3609,8,-17,22,292826,-24,0.33,0.362805,20,2,10,10,9,5,300.537,217,300.775,225,
130700,300.65,300.65,300.7,300.65,300.663,144,-144,0,0.00999756,0.0499878,0.0833672,0.166684,300.6,300.663,0.0544606,48.4948,56.664,0.00111084,6169,-3613,7,-16,-81,292839,13,0.36,0.362794,20,2,9,9,9,5,300.6,218,300.775,225,
130800,300.65,300.65,300.65,300.6,300.637,416,416,0,0.00999756,0.0499878,0.0909494,0.181843,300.6,300.662,0.0515053,70.1419,59.9959,0.000211589,6172,-3628,12,-16,-76,292786,-53,0.39,0.362903,20,2,8,8,10,6,300.612,242,300.775,225,
130900,300.6,300.6,300.6,300.55,300.588,34,34,0,0.00999756,0.0999756,0.0833672,0.250051,300.6,300.656,0.04899,92.896,56.664,-0.002771,6199,-3649,18,-19,-65,292821,35,0.39,0.363012,20,2,7,7,11,7,300.588,249,300.775,225,
131000,300.55,300.6,300.6,300.55,300.588,4,4,0.0500183,0.0100037,0.100006,0.083363,0.250038,300.55,300.651,0.0487843,91.8592,53.332,-0.0043457,6172,-3654,3,-14,-49,292832,11,0.46,0.3634,20,2,6,6,11,7,300.588,250,300.775,225,
131100,300.55,300.6,300.65,300.55,300.6,186,186,0.0500183,0.0200073,0.100037,0.15385,0.230798,300.55,300.648,0.0491081,91.8592,46.668,-0.00400391,6239,-3690,9,-16,-11,292788,-44,0.46,0.363785,20,2,6,7,10,7,300.588,250,300.775,225,
131200,300.65,300.7,300.7,300.6,300.675,251,251,0.0500183,0.030011,0.200043,0.214308,0.214308,300.55,300.647,0.0472046,96.1501,53.336,0.000520834,6411,-3729,33,-20,90,292893,105,0.51,0.364365,20,2,6,7,10,7,300.588,250,300.775,225,
131300,300.7,300.6,300.7,300.6,300.625,231,-231,-0.100006,0.0500122,0.100037,0.214308,0.142857,300.55,300.644,0.0466256,48.6467,46.6721,0.0011027,6333,-3718,23,-15,16,292921,28,0.41,0.364545,20,2,6,7,9,7,300.588,250,300.775,225,
131400,300.6,300.6,300.6,300.55,300.588,231,231,0,0.0500122,0.100037,0.214298,0.214298,300.55,300.638,0.0475006,48.6467,46.6721,-0.000651042,6313,-3702,20,-12,17,292988,67,0.35,0.364488,20,2,6,7,9,7,300.588,254,300.775,225,
131500,300.6,300.6,300.6,300.55,300.588,92,92,0,0.0400085,0.0500488,0.214289,0.214289,300.55,300.632,0.0478806,48.6467,46.6721,-0.00193278,6191,-3686,2,-8,-53,292952,-36,0.43,0.364745,20,2,5,6,9,7,300.588,255,300.713,235,
131600,300.6,300.65,300.65,300.55,300.625,180,180,0.0499878,0.0400024,0.100037,0.199967,0.200008,300.55,300.628,0.047868,61.9268,53.336,-0.000972494,6208,-3691,1,-6,-39,292954,2,0.46,0.365117,20,2,5,7,9,6,300.588,255,300.713,235,
131700,300.6,300.6,300.65,300.6,300.612,161,-161,0,0.0299988,0.100037,0.199976,0.200016,300.55,300.624,0.0478282,50.2936,40.0041,-0.000240072,6215,-3690,6,-5,-19,292943,-11,0.47,0.365525,20,2,6,7,8,6,300.588,255,300.713,235,
131800,300.6,300.65,300.7,300.6,300.65,179,179,0.0499878,0.0199951,0.150024,0.24999,0.125033,300.55,300.625,0.0460079,58.8822,46.668,0.00217692,6218,-3691,-3,0,-23,292960,17,0.42,0.365736,20,2,5,8,7,6,300.588,255,300.713,235,
131900,300.65,300.8,300.8,300.65,300.762,507,507,0.149994,0.0499939,0.300018,0.352899,0.0588404,300.55,300.633,0.0500958,74.0268,60,0.00840251,6234,-3710,-25,2,6,292907,-53,0.28,0.365405,20,2,6,8,7,6,300.588,255,300.762,259,
132000,300.8,300.6,300.8,300.6,300.65,263,-263,-0.199982,0.0899902,0.0500183,0.299979,0.100003,300.55,300.633,0.0489702,63.0401,57.3334,0.00565186,6150,-3692,-26,3,-91,292937,30,0.37,0.365423,20,2,6,8,6,7,300.588,255,300.762,259,
132100,300.6,300.65,300.65,300.6,300.637,28,28,0.0499878,0.0899902,0.0499878,0.263155,0.105268,300.55,300.633,0.0473763,63.6149,52.002,0.00265706,6151,-3692,-23,1,-223,292957,20,0.43,0.365671,20,2,6,8,7,7,300.588,255,300.762,259,
132200,300.65,300.55,300.65,300.55,300.575,222,-222,-0.100006,0.109991,-0.100037,0.210504,0.157918,300.55,300.631,0.0463799,50.4859,45.3339,-0.00279134,6162,-3722,-4,-5,-175,292986,29,0.36,0.365649,20,2,6,7,7,8,300.575,262,300.762,259,
132300,300.55,300.6,300.6,300.55,300.588,172,172,0.0500183,0.109998,0.0499878,0.222196,0.166689,300.55,300.629,0.0456037,62.2707,36.0034,-0.00532633,6152,-3740,-8,-7,-199,292983,-3,0.34,0.365551,20,2,6,7,7,8,300.575,262,300.762,259,
132400,300.6,300.6,300.6,300.55,300.588,39,39,0,0.0799988,0.0499878,0.222196,0.111115,300.55,300.627,0.0458284,62.2707,20.0049,-0.00510661,5921,-3741,-42,-7,-325,292992,9,0.46,0.365909,20,2,6,6,7,8,300.575,262,300.762,259,
132500,300.6,300.55,300.6,300.55,300.563,68,-68,-0.0500183,0.0500061,-3.05E-05,0.222196,0.111115,300.55,300.623,0.0470039,59.8925,16.0034,-0.00527751,5873,-3807,-49,-16,-451,292998,6,0.4,0.366038,20,2,5,6,7,8,300.563,265,300.762,259,
132600,300.55,300.6,300.6,300.55,300.588,76,76,0.0500183,0.0500122,0,0.176456,0.117649,300.55,300.619,0.0476859,57.4039,12.0044,-0.00329997,5928,-3837,-43,-18,-434,293017,19,0.38,0.36609,20,2,5,6,7,7,300.563,265,300.762,259,
132700,300.6,300.55,300.65,300.55,300.575,159,-159,-0.0500183,0.0400146,-0.0500183,0.222188,0.111111,300.55,300.615,0.0482027,57.473,12.0044,-0.00249023,5927,-3850,-31,-22,-450,293006,-11,0.4,0.366217,20,2,5,7,6,7,300.563,265,300.762,259,
132800,300.55,300.55,300.6,300.55,300.563,249,-249,0,0.030011,-0.100006,0.176414,0.117645,300.55,300.611,0.0488054,52.3813,8.00293,-0.00227865,6043,-3924,-15,-33,-405,292961,-45,0.52,0.366791,20,2,5,7,6,6,300.563,268,300.762,259,
132900,300.6,300.55,300.6,300.55,300.563,64,-64,-0.0500183,0.0400146,-0.300018,0.0666423,0.133325,300.55,300.61,0.0470088,27.9336,4.00146,-0.00179037,6052,-3930,-15,-29,-336,293000,39,0.54,0.367435,20,2,5,7,6,6,300.563,269,300.762,259,
133000,300.55,300.6,300.6,300.55,300.588,189,189,0.0500183,0.0400146,-0.0500183,0.0832952,0.083346,300.55,300.61,0.0448841,50.8757,14.0045,-0.000240071,6376,-4169,32,-61,-252,293024,24,0.54,0.368074,20,2,5,7,6,6,300.563,269,300.762,259,
133100,300.65,300.65,300.65,300.6,300.637,354,354,0,0.030011,-0.100006,0.16659,0.083346,300.55,300.612,0.043839,63.7922,30.0031,0.00321045,6377,-4170,65,-61,-233,293118,94,0.51,0.368598,20,2,6,8,6,6,300.563,269,300.762,259,
133200,300.65,300.6,300.65,300.6,300.612,409,-409,-0.0499878,0.0300049,-0.0499878,0.181737,0,300.55,300.609,0.0436524,55.4312,40.0061,0.00383301,6345,-4180,67,-53,-247,293395,277,0.43,0.368824,20,2,6,8,6,6,300.563,269,300.762,259,
133300,300.6,300.55,300.65,300.55,300.575,153,-153,-0.0500183,0.0400085,-0.150024,0.166599,0.0833503,300.55,300.606,0.0438902,43.9641,40.0061,0.00193278,6349,-4168,60,-47,1,293448,53,0.48,0.369231,20,2,6,8,6,6,300.563,269,300.762,259,
133400,300.55,300.6,300.6,300.55,300.588,194,194,0.0500183,0.0400085,-0.100006,0.166599,0.0833503,300.55,300.606,0.042454,50.7496,50.0092,0.00090332,6267,-4148,48,-42,53,293423,-25,0.45,0.369526,20,2,5,8,7,6,300.563,269,300.762,259,
133500,300.6,300.65,300.65,300.55,300.625,88,88,0.0499878,0.0400024,0,0.230683,0.0769411,300.55,300.608,0.0410867,55.549,60.0061,0.00186361,6250,-4131,29,-29,28,293416,-7,0.51,0.370036,20,2,5,9,7,6,300.563,269,300.762,259,
133600,300.6,300.65,300.7,300.6,300.65,255,255,0.0499878,0.05,-3.05E-05,0.285658,0.0714473,300.55,300.609,0.0420008,53.364,53.3381,0.00384521,6201,-4116,21,-26,8,293421,5,0.42,0.370217,20,2,5,9,7,6,300.563,269,300.762,259,
133700,300.65,300.6,300.65,300.6,300.612,2,-2,-0.0499878,0.05,0,0.23074,0.0769447,300.55,300.609,0.0419967,59.3953,50.0031,0.00307617,6260,-4175,-16,0,-34,293412,-9,0.61,0.371083,20,2,5,9,8,6,300.563,269,300.762,259,
133800,300.6,300.7,300.75,300.6,300.688,579,579,0.100006,0.0599976,0.100006,0.33332,0.0666884,300.55,300.611,0.044635,71.3436,65.0046,0.00549316,6424,-4234,6,-9,68,293307,-105,0.51,0.371583,20,2,5,10,7,5,300.563,269,300.762,259,
133900,300.65,300.7,300.7,300.65,300.688,13,13,0.0500183,0.0599976,0.200043,0.33332,0.0666884,300.55,300.608,0.0398699,71.3436,70.0031,0.00602214,6390,-4242,6,-8,-59,293312,5,0.53,0.372151,20,2,6,10,7,4,300.563,269,300.762,259,
134000,300.65,300.65,300.7,300.6,300.65,537,-537,0,0.05,0.150024,0.312493,0.125005,300.55,300.608,0.0402939,52.4628,60.0031,0.00384928,6514,-4291,23,-17,16,293434,122,0.46,0.372464,20,2,6,10,7,5,300.563,269,300.762,259,
134100,300.65,300.7,300.75,300.65,300.7,413,413,0.0500183,0.0500061,0.200043,0.294105,0.117649,300.55,300.611,0.0449757,53.6455,61.6726,0.00448812,6689,-4385,60,-33,139,293536,102,0.5,0.372918,20,2,7,10,7,5,300.563,269,300.762,259,
134200,300.65,300.65,300.7,300.6,300.65,297,-297,0,0.0400085,0.250031,0.277761,0.16665,300.55,300.614,0.0443978,56.2994,65.0046,0.00158285,6566,-4321,45,-27,64,293525,-11,0.46,0.373227,20,2,6,9,8,6,300.563,269,300.762,259,
134300,300.65,300.65,300.65,300.6,300.637,409,409,0,0.0200073,0.300049,0.294105,0.117613,300.55,300.617,0.0433434,60.3807,60.0031,-0.000748698,6549,-4299,49,-26,131,293559,34,0.36,0.37318,20,2,6,9,9,6,300.563,269,300.762,259,
134400,300.65,300.65,300.7,300.65,300.663,169,-169,0,0.0100037,0.250031,0.352948,0.117613,300.55,300.621,0.043471,56.3702,55.0015,-0.000724284,6529,-4300,38,-17,110,293530,-29,0.43,0.37338,20,2,7,10,8,5,300.563,269,300.762,259,
134500,300.7,300.7,300.7,300.65,300.688,58,58,0,0.0100037,0.200043,0.312519,0.124962,300.55,300.627,0.0434729,55.6767,58.3362,0.000321452,6387,-4173,-5,8,129,293513,-17,0.54,0.373965,20,2,7,10,8,5,300.563,269,300.762,259,
134600,300.7,300.75,300.75,300.7,300.737,358,358,0.0499878,0.00999756,0.200043,0.33332,0.133295,300.55,300.634,0.0481123,62.7491,63.3347,0.00352376,6554,-4092,23,21,377,293556,43,0.5,0.374406,20,2,8,10,8,5,300.563,269,300.762,259,
134700,300.75,300.75,300.75,300.7,300.737,285,285,0,0.00999756,0.250031,0.33332,0.133295,300.55,300.643,0.0517401,62.805,73.3347,0.00484212,6881,-4357,52,-9,334,293517,-39,0.57,0.375087,20,2,7,10,8,5,300.563,269,300.762,259,
134800,300.7,300.75,300.85,300.7,300.763,646,646,0.0499878,0.0199951,0.200012,0.33332,0.133295,300.55,300.652,0.0568285,49.8549,75.3342,0.00571696,6804,-4338,16,6,318,293587,70,0.34,0.374965,20,2,7,10,8,5,300.563,269,300.763,288,
134900,300.75,300.7,300.75,300.65,300.7,391,-391,-0.0499878,0.0299927,0.100006,0.312493,0.187488,300.55,300.659,0.0567304,40.3641,73.3347,0.00222982,6818,-4362,36,-5,233,293562,-25,0.35,0.374879,20,2,6,9,9,6,300.563,269,300.763,288,
135000,300.65,300.6,300.65,300.6,300.612,406,-406,-0.0499878,0.0399902,0.0500183,0.312493,0.187488,300.55,300.661,0.0572661,43.1144,60,-0.0045817,6895,-4366,49,-9,225,293473,-89,0.53,0.375414,20,2,6,9,10,6,300.563,269,300.763,288,
135100,300.6,300.65,300.65,300.6,300.637,157,157,0.0499878,0.0399902,0.0499878,0.266683,0.199992,300.55,300.661,0.0573887,34.3765,43.999,-0.00693359,6821,-4369,41,-9,207,293478,5,0.39,0.375464,20,2,6,9,9,6,300.563,269,300.763,288,
135200,300.65,300.55,300.65,300.55,300.575,195,-195,-0.100006,0.0599915,-0.0500183,0.266683,0.200033,300.55,300.659,0.05979,36.6179,23.999,-0.0102824,6730,-4392,49,-31,88,293444,-34,0.41,0.375582,20,2,6,9,9,6,300.563,269,300.763,288,
135300,300.55,300.4,300.6,300.3,300.425,1052,-1052,-0.149994,0.0799927,-0.200012,0.200006,0.400012,300.55,300.651,0.0769578,21.9047,15.636,-0.0173584,6768,-4400,30,-44,139,293352,-92,0.53,0.376109,20,2,6,9,9,7,300.425,293,300.763,288,
135400,300.35,300.4,300.5,300.3,300.4,1323,1323,0.0499878,0.0799927,-0.150024,0.130427,0.34784,300.35,300.642,0.0939198,21.9047,11.272,-0.0202799,6870,-4499,-1,-20,157,293203,-149,0.48,0.376463,20,2,6,9,10,7,300.4,294,300.763,288,
135500,300.4,300.35,300.5,300.35,300.388,445,-445,-0.0499878,0.0799927,-0.200012,0.119995,0.32002,300.35,300.63,0.10706,17.1529,13.0907,-0.0202067,7026,-4625,31,-41,-61,293082,-121,0.44,0.376678,20,2,7,9,10,7,300.388,295,300.763,288,
135600,300.4,300.4,300.45,300.35,300.4,446,-446,0,0.0699951,-0.25,0.0769267,0.307707,300.35,300.617,0.117237,19.4993,12.7282,-0.0163452,7103,-4571,40,-29,8,293216,134,0.47,0.376993,20,2,7,9,11,7,300.388,295,300.763,288,
135700,300.45,300.4,300.45,300.35,300.4,414,-414,-0.0500183,0.0599976,-0.300018,0.0740766,0.296306,300.35,300.607,0.126024,19.4993,16.3646,-0.0111735,7244,-4644,49,-39,134,293184,-32,0.42,0.377138,20,2,7,8,11,7,300.388,295,300.763,288,
135800,300.4,300.45,300.5,300.4,300.45,329,329,0.0500183,0.0400024,-0.299988,0.0384507,0.3077,300.35,300.595,0.129127,27.2399,19.3958,-0.00455322,7235,-4655,59,-40,124,293070,-114,0.32,0.376946,20,2,8,9,10,7,300.388,295,300.763,288,
135900,300.4,300.4,300.45,300.35,300.4,261,-261,0,0.0300049,-0.25,0.0384507,0.307676,300.35,300.581,0.134229,28.319,21.4738,-0.00247803,7244,-4698,73,-43,17,293058,-12,0.39,0.37699,20,2,8,9,11,8,300.388,295,300.763,288,
140000,300.4,300.4,300.45,300.35,300.4,537,-537,0,0.0200073,-0.200012,0.0384507,0.269225,300.35,300.568,0.13907,32.3065,25.3696,-0.0010498,7250,-4689,68,-41,109,293151,93,0.51,0.377433,20,2,8,9,11,8,300.388,295,300.763,288,
140100,300.4,300.35,300.4,300.35,300.362,516,-516,-0.0499878,0.0300049,-0.299988,0.0384507,0.269225,300.35,300.551,0.143682,23.8902,24.5912,-0.0016927,7398,-4789,75,-41,271,293133,-18,0.38,0.377442,20,2,7,8,12,8,300.362,301,300.763,288,
140200,300.35,300.4,300.45,300.35,300.4,203,203,0.0499878,0.0299988,-0.149994,0.0769249,0.230751,300.35,300.539,0.146779,30.0744,27.6214,2.44E-05,7339,-4791,44,-23,180,293132,-1,0.47,0.377748,20,2,7,9,12,8,300.362,301,300.763,288,
140300,300.45,300.35,300.5,300.3,300.375,846,-846,-0.100006,0.0399963,-0.100006,0.0833355,0.0833355,300.35,300.526,0.150142,32.11,25.9554,0.00073649,7427,-4808,46,-33,248,293130,-2,0.4,0.377822,20,2,7,10,12,8,300.362,301,300.763,288,
140400,300.35,300.3,300.35,300.2,300.287,1443,-1443,-0.0500183,0.05,-0.200012,0.08696,0.173893,300.35,300.507,0.157907,21.7908,26.9062,-0.00250651,7455,-4890,30,-35,164,293080,-50,0.32,0.377632,20,2,7,10,12,9,300.287,304,300.763,288,
140500,300.3,300.3,300.35,300.25,300.3,520,-520,0,0.05,-0.150024,0.0909116,0.181795,300.3,300.487,0.162888,24.189,27.857,-0.00300293,7426,-4859,27,-29,35,293090,10,0.44,0.377836,20,2,8,9,12,9,300.287,304,300.763,288,
140600,300.3,300.3,300.35,300.25,300.3,435,-435,0,0.0400024,-0.150024,0.0909116,0.181795,300.3,300.466,0.16557,14.79,31.6641,-0.00258789,7169,-4778,-10,-11,-209,293128,38,0.35,0.377745,20,2,7,8,12,9,300.287,304,300.763,288,
140700,300.3,300.3,300.35,300.3,300.313,216,-216,0,0.0300049,-0.100006,0.0952395,0.19045,300.3,300.444,0.166782,14.79,31.6628,-0.000508629,7387,-4813,19,-17,-6,293176,48,0.39,0.377785,20,2,8,8,11,9,300.287,304,300.763,288,
140800,300.3,300.35,300.35,300.25,300.325,417,417,0.0500183,0.0200073,-0.100006,0.0476343,0.238055,300.3,300.422,0.166506,16.8208,36.6612,0.00234374,7297,-4756,-14,4,-5,293036,-140,0.43,0.377955,20,2,8,7,11,10,300.287,304,300.763,288,
140900,300.35,300.3,300.35,300.3,300.313,80,-80,-0.0500183,0.0200073,-0.150024,0.0500153,0.199969,300.3,300.403,0.167378,17.6898,36.6612,0.00340576,7094,-4695,-35,13,-162,293003,-33,0.41,0.378058,20,2,8,7,10,10,300.287,304,300.763,288,
141000,300.3,300.3,300.35,300.25,300.3,533,-533,0,0.0200073,-0.150024,0.0500153,0.249954,300.3,300.388,0.168231,17.6898,36.6612,0.00340169,7121,-4735,-43,10,-223,292964,-39,0.5,0.378452,20,2,8,7,10,10,300.287,304,300.763,288,
141100,300.3,300.3,300.35,300.25,300.3,642,-642,0,0.0200073,-0.100037,0.0476329,0.238048,300.3,300.371,0.16886,20.744,36.6612,0.00333659,7370,-4700,-12,27,122,292975,11,0.52,0.378907,20,2,7,6,10,10,300.287,304,300.763,288,
141200,300.25,300.25,300.3,300.25,300.263,399,-399,0,0.0200073,-0.150024,0,0.249954,300.25,300.355,0.169172,13.0928,33.3286,0.00165609,7420,-4744,0,16,57,293020,45,0.27,0.378558,20,2,7,6,10,9,300.263,312,300.763,288,
141300,300.25,300.05,300.3,300.05,300.112,971,-971,-0.200012,0.0500061,-0.250031,0,0.3809,300.25,300.339,0.168429,12.6013,23.3286,-0.00583903,7528,-4827,51,-7,136,292978,-42,0.37,0.37853,20,2,7,6,9,10,300.112,313,300.763,288,
141400,300.1,300.1,300.15,300.1,300.112,723,-723,0,0.0400024,-0.200012,0,0.299969,300.1,300.325,0.166173,44.0162,19.9976,-0.00897624,7365,-4831,-3,-2,-33,292889,-89,0.44,0.378726,20,2,7,5,10,10,300.112,314,300.763,288,
141500,300.1,300.15,300.25,300.1,300.163,1486,1486,0.0499878,0.05,-0.150024,0.0952395,0.285689,300.1,300.314,0.161401,64.4256,19.999,-0.00665283,7361,-4811,9,-7,159,293133,244,0.24,0.378286,20,2,7,6,10,10,300.112,314,300.763,288,
141600,300.2,300.05,300.2,300,300.075,1108,-1108,-0.150024,0.0800049,-0.300049,0.0869577,0.347804,300.1,300.297,0.161176,50.6591,16.1901,-0.0072754,7408,-4895,44,-28,-61,292954,-179,0.34,0.378165,20,2,6,5,11,11,300.075,316,300.763,288,Buy PUT(Escape flat)
141700,300.05,300.05,300.05,299.9,300.012,1659,1659,0,0.0800049,-0.300049,0.0800029,0.39999,300.05,300.278,0.166451,50.6591,19.5236,-0.00832113,7473,-4915,50,-25,17,293046,92,0.48,0.378486,20,2,6,5,12,12,300.012,317,300.763,288,
141800,300.05,300.15,300.2,300,300.125,1243,1243,0.100006,0.0600037,-0.250061,0.185203,0.333333,300.05,300.262,0.166459,57.4376,30.6344,-0.00259603,7527,-4966,22,-38,162,293110,64,0.31,0.37827,20,2,7,5,12,12,300.012,317,300.7,289,
141900,300.15,300.15,300.2,300.15,300.163,476,-476,0,0.0600037,-0.200043,0.185203,0.333333,300.05,300.25,0.162555,58.2129,38.4109,0.00325114,7540,-5006,17,-37,148,293070,-40,0.31,0.378056,20,2,8,5,11,11,300.012,317,300.637,291,
142000,300.15,300.15,300.2,300.1,300.15,215,-215,0,0.0500061,-0.200043,0.185203,0.333333,300.05,300.237,0.159353,58.2129,42.855,0.00696208,7481,-5010,-6,-26,-199,292991,-79,0.5,0.378437,20,2,8,5,10,11,300.012,317,300.637,291,
142100,300.15,300.25,300.3,300.15,300.237,310,310,0.100006,0.0400024,-0.100037,0.25,0.321432,300.05,300.231,0.153916,60.2895,57.4992,0.0127441,7387,-4946,3,-16,-235,292985,-6,0.42,0.378567,20,2,9,6,10,11,300.012,317,300.575,292,
142200,300.2,300.2,300.25,300.15,300.2,516,516,0,0.0400024,-0.100037,0.241376,0.310344,300.05,300.221,0.150831,59.1805,65.8341,0.0124756,7389,-4936,4,-17,-248,293018,33,0.33,0.378416,20,2,9,6,11,10,300.012,317,300.45,298,
142300,300.2,300.2,300.25,300.15,300.2,134,134,0,0.0200012,0.0999756,0.269225,0.1923,300.05,300.212,0.147465,69.8495,69.7245,0.0112142,7318,-4905,-12,-1,-121,293049,31,0.37,0.37839,20,2,9,6,10,9,300.012,317,300.45,298,
142400,300.25,300.2,300.25,300.2,300.213,277,-277,-0.0499878,0.0299988,0.0499878,0.279998,0.199995,300.05,300.209,0.138749,65.1751,73.6148,0.0102214,7349,-4884,-17,4,-85,293038,-11,0.39,0.378426,20,2,10,6,9,9,300.012,317,300.45,298,
142500,300.25,300.25,300.3,300.2,300.25,482,0,0,0.0299988,0,0.249987,0.208331,300.05,300.206,0.132626,55.62,80.0046,0.0103109,7442,-4950,-12,2,-21,293009,-29,0.45,0.378646,20,2,9,7,9,9,300.012,317,300.45,298,
142600,300.25,300.3,300.3,300.25,300.287,422,422,0.0499878,0.0199951,0.200012,0.285706,0.142853,300.05,300.206,0.128532,82.6431,82.504,0.011792,7461,-4968,-11,5,-65,292967,-42,0.33,0.378497,20,2,10,7,8,9,300.012,317,300.45,298,
142700,300.3,300.3,300.35,300.25,300.3,476,-476,0,0.0199951,0.200012,0.350006,0.0499878,300.05,300.205,0.12711,82.6431,84.6447,0.0122396,7623,-4975,20,5,87,293011,44,0.44,0.378685,20,2,10,8,8,9,300.012,317,300.45,298,
142800,300.3,300.2,300.3,300.2,300.225,629,-629,-0.0999756,0.0399902,3.05E-05,0.222211,0.111089,300.05,300.2,0.125111,51.4657,77.6441,0.00775553,7651,-4977,37,-4,140,293058,47,0.47,0.378963,20,2,9,7,9,10,300.012,317,300.4,302,
142900,300.15,300.2,300.2,300.15,300.188,417,417,0.0500183,0.0399963,0.0500488,0.222211,0.166667,300.05,300.194,0.123632,51.4657,70.6434,0.00242106,7660,-5005,38,-9,184,292983,-75,0.43,0.379119,20,2,9,7,9,10,300.012,317,300.4,302,
143000,300.2,300.15,300.2,300.15,300.163,44,-44,-0.0500183,0.05,3.05E-05,0.235279,0.117658,300.05,300.187,0.122157,50.5236,53.1428,-0.00201416,7763,-4995,63,-12,327,292951,-32,0.55,0.379636,20,2,9,7,9,10,300.012,317,300.4,302,
143100,300.15,300.15,300.15,300.1,300.137,587,587,0,0.0400024,-0.0999756,0.133347,0.2,300.05,300.179,0.121558,43.1956,37.1419,-0.00496419,7904,-5042,79,-22,409,293024,73,0.35,0.379547,20,2,9,7,9,11,300.012,317,300.4,302,
143200,300.15,300.1,300.15,300.1,300.112,16,-16,-0.0499878,0.05,-0.149963,0.142876,0.214292,300.05,300.171,0.120561,56.7515,20,-0.00633138,7893,-5021,64,-10,459,293030,6,0.38,0.379548,20,2,9,6,9,11,300.012,317,300.375,303,
143300,300.1,300.1,300.15,300.05,300.1,467,467,0,0.0300049,-0.149963,0.142876,0.285752,300.05,300.171,0.112523,56.7515,15.3339,-0.00651855,7869,-5040,58,-10,364,292992,-38,0.44,0.37973,20,2,9,5,9,11,300.012,317,300.325,308,
143400,300.1,300.2,300.2,300.1,300.175,409,409,0.100006,0.0400024,3.05E-05,0.200041,0.266694,300.05,300.174,0.102441,65.585,17.3344,-0.00206706,7871,-5038,35,-9,341,292955,-37,0.46,0.37997,20,2,10,6,8,10,300.012,317,300.325,308,
143500,300.2,300.15,300.2,300.15,300.163,144,-144,-0.0500183,0.0400024,-0.0499878,0.142907,0.285727,300.05,300.174,0.0970327,49.9407,24.0011,0.000533041,7894,-5065,34,-12,336,292922,-33,0.47,0.380239,20,2,10,6,8,10,300.012,317,300.325,308,
143600,300.15,300.15,300.2,300.15,300.163,200,-200,0,0.0400024,-0.0999756,0.142901,0.285714,300.05,300.178,0.0844341,32.9271,26.6687,0.00216064,7846,-5060,26,-7,138,292921,-1,0.57,0.380804,20,2,10,6,8,10,300.012,317,300.325,308,
143700,300.15,300.2,300.2,300.15,300.188,427,427,0.0500183,0.0400085,-0.0499573,0.0769447,0.307685,300.05,300.187,0.0571116,50.0865,38.6707,0.00391439,7883,-5096,17,-14,113,292923,2,0.51,0.381187,20,2,9,6,8,10,300.012,317,300.325,308,
143800,300.2,300.2,300.2,300.15,300.188,140,140,0,0.0400085,0.0500183,0.0833503,0.25,300.1,300.19,0.0470081,80.3853,55.3363,0.00412191,8275,-5168,53,-18,452,292942,19,0.44,0.381361,20,2,9,6,8,9,300.012,317,300.313,309,
143900,300.25,300.25,300.25,300.2,300.237,419,419,0,0.0200073,0,0.166658,0.166658,300.1,300.194,0.0440572,86.0191,65.3353,0.00638835,8307,-5193,59,-24,346,292932,-10,0.56,0.381888,20,2,9,7,8,9,300.012,317,300.3,327,
144000,300.25,300.25,300.25,300.2,300.237,37,37,0,0.0100037,0.0500183,0.166667,0.166667,300.1,300.198,0.0402562,88.6937,78.6686,0.00705566,8278,-5170,58,-18,246,292935,3,0.43,0.382029,20,2,9,7,8,8,300.012,317,300.3,327,
144100,300.25,300.2,300.25,300.15,300.2,302,-302,-0.0499878,0.0200012,3.05E-05,0.153843,0.153889,300.1,300.196,0.0402622,73.0931,87.0035,0.00486247,8163,-5111,41,-10,180,293050,115,0.4,0.382082,20,2,9,7,8,9,300.012,317,300.3,327,
144200,300.15,300.25,300.25,300.15,300.225,109,109,0.100006,0.0299988,0.150024,0.142851,0.142895,300.1,300.198,0.0402093,75.3596,95.0015,0.00417074,8016,-5038,17,3,149,293043,-7,0.44,0.382251,20,2,9,7,7,9,300.012,317,300.3,327,
144300,300.2,300.15,300.25,300.15,300.175,133,-133,-0.0500183,0.0400024,0.100006,0.142851,0.0714473,300.1,300.196,0.0402156,70.2013,81.6668,0.00082194,8048,-5030,28,4,185,293055,12,0.61,0.382915,20,2,9,7,7,8,300.012,317,300.3,327,
144400,300.15,300.2,300.25,300.15,300.2,276,276,0.0500183,0.0500061,0.0500183,0.0714037,0.0714473,300.1,300.196,0.0401881,68.0124,71.6699,0.000231934,8148,-5125,37,-4,194,293029,-26,0.58,0.383488,20,2,8,7,6,8,300.012,317,300.3,327,
144500,300.2,300.25,300.3,300.2,300.25,432,432,0.0499878,0.0600037,0.150024,0.133295,0.0666884,300.1,300.196,0.0408293,79.2672,65.0046,0.00250651,8243,-5155,-4,1,302,293006,-23,0.55,0.383971,20,2,9,7,6,8,300.012,317,300.3,327,
144600,300.25,300.3,300.35,300.25,300.3,1022,1022,0.0499878,0.0600037,0.200012,0.187488,0.0625215,300.1,300.196,0.043629,86.0599,65.0015,0.00588379,8287,-5183,-2,1,317,292835,-171,0.43,0.384104,20,2,10,8,5,7,300.012,317,300.3,346,
144700,300.25,300.25,300.3,300.25,300.263,17,-17,0,0.0400024,0.149994,0.187495,0.0625238,300.1,300.194,0.041389,83.324,55.0015,0.00570068,8270,-5203,-1,-4,-40,292853,18,0.47,0.384352,20,2,10,8,5,6,300.1,333,300.3,346,
144800,300.25,300.2,300.25,300.15,300.2,399,-399,-0.0499878,0.0399963,0.100006,0.176468,0.176504,300.1,300.193,0.0407401,72.632,53.3377,0.0015625,8523,-5300,51,-27,109,292797,-56,0.37,0.38431,20,2,9,7,6,7,300.1,333,300.3,346,
144900,300.15,300.15,300.2,300.1,300.15,282,-282,0,0.0299927,0.100006,0.111119,0.222237,300.1,300.191,0.0417072,61.8839,47.3337,-0.00383708,8578,-5265,80,-32,205,292842,45,0.31,0.384097,20,2,8,7,7,8,300.1,333,300.3,346,
145000,300.15,300,300.15,300,300.038,496,-496,-0.149994,0.0499939,-0.0499878,0.100006,0.300018,300.1,300.185,0.0512841,53.0379,33.999,-0.0118368,8455,-5175,58,-20,228,292842,0,0.63,0.3848,20,2,8,7,8,8,300.038,350,300.3,346,
145100,300,299.95,300.05,299.95,299.975,681,-681,-0.0499878,0.0499939,-0.0499878,0.100009,0.299997,300,300.177,0.0663316,47.819,19.0005,-0.0173787,8472,-5190,46,-9,304,292847,5,0.37,0.384758,20,2,7,6,9,9,299.975,351,300.3,346,
145200,299.95,299.9,300,299.9,299.925,476,-476,-0.0500183,0.0599976,-0.200012,0.100009,0.350017,299.95,300.168,0.0836217,41.0712,9.00055,-0.0201864,8492,-5206,35,-7,268,292725,-122,0.38,0.384744,20,2,7,6,9,10,299.925,352,300.3,346,
145300,299.9,299.95,299.95,299.85,299.925,685,685,0.0500183,0.0600037,-0.0999756,0.100009,0.400006,299.9,300.159,0.0983554,50.6818,7.99927,-0.0187419,8457,-5148,24,5,286,292659,-66,0.26,0.384391,20,2,7,6,10,11,299.925,352,300.3,346,
145400,299.95,299.85,299.95,299.85,299.875,269,-269,-0.100006,0.0800049,-0.25,0.100009,0.400006,299.9,300.144,0.114288,44.9578,4.00024,-0.0170492,8469,-5117,28,12,264,292711,52,0.38,0.384379,20,2,6,6,10,11,299.875,354,300.3,346,
145500,299.85,299.9,299.95,299.85,299.9,389,389,0.0499878,0.0600037,-0.25,0.0500183,0.399994,299.85,300.131,0.125374,44.4503,5.99976,-0.0124715,8277,-5053,-35,35,120,292738,27,0.49,0.384676,20,2,6,5,10,11,299.875,354,300.3,346,
145600,299.85,299.9,299.95,299.85,299.9,603,603,0.0499878,0.0600037,-0.25,0,0.399994,299.85,300.117,0.134452,29.066,8.22153,-0.00801188,8235,-5038,-49,32,130,292823,85,0.47,0.384916,20,2,5,5,10,11,299.875,354,300.3,346,
145700,299.9,299.85,300,299.8,299.875,656,-656,-0.0499878,0.0599976,-0.299988,0,0.391307,299.85,300.102,0.143054,24.781,10.4445,-0.00540771,8087,-4851,-52,46,13,292865,42,0.61,0.385546,20,2,5,5,10,12,299.875,357,300.3,346,
145800,299.85,299.85,299.9,299.85,299.862,117,-117,0,0.0499939,-0.25,0,0.318186,299.85,300.086,0.151194,27.2965,8.94502,-0.00339762,8169,-5035,-43,22,-179,292885,20,0.6,0.386145,20,2,6,5,10,11,299.862,358,300.3,346,
145900,299.85,299.85,299.9,299.8,299.85,382,382,0,0.0299927,-0.25,0,0.318213,299.85,300.066,0.158491,29.4057,11.8032,-0.00228678,8222,-4949,-38,36,-7,293141,256,0.54,0.386574,20,2,6,5,9,11,299.85,359,300.3,346,
150000,299.85,299.8,299.9,299.8,299.825,268,-268,-0.0500183,0.0299988,-0.150024,0,0.23812,299.85,300.046,0.165261,31.3664,9.80365,-0.00199788,8158,-4906,-42,34,-30,293068,-73,0.52,0.386944,20,2,6,5,9,11,299.825,360,300.3,346,
150100,299.8,299.65,299.85,299.65,299.7,1098,-1098,-0.149994,0.05,-0.250031,0,0.304365,299.8,300.021,0.178692,27.9675,7.58188,-0.00666097,7792,-4732,-96,55,-226,293075,7,0.29,0.386676,20,2,6,5,9,11,299.7,361,300.3,346,
150200,299.7,299.8,299.85,299.65,299.775,735,735,0.0999756,0.0599976,-0.100037,0,0.240003,299.7,299.998,0.185986,44.1264,13.9298,-0.00451253,7667,-4746,-87,43,-388,292909,-166,0.46,0.386878,20,2,6,5,9,11,299.7,361,300.3,346,
150300,299.8,299.75,299.8,299.7,299.75,460,-460,-0.0499878,0.0699951,-0.200043,0,0.20002,299.7,299.977,0.192759,29.008,17.1436,-0.00298665,7611,-4728,-89,44,-469,292865,-44,0.45,0.387052,20,2,7,5,10,10,299.7,361,300.3,346,
150400,299.75,299.85,299.9,299.75,299.837,393,393,0.100006,0.0899963,-3.05E-05,0.0769267,0.192328,299.7,299.959,0.194785,37.9375,25.7145,0.00337728,7539,-4754,-78,13,-439,292848,-17,0.53,0.387445,20,2,7,5,10,10,299.7,361,300.3,346,
150500,299.9,299.9,299.9,299.8,299.875,396,396,0,0.0799927,-0.0500183,0.0769267,0.192328,299.7,299.94,0.195096,38.0453,40,0.00960286,7496,-4782,-96,36,-483,292759,-89,0.52,0.387808,20,2,7,5,10,10,299.7,361,300.3,346,
150600,299.9,300,300,299.9,299.975,739,739,0.100006,0.0699951,0,0.153853,0.192328,299.7,299.924,0.193949,47.6991,60,0.0166667,7473,-4830,-107,17,-593,293024,265,0.52,0.388169,20,2,8,6,10,10,299.7,361,300.3,346,
150700,300,299.95,300,299.95,299.963,509,-509,-0.0499878,0.0599976,0,0.173925,0.173925,299.7,299.909,0.193708,49.2229,68.5727,0.0187134,7446,-4852,-101,7,-540,292960,-64,0.34,0.388038,20,2,9,6,10,10,299.7,361,300.3,346,
150800,300,299.9,300.05,299.85,299.925,648,-648,-0.100006,0.0700012,-0.100006,0.153857,0.230785,299.7,299.895,0.193892,43.1408,75.3583,0.0157267,7398,-4802,-56,-10,-677,292843,-117,0.34,0.387908,20,2,9,7,10,11,299.7,361,300.3,346,
150900,299.85,299.65,299.9,299.55,299.688,1214,-1214,-0.200012,0.0900024,-0.300018,0.129041,0.354853,299.7,299.872,0.19745,35.0366,67.9295,0.00127767,7493,-4820,-24,-10,-579,292745,-98,0.22,0.387453,20,2,8,6,11,12,299.688,369,300.3,346,
151000,299.6,299.5,299.6,299.5,299.525,732,-732,-0.100006,0.110004,-0.350006,0.12501,0.37501,299.6,299.846,0.207294,32.692,53.644,-0.0147949,7441,-4762,-24,-4,-381,292701,-44,0.4,0.387486,20,2,8,6,12,13,299.525,370,300.3,346,
151100,299.5,299.55,299.7,299.5,299.575,1169,1169,0.0499878,0.1,-0.150024,0.187514,0.281262,299.5,299.826,0.209874,49.0648,35.4618,-0.018929,7421,-4779,-16,-3,-279,292514,-187,0.35,0.387385,20,2,8,7,12,12,299.525,370,300.3,346,
151200,299.55,299.5,299.55,299.5,299.513,272,-272,-0.0499878,0.1,-0.299988,0.206916,0.310364,299.5,299.806,0.21326,41.2915,18.3182,-0.0200765,7336,-4764,-22,2,-311,292464,-50,0.28,0.387097,20,2,8,7,13,12,299.513,372,300.3,346,
151300,299.5,299.45,299.6,299.45,299.487,753,-753,-0.0499878,0.0899963,-0.299988,0.233362,0.300014,299.5,299.784,0.215808,39.5225,5.81802,-0.0169474,7250,-4905,-31,-10,-440,292406,-58,0.46,0.387292,20,2,8,8,13,13,299.487,373,300.3,346,
151400,299.5,299.6,299.6,299.45,299.563,523,523,0.100006,0.0699951,-0.299988,0.16669,0.300014,299.5,299.768,0.213451,40.6491,6.81778,-0.00858562,7201,-4935,-35,-11,-448,292356,-50,0.28,0.387005,20,2,8,8,13,13,299.487,373,300.3,346,
151500,299.6,299.45,299.6,299.4,299.475,594,-594,-0.149994,0.0799927,-0.449982,0.156271,0.312524,299.5,299.747,0.215346,33.9878,8.35682,-0.00673014,7147,-4946,-35,-20,-442,292365,9,0.37,0.38696,20,2,7,7,13,14,299.475,375,300.3,346,
151600,299.45,299.5,299.55,299.45,299.5,348,348,0.0499878,0.0799927,-0.5,0.0937685,0.31253,299.45,299.727,0.215829,30.1612,9.61618,-0.00293782,7240,-4961,-36,-20,-315,292447,82,0.56,0.38742,20,2,7,6,14,14,299.475,375,300.263,347,
151700,299.55,299.6,299.65,299.5,299.587,723,723,0.0500183,0.0799988,-0.399994,0.147081,0.294144,299.45,299.712,0.212199,39.6023,15.7705,0.00411377,7133,-4959,-44,-28,-422,292333,-114,0.57,0.387905,20,2,8,7,13,14,299.475,375,300.2,348,
151800,299.6,299.55,299.65,299.5,299.563,555,-555,-0.0500183,0.0800049,-0.350006,0.151537,0.242444,299.45,299.698,0.208536,40.1419,21.7702,0.00696614,7211,-4977,-30,-28,-439,292266,-67,0.46,0.388095,20,2,8,7,12,13,299.475,375,300.15,349,
151900,299.5,299.5,299.6,299.5,299.525,408,-408,0,0.0600037,-0.149994,0.178598,0.0714348,299.45,299.681,0.205531,45.4703,23.4369,0.0072225,7110,-5003,-32,-34,-572,292261,-5,0.2,0.387599,20,2,8,7,12,12,299.475,375,300.038,350,
152000,299.55,299.5,299.55,299.45,299.5,500,-500,-0.0499878,0.0400024,-0.0999756,0.185215,0.0740816,299.45,299.665,0.203347,51.6973,28.5645,0.00554606,7154,-5044,-13,-19,-532,292254,-7,0.25,0.387237,20,2,8,7,12,12,299.475,375,299.975,366,
152100,299.5,299.55,299.55,299.45,299.525,626,626,0.0499878,0.0400024,-0.0999756,0.120028,0.0800107,299.45,299.656,0.194174,46.2329,37.4869,0.00536296,7436,-5161,33,-32,-297,292110,-144,0.25,0.386877,20,2,8,7,11,11,299.475,375,299.975,366,
152200,299.55,299.55,299.55,299.5,299.537,111,111,0,0.0299988,-0.0499878,0.120028,0.0800107,299.45,299.644,0.18879,49.0088,43.3321,0.00646159,7503,-5229,50,-40,-71,292037,-73,0.3,0.386649,20,2,9,7,10,10,299.475,375,299.975,366,
152300,299.5,299.55,299.6,299.5,299.55,465,465,0.0499878,0.0299927,0.0499878,0.125029,0.0833439,299.45,299.634,0.182821,58.7782,49.3319,0.00800781,7601,-5336,51,-53,-1,291900,-137,0.25,0.386292,20,2,9,8,9,9,299.475,375,299.975,366,
152400,299.55,299.45,299.6,299.45,299.487,256,-256,-0.0999756,0.0499878,-0.149994,0.125029,0.125003,299.45,299.617,0.182538,48.3492,46.6667,0.00582276,7456,-5243,46,-40,12,291908,8,0.25,0.385938,20,2,9,8,9,10,299.475,375,299.975,366,
152500,299.45,299.5,299.5,299.45,299.487,181,181,0.0499878,0.0499878,0.0499878,0.142895,0.0952243,299.45,299.598,0.183583,60.6389,44.9992,0.00426025,7162,-5195,-7,-31,-312,291907,-1,0.3,0.385714,20,2,9,8,10,10,299.475,375,299.975,366,
152600,299.5,299.55,299.55,299.5,299.537,348,348,0.0499878,0.0499878,0.0499878,0.200031,0.0999847,299.45,299.576,0.183576,60.6394,42.9982,0.00576986,7389,-5306,39,-43,-91,291869,-38,0.2,0.385233,20,2,10,9,10,10,299.475,375,299.975,366,
152700,299.5,299.5,299.55,299.4,299.487,385,385,0,0.0499878,-3.05E-05,0.100015,0.2,299.45,299.552,0.183759,41.8621,38.9992,0.00446778,7428,-5424,39,-54,-230,291872,3,0.25,0.384884,20,2,10,8,10,10,299.475,375,299.975,366,
152800,299.5,299.5,299.5,299.45,299.487,272,272,0,0.0399902,0.0499878,0.11113,0.222226,299.45,299.53,0.183856,52.4055,36.9997,0.00416259,7488,-5426,7,-37,-45,291821,-51,0.35,0.384794,20,2,10,8,10,10,299.475,375,299.975,366,
152900,299.45,299.6,299.6,299.45,299.563,604,604,0.149994,0.0499939,0.199982,0.210564,0.210531,299.45,299.524,0.179888,73.2942,52.9982,0.00732422,7488,-5426,-2,-28,-48,291569,-252,0.3,0.384576,20,2,10,9,10,9,299.475,375,299.975,366,
153000,299.55,299.65,299.65,299.55,299.625,580,580,0.100006,0.0599976,0.349976,0.26318,0.157901,299.45,299.529,0.166886,78.4933,67.999,0.0115885,7488,-5426,-16,-12,-213,291459,-110,0.51,0.384897,20,2,11,10,10,9,299.475,375,299.975,366,
153100,299.65,299.55,299.7,299.5,299.575,946,-946,-0.100006,0.0700012,0.199982,0.285743,0.142857,299.45,299.529,0.158275,51.9105,67.9995,0.0112264,7488,-5426,4,-26,-212,291453,-6,0,0,20,2,11,11,9,9,299.475,375,299.975,366,
153200,299.55,299.55,299.55,299.45,299.525,604,604,0,0.0700012,0.199982,0.272758,0.181811,299.45,299.529,0.144516,51.9105,69.998,0.00740153,7488,-5426,46,-33,-203,291394,-59,0,0,20,2,11,11,10,10,299.475,375,299.975,366,
153300,299.55,299.6,299.6,299.5,299.575,417,417,0.0500183,0.0800049,0.200012,0.272758,0.181811,299.45,299.534,0.130058,57.3057,73.3313,0.00635172,7488,-5426,14,-17,-151,291325,-69,0,0,20,2,11,12,9,10,299.475,375,299.975,366,
153400,299.6,299.7,299.75,299.55,299.675,948,948,0.100006,0.0700073,0.399994,0.391327,0.130434,299.45,299.539,0.123881,69.8146,70.4749,0.00990397,7488,-5426,8,0,95,291046,-279,0,0,20,2,11,12,9,10,299.475,375,299.975,366,
153500,299.75,299.8,299.8,299.7,299.775,896,896,0.0499878,0.0600037,0.399994,0.416684,0.125,299.45,299.554,0.11886,74.0297,70.4749,0.0164185,7488,-5426,0,0,-21,290768,-278,0,0,20,2,11,13,9,10,299.475,375,299.975,366,
