시간, 시가, 종가, 고가, 저가,  Width, 20mSMA, 20mSD, 60mSMA, UpdateHigh, UpdateLow, Min30m, Time, Max30m, Time, 외인, 기관, 외인5m, 기관5m, 거래량, 거래량(부호),ResQty, 콜(종가), 풋(종가) ,외인(ko), 기관(ko), 외인(ko)5m, 기관(ko)5m
090100, 437.75, 437.3, 438.2, 437.3, -0.450012, 21.865, 190.615, 7.28833, 0, 0, 0, 0, 0, 0, -265, 439, 0, 0, 5226, -5226, 0, 3.14, 3.22, 0, 0, 0, 0
090200, 437.35, 436.85, 437.35, 436.75, -0.5, 43.7075, 262.245, 14.5692, 0, 0, 0, 0, 0, 0, -419, 236, 0, 0, 3429, -3429, 0, 2.77, 3.52, -172, -839, 0, 0
090300, 436.85, 436.95, 437.05, 436.75, 0.100006, 65.555, 312.104, 21.8517, 0, 0, 0, 0, 0, 0, -524, 121, 0, 0, 2335, 2335, 0, 2.9, 3.35, -172, -839, 0, 0
090400, 436.95, 436.85, 437.1, 436.85, -0.100006, 87.3975, 349.59, 29.1325, 0, 0, 0, 0, 0, 0, -866, 185, 0, 0, 1755, -1755, 0, 2.87, 3.4, -374, -1023, 0, 0
090500, 436.85, 436.85, 437.2, 436.85, 0, 109.24, 378.418, 36.4133, 0, 0, 0, 0, 0, 0, -770, 252, 0, 0, 1868, -1868, 0, 2.83, 3.38, -374, -1278, 0, 0
090600, 436.85, 436.95, 437, 436.75, 0.100006, 131.088, 400.479, 43.6958, 0, 0, 0, 0, 0, 0, -1146, 336, -176, -20, 1777, 1777, 0, 2.91, 3.3, -374, -1278, -74, -255
090700, 436.95, 437, 437.1, 436.85, 0.0499878, 152.938, 416.837, 50.9792, 0, 0, 0, 0, 0, 0, -1201, 427, -156, 38, 1647, 1647, 0, 2.91, 3.28, -308, -1415, -27, -115
090800, 436.95, 436.65, 437, 436.65, -0.300018, 174.77, 428.097, 58.2567, 0, 0, 0, 0, 0, 0, -1816, 813, -258, 138, 1839, -1839, 0, 2.74, 3.49, -169, -1726, 0, -177
090900, 436.65, 436.7, 436.9, 436.6, 0.0500183, 196.605, 434.71, 65.535, 0, 0, 0, 0, 0, 0, -1892, 941, -205, 151, 1547, 1547, 0, 2.77, 3.46, -169, -1726, 41, -140
091000, 436.7, 436.7, 436.85, 436.65, 0, 218.44, 436.88, 72.8133, 0, 0, 0, 0, 0, 0, -1798, 1020, -205, 153, 980, -980, 0, 2.76, 3.45, -179, -1794, 39, -103
091100, 436.65, 436.55, 436.75, 436.4, -0.100006, 240.268, 434.66, 80.0892, 0, 1, 0, 0, 0, 0, -2062, 1229, -183, 178, 1860, -1860, 0, 2.67, 3.54, -151, -1906, 44, -125
091200, 436.55, 436.7, 436.75, 436.5, 0.150024, 262.102, 428.012, 87.3675, 0, 1, 0, 0, 0, 0, -2362, 1353, -232, 185, 1046, 1046, 0, 2.76, 3.43, -151, -1906, 31, -98
091300, 436.7, 436.75, 436.8, 436.6, 0.0499878, 283.94, 416.71, 94.6467, 0, 1, 0, 0, 0, 0, -2466, 1467, -130, 130, 747, 747, 0, 2.78, 3.4, -271, -2062, -20, -67
091400, 436.75, 436.7, 436.85, 436.65, -0.0499878, 305.775, 400.354, 101.925, 0, 1, 0, 0, 0, 0, -2641, 1595, -149, 130, 736, -736, 0, 2.76, 3.45, -323, -2159, -30, -86
091500, 436.7, 436.75, 436.8, 436.6, 0.0499878, 327.612, 378.294, 109.204, 0, 1, 0, 0, 0, 0, -2968, 1700, -234, 136, 722, 722, 0, 2.8, 3.38, -323, -2159, -28, -73
091600, 436.75, 436.5, 436.8, 436.5, -0.25, 349.438, 349.438, 116.479, 0, 2, 0, 0, 0, 0, -3007, 1755, -189, 105, 1106, -1106, 0, 2.67, 3.53, -327, -2237, -35, -66
091700, 436.5, 436.5, 436.55, 436.3, 0, 371.263, 311.923, 123.754, 0, 2, 0, 0, 0, 0, -3279, 1924, -183, 114, 1697, 1697, 0, 2.63, 3.58, -453, -2334, -60, -85
091800, 436.45, 436.55, 436.6, 436.4, 0.0999756, 393.09, 262.06, 131.03, 0, 2, 0, 0, 0, 0, -3295, 1976, -165, 101, 387, 387, 0, 2.69, 3.45, -453, -2334, -36, -54
091900, 436.6, 436.55, 436.65, 436.5, -0.0500183, 414.918, 190.378, 138.306, 0, 2, 0, 0, 0, 0, -3320, 2069, -135, 94, 902, -902, 0, 2.66, 3.53, -481, -2440, -31, -56
092000, 436.55, 436.5, 436.6, 436.45, -0.0499878, 436.743, 0.400346, 145.581, 0, 2, 0, 0, 0, 0, -3313, 2068, -69, 73, 522, -522, 0, 2.65, 3.54, -495, -2516, -34, -71
092100, 436.5, 436.5, 436.55, 436.45, 0, 436.702, 0.321684, 152.856, 0, 2, 0, 0, 0, 0, -3367, 2126, -72, 74, 329, 0, 0, 2.67, 3.52, -495, -2516, -33, -55
092200, 436.55, 436.45, 436.7, 436.4, -0.0999756, 436.683, 0.332084, 160.13, 0, 3, 0, 0, 0, 0, -3411, 2234, -26, 62, 1098, -1098, 0, 2.58, 3.62, -518, -2579, -13, -49
092300, 436.4, 436.45, 436.5, 436.35, 0.0500183, 436.658, 0.322921, 167.404, 0, 3, 0, 0, 0, 0, -3571, 2356, -55, 76, 356, 356, 0, 2.6, 3.61, -443, -2693, 2, -71
092400, 436.45, 436.2, 436.45, 436.15, -0.25, 436.625, 0.366744, 174.674, 0, 4, 0, 0, 0, 0, -3649, 2386, -65, 63, 1133, -1133, 0, 2.47, 3.8, -443, -2693, 7, -50
092500, 436.15, 436.15, 436.25, 436.1, 0, 436.59, 0.405712, 181.943, 0, 5, 0, 0, 0, 0, -4074, 2622, -152, 110, 1589, -1589, 0, 2.48, 3.82, -458, -2897, 7, -76
092600, 436.15, 436.25, 436.35, 436.1, 0.100006, 436.555, 0.396107, 189.214, 0, 5, 0, 0, 0, 0, -4401, 2902, -206, 155, 861, 861, 0, 2.5, 3.74, -571, -3023, -15, -101
092700, 436.25, 436.3, 436.4, 436.25, 0.0499878, 436.52, 0.354122, 196.486, 0, 5, 0, 0, 0, 0, -4379, 2935, -193, 140, 662, 662, 0, 2.53, 3.71, -571, -3023, -10, -88
092800, 436.3, 436.25, 436.35, 436.2, -0.0499878, 436.5, 0.367428, 203.757, 0, 5, 0, 0, 0, 0, -4357, 2977, -157, 124, 360, -360, 0, 2.52, 3.72, -579, -2988, -27, -59
092900, 436.25, 436.1, 436.35, 436.1, -0.149994, 436.47, 0.39421, 211.025, 0, 6, 0, 0, 0, 0, -4407, 3037, -151, 130, 694, -694, 0, 2.45, 3.83, -615, -3052, -34, -71
093000, 436.1, 436.15, 436.15, 436, 0.0499878, 436.442, 0.402835, 218.294, 0, 6, 436.1, 29, 437.3, 1, -4920, 3241, -169, 123, 1137, 1137, 0, 2.47, 3.81, -615, -3052, -31, -31
093100, 436.1, 435.9, 436.15, 435.9, -0.200012, 436.41, 0.463253, 225.559, 0, 7, 435.9, 31, 437, 7, -5183, 3387, -156, 97, 1778, -1778, 0, 2.37, 4.05, -683, -3230, -22, -41
093200, 435.9, 435.85, 435.95, 435.75, -0.0499878, 436.367, 0.503265, 232.823, 0, 8, 435.85, 32, 437, 7, -5761, 3543, -276, 121, 1063, -1063, 0, 2.34, 4.14, -762, -3295, -38, -54
093300, 435.8, 435.8, 435.85, 435.75, 0, 436.32, 0.528586, 240.087, 0, 9, 435.8, 33, 437, 7, -6261, 3758, -380, 156, 473, -473, 0, 2.34, 4.14, -762, -3295, -36, -61
093400, 435.8, 435.6, 435.8, 435.6, -0.199982, 436.265, 0.584893, 247.347, 0, 10, 435.6, 34, 437, 7, -6549, 3808, -428, 154, 1610, -1610, 0, 2.26, 4.3, -906, -3324, -58, -54
093500, 435.6, 435.6, 435.65, 435.5, 0, 436.208, 0.6085, 254.607, 0, 10, 435.6, 35, 437, 7, -7513, 4190, -518, 189, 1674, 1674, 0, 2.27, 4.35, -1029, -3431, -82, -75
093600, 435.55, 435.4, 435.65, 435.4, -0.149994, 436.152, 0.68664, 261.863, 0, 11, 435.4, 36, 437, 7, -7697, 4230, -502, 168, 1312, -1312, 0, 2.21, 4.46, -1029, -3431, -69, -40
093700, 435.4, 435.35, 435.5, 435.35, -0.0499878, 436.095, 0.750265, 269.119, 0, 12, 435.35, 37, 436.75, 15, -8172, 4381, -482, 167, 1203, -1203, 0, 2.19, 4.5, -1059, -3487, -59, -38
093800, 435.4, 435.65, 435.65, 435.35, 0.25, 436.05, 0.74364, 276.38, 0, 12, 435.35, 37, 436.75, 15, -8340, 4497, -415, 147, 1255, 1255, 0, 2.27, 4.3, -1065, -3605, -60, -62
093900, 435.65, 435.55, 435.7, 435.5, -0.100006, 436, 0.736889, 283.639, 0, 12, 435.35, 37, 436.75, 15, -8448, 4555, -379, 149, 759, -759, 0, 2.27, 4.37, -1065, -3605, -31, -56
094000, 435.55, 435.6, 435.7, 435.5, 0.0500183, 435.955, 0.718961, 290.899, 0, 12, 435.35, 37, 436.75, 15, -8442, 4604, -185, 82, 660, 660, 0, 2.26, 4.31, -1096, -3630, -13, -39
094100, 435.6, 435.75, 435.8, 435.55, 0.149994, 435.917, 0.678439, 298.162, 0, 12, 435.35, 37, 436.75, 15, -8451, 4661, -150, 86, 749, 749, 0, 2.34, 4.12, -1048, -3674, -3, -48
094200, 435.8, 435.8, 435.85, 435.7, 0, 435.885, 0.634115, 305.425, 0, 12, 435.35, 37, 436.75, 15, -8517, 4802, -69, 84, 1177, 1177, 0, 2.32, 4.17, -1048, -3674, 2, -37
094300, 435.8, 435.8, 435.9, 435.75, 0, 435.852, 0.579201, 312.688, 0, 12, 435.35, 37, 436.75, 15, -8508, 4844, -33, 69, 646, -646, 0, 2.32, 4.15, -996, -3630, 13, -5
094400, 435.8, 435.75, 435.85, 435.65, -0.0499878, 435.83, 0.55803, 319.951, 0, 12, 435.35, 37, 436.75, 15, -8555, 4956, -21, 80, 711, -711, 0, 2.29, 4.19, -925, -3696, 28, -18
094500, 435.8, 435.65, 435.8, 435.6, -0.149994, 435.805, 0.543045, 327.212, 0, 12, 435.35, 37, 436.55, 19, -8641, 5029, -39, 85, 451, -451, 0, 2.25, 4.27, -925, -3696, 34, -13
094600, 435.65, 435.7, 435.75, 435.65, 0.0500183, 435.777, 0.504452, 334.473, 0, 12, 435.35, 37, 436.55, 19, -8734, 5034, -56, 74, 458, 458, 0, 2.3, 4.2, -917, -3791, 26, -23
094700, 435.7, 435.65, 435.75, 435.6, -0.0500183, 435.745, 0.445981, 341.734, 0, 12, 435.35, 37, 436.55, 19, -8765, 5055, -49, 50, 797, -797, 0, 2.24, 4.29, -913, -3816, 27, -28
094800, 435.6, 435.6, 435.7, 435.55, 0, 435.712, 0.384543, 348.994, 0, 12, 435.35, 37, 436.55, 19, -8969, 5136, -92, 58, 404, -404, 0, 2.26, 4.25, -913, -3816, 16, -37
094900, 435.65, 435.8, 435.8, 435.6, 0.149994, 435.698, 0.344197, 356.257, 0, 12, 435.35, 37, 436.5, 21, -8988, 5134, -86, 35, 383, 383, 0, 2.31, 4.14, -949, -3813, -4, -23
095000, 435.8, 435.8, 435.8, 435.7, 0, 435.68, 0.279995, 363.521, 0, 12, 435.35, 37, 436.5, 21, -8911, 5161, -54, 26, 395, 395, 0, 2.32, 4.14, -866, -3901, 11, -41
095100, 435.8, 435.8, 435.9, 435.75, 0, 435.675, 0.267389, 370.784, 0, 12, 435.35, 37, 436.45, 23, -8934, 5131, -40, 19, 878, -878, 0, 2.32, 4.09, -866, -3901, 10, -22
095200, 435.85, 435.75, 435.9, 435.75, -0.100006, 435.67, 0.257675, 378.047, 0, 12, 435.35, 37, 436.45, 23, -9066, 5268, -60, 42, 499, -499, 0, 2.29, 4.15, -900, -3998, 2, -36
095300, 435.75, 435.75, 435.8, 435.65, 0, 435.667, 0.253519, 385.309, 0, 12, 435.35, 37, 436.3, 27, -9143, 5310, -34, 34, 308, 308, 0, 2.26, 4.19, -964, -4047, -10, -46
095400, 435.75, 435.7, 435.75, 435.65, -0.0499878, 435.672, 0.251937, 392.571, 0, 12, 435.35, 37, 436.3, 27, -9124, 5308, -27, 34, 214, -214, 0, 2.29, 4.16, -964, -4047, -3, -46
095500, 435.75, 435.8, 435.8, 435.65, 0.0499878, 435.682, 0.255484, 399.834, 0, 12, 435.35, 37, 436.3, 27, -9155, 5312, -48, 30, 221, 221, 0, 2.29, 4.13, -945, -4110, -15, -41
095600, 435.75, 435.9, 435.9, 435.75, 0.149994, 435.707, 0.237216, 407.099, 0, 12, 435.35, 37, 436.3, 27, -9083, 5296, -29, 33, 368, 368, 0, 2.34, 4.04, -941, -4137, -15, -47
095700, 435.85, 435.85, 435.95, 435.85, 0, 435.733, 0.179648, 414.363, 0, 12, 435.35, 37, 436.25, 28, -9020, 5308, 9, 8, 428, -428, 0, 2.34, 4.04, -941, -4137, -8, -27
095800, 435.9, 435.95, 436, 435.85, 0.0500183, 435.747, 0.198682, 421.629, 0, 12, 435.35, 37, 436.15, 30, -8995, 5328, 29, 3, 574, 574, 0, 2.37, 3.99, -932, -4127, 6, -16
095900, 435.95, 435.9, 436, 435.9, -0.0500183, 435.765, 0.187346, 428.894, 0, 12, 435.35, 37, 436.15, 30, -8924, 5354, 40, 9, 245, -245, 0, 2.35, 4.02, -919, -4145, 9, -19
100000, 435.9, 435.85, 435.95, 435.85, -0.0499878, 435.777, 0.174569, 436.158, 0, 12, 435.35, 37, 435.95, 58, -8993, 5357, 32, 9, 101, -101, 0, 2.32, 4.07, -919, -4145, 5, -7
100100, 435.85, 435.9, 435.95, 435.85, 0.0499878, 435.785, 0.181932, 436.135, 0, 12, 435.35, 37, 435.95, 58, -8987, 5356, 19, 12, 349, 349, 0, 2.35, 4.01, -878, -4118, 12, 3
100200, 435.9, 435.8, 435.95, 435.8, -0.100006, 435.785, 0.181932, 436.117, 0, 12, 435.35, 37, 435.95, 58, -9041, 5378, -4, 14, 442, -442, 0, 2.3, 4.12, -913, -4135, 5, 0
100300, 435.8, 435.65, 435.85, 435.65, -0.149994, 435.777, 0.190983, 436.096, 0, 12, 435.35, 37, 435.95, 58, -9248, 5444, -50, 23, 591, -591, 0, 2.24, 4.23, -913, -4135, 3, -1
100400, 435.7, 435.55, 435.7, 435.55, -0.150024, 435.767, 0.215117, 436.074, 0, 12, 435.35, 37, 435.95, 58, -9415, 5519, -98, 33, 574, -574, 0, 2.21, 4.31, -973, -4286, -10, -28
100500, 435.55, 435.65, 435.7, 435.55, 0.100006, 435.767, 0.215117, 436.054, 0, 12, 435.35, 37, 435.95, 58, -9543, 5660, -110, 60, 376, 376, 0, 2.25, 4.23, -1015, -4332, -19, -37
100600, 435.7, 435.75, 435.8, 435.7, 0.0499878, 435.77, 0.213075, 436.034, 0, 12, 435.35, 37, 435.95, 58, -9469, 5654, -96, 59, 338, 338, 0, 2.27, 4.15, -1015, -4332, -27, -42
100700, 435.75, 435.75, 435.85, 435.7, 0, 435.775, 0.206157, 436.013, 0, 12, 435.55, 64, 435.95, 58, -9512, 5698, -94, 64, 461, -461, 0, 2.27, 4.16, -1039, -4350, -25, -43
100800, 435.75, 435.9, 435.95, 435.75, 0.149994, 435.79, 0.196472, 436.001, 0, 12, 435.55, 64, 435.95, 58, -9579, 5737, -66, 58, 672, 672, 0, 2.33, 4.05, -1022, -4400, -21, -53
100900, 435.9, 435.9, 435.95, 435.85, 0, 435.795, 0.20224, 435.987, 0, 12, 435.55, 64, 435.95, 58, -9597, 5733, -36, 42, 342, -342, 0, 2.32, 4.06, -1022, -4400, -9, -22
101000, 435.9, 435.85, 435.9, 435.85, -0.0499878, 435.798, 0.203657, 435.973, 0, 12, 435.55, 64, 435.95, 58, -9700, 5798, -31, 27, 135, -135, 0, 2.31, 4.09, -1038, -4385, -4, -10
101100, 435.9, 435.95, 436, 435.8, 0.0500183, 435.805, 0.214248, 435.963, 0, 12, 435.55, 64, 435.95, 71, -9682, 5799, -42, 29, 419, 419, 0, 2.35, 4.02, -1035, -4401, -4, -13
101200, 435.95, 435.95, 436.1, 435.95, 0, 435.815, 0.221592, 435.951, 0, 12, 435.55, 64, 435.95, 72, -9611, 5800, -19, 20, 960, -960, 0, 2.34, 4.01, -1035, -4401, 0, -10
101300, 435.95, 435.85, 435.95, 435.85, -0.100006, 435.82, 0.220007, 435.936, 0, 12, 435.55, 64, 435.95, 72, -9863, 5786, -56, 9, 289, -289, 0, 2.3, 4.09, -1043, -4394, -4, 1
101400, 435.85, 435.85, 435.95, 435.85, 0, 435.827, 0.213257, 435.922, 0, 12, 435.55, 64, 435.95, 72, -9931, 5799, -66, 13, 295, -295, 0, 2.3, 4.09, -1081, -4479, -11, -15
101500, 435.85, 435.85, 435.9, 435.85, 0, 435.83, 0.213081, 435.907, 0, 12, 435.55, 64, 435.95, 72, -9908, 5797, -41, 0, 224, -224, 0, 2.29, 4.12, -1081, -4479, -8, -18
101600, 435.8, 436, 436, 435.8, 0.200012, 435.835, 0.223839, 435.898, 0, 12, 435.55, 64, 436, 76, -9936, 5840, -50, 8, 627, 627, 0, 2.35, 4, -1082, -4494, -9, -18
101700, 436, 436.05, 436.1, 436, 0.0499878, 435.845, 0.242699, 435.891, 0, 12, 435.55, 64, 436.05, 77, -9917, 5888, -61, 17, 913, 913, 0, 2.37, 3.94, -1074, -4481, -7, -16
101800, 436.05, 436.25, 436.25, 436.05, 0.200012, 435.86, 0.297661, 435.886, 0, 12, 435.55, 64, 436.25, 78, -9775, 5909, 17, 24, 951, 951, 0, 2.46, 3.75, -1074, -4481, -6, -17
101900, 436.25, 436.15, 436.25, 436.1, -0.100006, 435.872, 0.323229, 435.879, 0, 12, 435.55, 64, 436.25, 78, -9544, 5812, 77, 2, 1144, -1144, 0, 2.39, 3.86, -1062, -4480, 3, 0
102000, 436.15, 436.05, 436.2, 436, -0.100006, 435.883, 0.332078, 435.872, 0, 12, 435.55, 64, 436.25, 78, -9702, 5857, 41, 12, 653, -653, 0, 2.35, 3.94, -1085, -4401, 0, 15
102100, 436, 436, 436.05, 435.95, 0, 435.888, 0.33597, 435.863, 0, 12, 435.55, 64, 436.25, 78, -9709, 5875, 45, 7, 396, 0, 0, 2.31, 3.98, -1085, -4401, 0, 18
102200, 436, 435.75, 436, 435.75, -0.25, 435.885, 0.339265, 435.852, 0, 12, 435.55, 64, 436.25, 78, -9916, 5938, 0, 10, 1000, -1000, 0, 2.22, 4.15, -1117, -4418, -8, 12
102300, 435.75, 435.75, 435.8, 435.75, 0, 435.89, 0.328025, 435.84, 0, 12, 435.55, 64, 436.25, 78, -9987, 5982, -42, 14, 431, -431, 0, 2.23, 4.14, -1135, -4444, -12, 7
102400, 435.8, 435.85, 435.9, 435.8, 0.0500183, 435.905, 0.289652, 435.834, 0, 12, 435.55, 64, 436.25, 78, -9953, 5993, -81, 36, 303, 303, 0, 2.25, 4.07, -1135, -4444, -14, 7
102500, 435.8, 435.85, 435.9, 435.8, 0.0500183, 435.915, 0.266641, 435.829, 0, 12, 435.55, 64, 436.25, 78, -9969, 5994, -53, 27, 118, 118, 0, 2.27, 4.03, -1173, -4472, -17, -14
102600, 435.9, 435.85, 435.95, 435.8, -0.0499878, 435.92, 0.257677, 435.823, 0, 12, 435.55, 64, 436.25, 78, -9951, 6015, -48, 28, 213, -213, 0, 2.24, 4.07, -1211, -4486, -25, -17
102700, 435.85, 435.75, 435.85, 435.75, -0.100006, 435.92, 0.257677, 435.813, 0, 12, 435.55, 64, 436.25, 78, -10036, 6042, -24, 20, 553, -553, 0, 2.21, 4.15, -1211, -4486, -18, -13
102800, 435.75, 435.65, 435.75, 435.55, -0.100006, 435.908, 0.283325, 435.803, 0, 12, 435.55, 64, 436.25, 78, -10405, 6057, -83, 15, 1166, -1166, 0, 2.15, 4.25, -1232, -4492, -19, -9
102900, 435.65, 435.75, 435.75, 435.6, 0.100006, 435.9, 0.291544, 435.798, 0, 12, 435.55, 64, 436.25, 78, -10703, 6221, -150, 45, 377, 377, 0, 2.21, 4.15, -1372, -4931, -47, -97
103000, 435.75, 435.7, 435.8, 435.7, -0.0499878, 435.893, 0.303764, 435.79, 0, 12, 435.55, 64, 436.25, 78, -10645, 6179, -135, 37, 287, -287, 0, 2.18, 4.17, -1372, -4931, -39, -91
103100, 435.7, 435.7, 435.7, 435.6, 0, 435.88, 0.313682, 435.787, 0, 12, 435.55, 64, 436.25, 78, -10691, 6194, -148, 35, 553, 553, 0, 2.17, 4.21, -1402, -4941, -38, -91
103200, 435.7, 435.75, 435.85, 435.7, 0.0499878, 435.87, 0.316853, 435.785, 0, 12, 435.55, 64, 436.25, 78, -10720, 6286, -136, 48, 613, 613, 0, 2.2, 4.16, -1434, -4959, -44, -94
103300, 435.75, 435.75, 435.8, 435.75, 0, 435.865, 0.321086, 435.784, 0, 12, 435.55, 64, 436.25, 78, -10813, 6322, -81, 53, 318, -318, 0, 2.18, 4.2, -1434, -4959, -40, -93
103400, 435.7, 435.75, 435.8, 435.7, 0.0499878, 435.86, 0.324956, 435.787, 0, 12, 435.65, 88, 436.25, 78, -10865, 6312, -32, 18, 180, 180, 0, 2.17, 4.21, -1432, -4969, -12, -7
103500, 435.75, 435.7, 435.75, 435.7, -0.0499878, 435.852, 0.332371, 435.788, 0, 12, 435.65, 88, 436.25, 78, -10868, 6324, -44, 29, 440, -440, 0, 2.17, 4.23, -1464, -4978, -18, -9
103600, 435.7, 435.75, 435.75, 435.65, 0.0499878, 435.84, 0.328018, 435.794, 0, 12, 435.65, 88, 436.25, 78, -10855, 6236, -32, 8, 342, 342, 0, 2.17, 4.19, -1464, -4978, -12, -7
103700, 435.75, 435.7, 435.8, 435.7, -0.0499878, 435.823, 0.318546, 435.8, 0, 12, 435.65, 88, 436.25, 78, -10861, 6215, -28, -14, 273, -273, 0, 2.18, 4.15, -1526, -4970, -18, -2
103800, 435.75, 435.7, 435.75, 435.6, -0.0499878, 435.795, 0.254748, 435.801, 0, 12, 435.65, 88, 436.25, 78, -10872, 6202, -11, -24, 427, -427, 0, 2.15, 4.22, -1624, -4938, -38, 4
103900, 435.7, 435.7, 435.75, 435.65, 0, 435.773, 0.198677, 435.803, 0, 12, 435.65, 88, 436.25, 78, -11042, 6281, -35, -6, 162, 162, 0, 2.16, 4.2, -1624, -4938, -38, 6
104000, 435.7, 435.75, 435.8, 435.65, 0.0499878, 435.758, 0.152559, 435.806, 0, 12, 435.65, 88, 436.25, 78, -11042, 6303, -34, -4, 233, 233, 0, 2.18, 4.15, -1688, -4952, -44, 5
104100, 435.75, 435.9, 435.95, 435.7, 0.149994, 435.753, 0.124395, 435.808, 0, 12, 435.65, 88, 436.25, 78, -11010, 6302, -31, 13, 523, 523, 0, 2.23, 4.06, -1713, -5007, -49, -5
104200, 435.9, 435.9, 435.95, 435.85, 0, 435.76, 0.139995, 435.81, 0, 12, 435.65, 88, 436.25, 78, -11105, 6363, -48, 29, 314, -314, 0, 2.23, 4.04, -1713, -5007, -37, -7
104300, 435.9, 436.05, 436.05, 435.85, 0.149994, 435.775, 0.188406, 435.814, 0, 12, 435.65, 88, 436.25, 78, -11164, 6475, -58, 54, 429, 429, 0, 2.28, 3.94, -1744, -5002, -24, -12
104400, 436.05, 436.05, 436.15, 436, 0, 435.785, 0.221574, 435.819, 0, 12, 435.65, 88, 436.25, 78, -10999, 6417, 8, 27, 729, -729, 0, 2.31, 3.88, -1738, -4963, -22, -5
104500, 436.1, 436.05, 436.2, 436.05, -0.0500183, 435.795, 0.248784, 435.826, 0, 12, 435.65, 88, 436.25, 78, -11084, 6431, -8, 25, 1105, -1105, 0, 2.31, 3.87, -1738, -4963, -10, -2
104600, 436.1, 436, 436.1, 435.95, -0.100006, 435.803, 0.263568, 435.831, 0, 12, 435.65, 88, 436.25, 78, -11115, 6438, -21, 27, 270, -270, 0, 2.28, 3.91, -1750, -5011, -7, 0
104700, 436, 435.85, 436.05, 435.85, -0.149994, 435.808, 0.263189, 435.834, 0, 12, 435.65, 88, 436.25, 78, -11154, 6456, -9, 18, 680, -680, 0, 2.2, 4.07, -1742, -5000, -5, 1
104800, 435.9, 435.95, 436, 435.9, 0.0500183, 435.823, 0.259747, 435.84, 0, 12, 435.65, 88, 436.15, 79, -11109, 6500, 11, 5, 528, 528, 0, 2.24, 4, -1742, -5000, 0, 0
104900, 435.95, 436, 436, 435.9, 0.0499878, 435.835, 0.268502, 435.843, 0, 12, 435.65, 88, 436.05, 105, -11204, 6484, -41, 13, 319, 319, 0, 2.27, 3.93, -1781, -5002, -8, -7
105000, 435.95, 435.95, 436, 435.9, 0, 435.848, 0.26546, 435.846, 0, 12, 435.65, 88, 436.05, 105, -11115, 6461, -6, 6, 251, 251, 0, 2.23, 4.01, -1794, -5020, -11, -11
105100, 435.9, 435.9, 435.95, 435.9, 0, 435.858, 0.257429, 435.848, 0, 12, 435.65, 88, 436.05, 105, -11165, 6450, -10, 2, 270, -270, 0, 2.21, 4.05, -1794, -5020, -8, -1
105200, 435.85, 435.9, 435.95, 435.85, 0.0499878, 435.865, 0.253169, 435.85, 0, 12, 435.65, 88, 436.05, 105, -11065, 6384, 17, -14, 323, 323, 0, 2.22, 4.01, -1804, -5021, -12, -4
105300, 435.9, 436.05, 436.05, 435.9, 0.149994, 435.88, 0.259603, 435.855, 0, 12, 435.65, 88, 436.05, 113, -11052, 6367, 11, -26, 247, 247, 0, 2.29, 3.86, -1818, -5035, -15, -7
105400, 436.05, 436.05, 436.1, 436.05, 0, 435.895, 0.262474, 435.861, 0, 12, 435.65, 88, 436.05, 114, -11028, 6350, 35, -26, 426, -426, 0, 2.29, 3.9, -1818, -5035, -7, -6
105500, 436, 436, 436.05, 436, 0, 435.91, 0.250188, 435.864, 0, 12, 435.65, 88, 436.05, 114, -11039, 6372, 15, -17, 283, -283, 0, 2.27, 3.91, -1848, -5030, -10, -2
105600, 436.05, 436.05, 436.1, 436.05, 0, 435.925, 0.245954, 435.867, 0, 12, 435.65, 88, 436.05, 116, -11022, 6374, 28, -15, 258, -258, 0, 2.29, 3.87, -1831, -5084, -7, -12
105700, 436.05, 436.05, 436.1, 436.05, 0, 435.942, 0.228625, 435.87, 0, 12, 435.65, 88, 436.05, 117, -11068, 6379, 0, -1, 157, -157, 0, 2.29, 3.9, -1831, -5084, -5, -12
105800, 436.05, 436.15, 436.15, 436.05, 0.100006, 435.965, 0.217015, 435.873, 0, 12, 435.7, 99, 436.15, 118, -11095, 6393, -8, 5, 229, 229, 0, 2.32, 3.8, -1825, -5090, -1, -11
105900, 436.15, 436.2, 436.25, 436.1, 0.0500183, 435.99, 0.203958, 435.878, 0, 12, 435.7, 99, 436.2, 119, -10994, 6421, 6, 14, 648, 648, 0, 2.36, 3.73, -1856, -5076, -7, -8
110000, 436.2, 436.35, 436.4, 436.2, 0.149994, 436.02, 0.228911, 435.887, 0, 12, 435.7, 99, 436.35, 120, -10838, 6435, 40, 12, 1316, 1316, 0, 2.42, 3.64, -1856, -5076, -1, -9
110100, 436.35, 436.3, 436.4, 436.3, -0.0500183, 436.04, 0.252189, 435.893, 0, 12, 435.7, 99, 436.35, 120, -10809, 6414, 42, 8, 389, -389, 0, 2.38, 3.7, -1917, -5047, -17, 7
110200, 436.25, 436.25, 436.3, 436.2, 0, 436.058, 0.259373, 435.901, 0, 12, 435.7, 99, 436.35, 120, -10762, 6372, 61, -1, 293, 0, 0, 2.37, 3.69, -1970, -5054, -27, 6
110300, 436.25, 436.45, 436.5, 436.25, 0.200012, 436.077, 0.310607, 435.914, 0, 12, 435.7, 99, 436.45, 123, -10717, 6355, 75, -7, 1236, 1236, 0, 2.45, 3.54, -1970, -5054, -29, 7
110400, 436.45, 436.4, 436.5, 436.35, -0.0500183, 436.095, 0.340442, 435.928, 0, 12, 435.7, 99, 436.45, 123, -10903, 6314, 18, -21, 784, -784, 0, 2.41, 3.59, -1952, -5061, -19, 3
110500, 436.4, 436.35, 436.4, 436.35, -0.0499878, 436.11, 0.357214, 435.94, 0, 12, 435.7, 99, 436.45, 123, -10887, 6312, -9, -24, 88, -88, 0, 2.41, 3.61, -1930, -5074, -14, 0
110600, 436.4, 436.35, 436.45, 436.35, -0.0499878, 436.127, 0.368072, 435.95, 0, 12, 435.7, 99, 436.45, 123, -10818, 6280, -1, -26, 455, -455, 0, 2.4, 3.62, -1930, -5074, -2, -5
110700, 436.35, 436.4, 436.4, 436.35, 0.0499878, 436.155, 0.363184, 435.961, 0, 12, 435.7, 99, 436.45, 123, -10795, 6278, -6, -18, 55, 55, 0, 2.4, 3.61, -1931, -5029, 7, 5
110800, 436.4, 436.4, 436.45, 436.4, 0, 436.177, 0.365347, 435.969, 0, 12, 435.7, 99, 436.45, 123, -10714, 6268, 0, -17, 209, -209, 0, 2.41, 3.58, -1948, -5045, 4, 1
110900, 436.45, 436.45, 436.45, 436.35, 0, 436.2, 0.374172, 435.978, 0, 12, 435.75, 100, 436.45, 129, -10632, 6241, 54, -14, 358, 358, 0, 2.41, 3.58, -1948, -5045, 0, 3
111000, 436.4, 436.45, 436.45, 436.4, 0.0500183, 436.225, 0.37082, 435.988, 0, 12, 435.85, 107, 436.45, 130, -10686, 6330, 40, 3, 302, 302, 0, 2.41, 3.58, -1970, -5057, -8, 3
111100, 436.45, 436.55, 436.55, 436.4, 0.0999756, 436.257, 0.365076, 435.998, 0, 12, 435.85, 107, 436.55, 131, -10719, 6326, 19, 9, 521, 521, 0, 2.46, 3.52, -2015, -5053, -17, 4
111200, 436.55, 436.5, 436.55, 436.5, -0.0499878, 436.287, 0.340412, 436.007, 0, 12, 435.85, 107, 436.55, 131, -10538, 6292, 51, 2, 184, -184, 0, 2.45, 3.51, -2015, -5053, -16, -4
111300, 436.55, 436.55, 436.6, 436.5, 0, 436.312, 0.340409, 436.019, 0, 12, 435.85, 107, 436.55, 133, -10454, 6260, 52, -1, 417, -417, 0, 2.44, 3.53, -2038, -5063, -18, -3
111400, 436.5, 436.35, 436.55, 436.3, -0.149994, 436.327, 0.318554, 436.027, 0, 12, 435.85, 107, 436.55, 133, -10515, 6270, 23, 5, 579, -579, 0, 2.34, 3.68, -2079, -5088, -26, -8
111500, 436.35, 436.25, 436.35, 436.2, -0.100006, 436.34, 0.283905, 436.034, 0, 12, 435.85, 107, 436.55, 133, -10557, 6265, 25, -13, 739, -739, 0, 2.28, 3.77, -2079, -5088, -21, -6
111600, 436.25, 436.25, 436.3, 436.2, 0, 436.35, 0.254952, 436.038, 0, 12, 435.85, 107, 436.55, 133, -10624, 6271, 19, -11, 227, 0, 0, 2.3, 3.76, -2108, -5104, -18, -10
111700, 436.25, 436.25, 436.3, 436.2, 0, 436.36, 0.220452, 436.042, 0, 12, 435.9, 112, 436.55, 133, -10513, 6186, 5, -21, 182, 0, 0, 2.32, 3.73, -2129, -5111, -22, -11
111800, 436.3, 436.3, 436.4, 436.3, 0, 436.368, 0.200683, 436.042, 0, 12, 435.9, 112, 436.55, 133, -10451, 6145, 0, -23, 191, -191, 0, 2.34, 3.68, -2129, -5111, -18, -9
111900, 436.3, 436.4, 436.4, 436.3, 0.100006, 436.378, 0.185673, 436.047, 0, 12, 435.9, 112, 436.55, 133, -10456, 6152, 11, -23, 217, 217, 0, 2.36, 3.67, -2148, -5128, -13, -8
112000, 436.4, 436.45, 436.45, 436.35, 0.0500183, 436.383, 0.187817, 436.053, 0, 12, 435.9, 112, 436.55, 133, -10385, 6105, 34, -32, 223, 223, 0, 2.42, 3.59, -2177, -5156, -19, -13
112100, 436.45, 436.35, 436.45, 436.35, -0.100006, 436.385, 0.184661, 436.059, 0, 12, 435.9, 112, 436.55, 133, -10354, 6081, 54, -38, 439, -439, 0, 2.32, 3.71, -2177, -5156, -13, -10
112200, 436.35, 436.2, 436.35, 436.1, -0.149994, 436.383, 0.193064, 436.067, 0, 12, 436, 115, 436.55, 133, -10545, 6087, -6, -19, 572, -572, 0, 2.26, 3.81, -2226, -5173, -19, -12
112300, 436.2, 436.25, 436.25, 436.2, 0.0499878, 436.372, 0.198679, 436.075, 0, 12, 436, 115, 436.55, 133, -10589, 6090, -27, -11, 145, 145, 0, 2.29, 3.76, -2286, -5201, -31, -18
112400, 436.3, 436.25, 436.3, 436.2, -0.0499878, 436.365, 0.205179, 436.082, 0, 12, 436, 115, 436.55, 133, -10592, 6128, -27, -4, 208, -208, 0, 2.29, 3.75, -2286, -5201, -27, -14
112500, 436.25, 436.35, 436.35, 436.25, 0.100006, 436.365, 0.205179, 436.09, 0, 12, 436.05, 117, 436.55, 133, -10519, 6126, -26, 4, 99, 99, 0, 2.32, 3.71, -2299, -5218, -24, -12
112600, 436.35, 436.3, 436.35, 436.3, -0.0500183, 436.363, 0.20706, 436.097, 0, 12, 436.05, 117, 436.55, 133, -10523, 6126, -33, 9, 63, -63, 0, 2.3, 3.73, -2321, -5239, -28, -16
112700, 436.3, 436.35, 436.4, 436.3, 0.0500183, 436.36, 0.206395, 436.107, 0, 12, 436.15, 118, 436.55, 133, -10529, 6154, 3, 13, 208, 208, 0, 2.31, 3.7, -2321, -5239, -19, -13
112800, 436.35, 436.35, 436.35, 436.3, 0, 436.357, 0.205607, 436.119, 0, 12, 436.2, 142, 436.55, 133, -10531, 6144, 11, 10, 258, 258, 0, 2.29, 3.74, -2341, -5261, -11, -12
112900, 436.3, 436.3, 436.3, 436.25, 0, 436.35, 0.202482, 436.128, 0, 12, 436.2, 142, 436.55, 133, -10560, 6160, 6, 6, 36, 36, 0, 2.28, 3.77, -2403, -5288, -23, -17
113000, 436.3, 436.3, 436.3, 436.25, 0, 436.342, 0.198176, 436.138, 0, 12, 436.2, 142, 436.55, 133, -10528, 6142, -1, 3, 101, 101, 0, 2.28, 3.79, -2403, -5288, -20, -14
113100, 436.25, 436.4, 436.4, 436.25, 0.149994, 436.335, 0.17635, 436.15, 0, 12, 436.2, 142, 436.55, 133, -10494, 6143, 5, 3, 132, 132, 0, 2.33, 3.7, -2441, -5315, -24, -15
113200, 436.4, 436.4, 436.45, 436.35, 0, 436.33, 0.162478, 436.161, 0, 12, 436.2, 142, 436.55, 133, -10350, 6098, 35, -11, 307, -307, 0, 2.34, 3.68, -2453, -5312, -26, -14
113300, 436.4, 436.45, 436.5, 436.35, 0.0500183, 436.325, 0.139645, 436.173, 0, 12, 436.2, 142, 436.55, 133, -10300, 6060, 46, -16, 386, 386, 0, 2.39, 3.62, -2453, -5312, -22, -10
113400, 436.5, 436.5, 436.55, 436.4, 0, 436.333, 0.158984, 436.185, 0, 12, 436.2, 142, 436.55, 133, -10255, 6040, 61, -24, 456, 456, 0, 2.42, 3.56, -2470, -5251, -13, 7
113500, 436.55, 436.6, 436.6, 436.5, 0.0500183, 436.35, 0.192358, 436.2, 0, 12, 436.2, 142, 436.6, 155, -10167, 6023, 72, -23, 161, 161, 0, 2.46, 3.5, -2465, -5267, -12, 4
113600, 436.6, 436.55, 436.6, 436.5, -0.0500183, 436.365, 0.205184, 436.213, 0, 12, 436.2, 142, 436.6, 155, -10067, 5989, 85, -30, 217, -217, 0, 2.45, 3.54, -2465, -5267, -4, 9
113700, 436.55, 436.45, 436.6, 436.4, -0.0999756, 436.375, 0.201249, 436.226, 0, 12, 436.2, 142, 436.6, 155, -10085, 5948, 53, -30, 401, -401, 0, 2.36, 3.65, -2450, -5277, 0, 7
113800, 436.4, 436.4, 436.4, 436.3, 0, 436.38, 0.198496, 436.238, 0, 12, 436.2, 142, 436.6, 155, -9947, 5765, 70, -59, 419, 419, 0, 2.31, 3.71, -2464, -5289, -2, 4
113900, 436.35, 436.4, 436.4, 436.35, 0.0499878, 436.38, 0.198496, 436.249, 0, 12, 436.2, 142, 436.6, 155, -9970, 5769, 57, -54, 137, 137, 0, 2.32, 3.67, -2464, -5289, 1, -7
114000, 436.35, 436.35, 436.35, 436.35, 0, 436.375, 0.196215, 436.259, 0, 12, 436.2, 142, 436.6, 155, -9980, 5766, 37, -51, 67, 0, 0, 2.32, 3.72, -2461, -5324, 0, -11
114100, 436.35, 436.4, 436.4, 436.35, 0.0499878, 436.378, 0.196151, 436.268, 0, 12, 436.2, 142, 436.6, 155, -9963, 5765, 20, -44, 111, 111, 0, 2.32, 3.69, -2454, -5359, 2, -18
114200, 436.35, 436.3, 436.4, 436.3, -0.0500183, 436.382, 0.182418, 436.274, 0, 12, 436.2, 142, 436.6, 155, -10004, 5766, 16, -36, 160, -160, 0, 2.31, 3.73, -2454, -5359, 0, -16
114300, 436.3, 436.3, 436.35, 436.25, 0, 436.385, 0.176357, 436.278, 0, 12, 436.2, 142, 436.6, 155, -10028, 5767, -16, 0, 292, -292, 0, 2.28, 3.75, -2467, -5387, 0, -19
114400, 436.35, 436.25, 436.35, 436.2, -0.100006, 436.385, 0.176357, 436.282, 0, 12, 436.2, 142, 436.6, 155, -9879, 5746, 18, -4, 637, -637, 0, 2.27, 3.77, -2453, -5457, 2, -33
114500, 436.3, 436.25, 436.3, 436.25, -0.0499878, 436.38, 0.185477, 436.285, 0, 12, 436.2, 142, 436.6, 155, -9729, 5756, 50, -2, 106, -106, 0, 2.28, 3.76, -2453, -5457, 1, -26
114600, 436.3, 436.35, 436.35, 436.25, 0.0500183, 436.382, 0.182418, 436.291, 0, 12, 436.2, 142, 436.6, 155, -9742, 5769, 44, 0, 73, 73, 0, 2.3, 3.72, -2459, -5478, -1, -23
114700, 436.35, 436.3, 436.35, 436.25, -0.0500183, 436.38, 0.185477, 436.298, 0, 12, 436.2, 142, 436.6, 155, -9742, 5769, 52, 0, 120, -120, 0, 2.3, 3.73, -2456, -5506, 0, -29
114800, 436.35, 436.35, 436.35, 436.3, 0, 436.38, 0.185477, 436.305, 0, 12, 436.2, 142, 436.6, 155, -9795, 5796, 46, 5, 106, 106, 0, 2.32, 3.68, -2456, -5506, 2, -23
114900, 436.4, 436.35, 436.4, 436.3, -0.0499878, 436.383, 0.182418, 436.311, 0, 12, 436.2, 142, 436.6, 155, -9837, 5851, 8, 21, 48, -48, 0, 2.29, 3.73, -2476, -5530, -4, -14
115000, 436.3, 436.35, 436.4, 436.3, 0.0500183, 436.385, 0.179168, 436.318, 0, 12, 436.2, 142, 436.6, 155, -9823, 5852, -18, 19, 58, 58, 0, 2.33, 3.68, -2474, -5557, -4, -20
115100, 436.35, 436.4, 436.4, 436.35, 0.0499878, 436.385, 0.179167, 436.326, 0, 12, 436.2, 142, 436.6, 155, -9824, 5842, -16, 14, 97, 97, 0, 2.32, 3.69, -2474, -5557, -3, -15
115200, 436.35, 436.4, 436.4, 436.35, 0.0499878, 436.385, 0.179167, 436.334, 0, 12, 436.25, 165, 436.6, 155, -9826, 5840, -16, 14, 47, 47, 0, 2.32, 3.69, -2465, -5583, -1, -15
115300, 436.4, 436.5, 436.5, 436.35, 0.100006, 436.387, 0.184054, 436.342, 0, 12, 436.25, 165, 436.6, 155, -9808, 5841, -2, 9, 353, 353, 0, 2.37, 3.61, -2469, -5612, -2, -21
115400, 436.5, 436.45, 436.5, 436.35, -0.0499878, 436.385, 0.179168, 436.348, 0, 12, 436.25, 165, 436.6, 155, -9705, 5824, 26, -5, 403, -403, 0, 2.34, 3.67, -2469, -5612, 1, -16
115500, 436.45, 436.35, 436.45, 436.3, -0.100006, 436.372, 0.149918, 436.354, 0, 12, 436.25, 165, 436.6, 155, -9869, 5929, -9, 15, 345, -345, 0, 2.29, 3.74, -2513, -5551, -7, 1
115600, 436.3, 436.35, 436.4, 436.3, 0.0500183, 436.362, 0.126, 436.359, 0, 12, 436.25, 165, 436.6, 155, -9873, 5930, -9, 17, 133, 133, 0, 2.33, 3.69, -2519, -5594, -9, -7
115700, 436.4, 436.3, 436.4, 436.3, -0.100006, 436.355, 0.122069, 436.363, 0, 12, 436.25, 165, 436.6, 155, -9880, 5936, -10, 19, 36, -36, 0, 2.29, 3.74, -2519, -5594, -10, -2
115800, 436.3, 436.4, 436.4, 436.3, 0.100006, 436.355, 0.122069, 436.367, 0, 12, 436.25, 165, 436.6, 155, -9872, 5958, -12, 23, 197, 197, 0, 2.31, 3.69, -2528, -5613, -11, 0
115900, 436.4, 436.45, 436.45, 436.35, 0.0500183, 436.357, 0.127579, 436.372, 0, 12, 436.25, 165, 436.6, 155, -9880, 5968, -35, 28, 57, 57, 0, 2.34, 3.65, -2538, -5624, -13, -2
120000, 436.4, 436.4, 436.45, 436.4, 0, 436.36, 0.128846, 436.372, 0, 12, 436.25, 165, 436.6, 155, -9861, 5963, 1, 6, 15, -15, 0, 2.34, 3.63, -2538, -5624, -5, -14
120100, 436.4, 436.5, 436.5, 436.4, 0.100006, 436.365, 0.14178, 436.376, 0, 12, 436.25, 165, 436.6, 155, -9784, 5957, 17, 5, 206, 206, 0, 2.37, 3.62, -2548, -5645, -5, -10
120200, 436.5, 436.5, 436.55, 436.5, 0, 436.375, 0.150004, 436.38, 0, 12, 436.25, 165, 436.6, 155, -9874, 5960, 1, 4, 353, -353, 0, 2.38, 3.59, -2544, -5658, -5, -12
120300, 436.55, 436.6, 436.6, 436.5, 0.0500183, 436.39, 0.174932, 436.382, 0, 12, 436.25, 165, 436.6, 183, -9670, 5923, 40, -7, 641, 641, 0, 2.42, 3.54, -2544, -5658, -3, -9
120400, 436.55, 436.5, 436.65, 436.5, -0.0499878, 436.402, 0.168749, 436.384, 0, 12, 436.25, 165, 436.6, 183, -9713, 5933, 33, -7, 269, -269, 0, 2.4, 3.59, -2536, -5639, 0, -3
120500, 436.5, 436.55, 436.55, 436.45, 0.0499878, 436.417, 0.165153, 436.388, 0, 12, 436.25, 165, 436.6, 183, -9745, 5927, 23, -7, 276, 276, 0, 2.4, 3.57, -2533, -5654, 1, -6
120600, 436.55, 436.55, 436.65, 436.55, 0, 436.427, 0.171683, 436.391, 0, 12, 436.25, 165, 436.6, 183, -9548, 5806, 47, -30, 309, -309, 0, 2.43, 3.54, -2533, -5654, 3, -1
120700, 436.55, 436.5, 436.55, 436.5, -0.0499878, 436.437, 0.163934, 436.392, 0, 12, 436.25, 165, 436.6, 183, -9561, 5807, 62, -30, 80, -80, 0, 2.39, 3.59, -2544, -5663, 0, -1
120800, 436.5, 436.5, 436.55, 436.5, 0, 436.445, 0.160934, 436.394, 0, 12, 436.25, 165, 436.6, 183, -9557, 5806, 22, -23, 27, -27, 0, 2.39, 3.59, -2539, -5679, 1, -4
120900, 436.5, 436.5, 436.55, 436.5, 0, 436.452, 0.156445, 436.395, 0, 12, 436.25, 165, 436.6, 183, -9546, 5804, 33, -25, 31, -31, 0, 2.38, 3.6, -2539, -5679, 0, -8
121000, 436.55, 436.55, 436.6, 436.5, 0, 436.463, 0.154515, 436.397, 0, 12, 436.25, 165, 436.6, 183, -9547, 5799, 39, -25, 67, -67, 0, 2.42, 3.53, -2524, -5694, 1, -8
121100, 436.6, 436.65, 436.65, 436.55, 0.0499878, 436.475, 0.171754, 436.398, 0, 12, 436.25, 165, 436.65, 191, -9519, 5796, 5, -2, 106, 106, 0, 2.44, 3.49, -2536, -5702, 0, -9
121200, 436.65, 436.9, 436.95, 436.6, 0.25, 436.5, 0.248995, 436.405, 0, 12, 436.25, 165, 436.9, 192, -9473, 5786, 17, -4, 1650, 1650, 0, 2.59, 3.26, -2536, -5702, 1, -7
121300, 436.9, 436.9, 436.95, 436.8, 0, 436.52, 0.30397, 436.411, 0, 12, 436.25, 165, 436.9, 193, -9023, 5566, 106, -48, 1240, 1240, 0, 2.58, 3.3, -2554, -5694, -3, -3
121400, 436.9, 437.05, 437.05, 436.9, 0.149994, 436.55, 0.379468, 436.422, 0, 12, 436.25, 165, 437.05, 194, -8914, 5561, 126, -48, 1167, 1167, 0, 2.66, 3.18, -2541, -5714, 0, -7
121500, 437.05, 437, 437.05, 436.95, -0.0499878, 436.582, 0.415057, 436.435, 0, 12, 436.3, 177, 437.05, 194, -8876, 5598, 134, -40, 683, -683, 0, 2.63, 3.22, -2541, -5714, -3, -4
121600, 436.95, 436.95, 437.05, 436.95, 0, 436.612, 0.429972, 436.447, 0, 12, 436.3, 177, 437.05, 194, -8916, 5648, 120, -29, 585, -585, 0, 2.62, 3.25, -2554, -5737, -3, -7
121700, 436.95, 436.95, 437, 436.95, 0, 436.645, 0.428837, 436.458, 0, 12, 436.3, 177, 437.05, 194, -8929, 5625, 108, -32, 92, -92, 0, 2.63, 3.23, -2576, -5746, -8, -8
121800, 436.95, 436.9, 437, 436.9, -0.0500183, 436.67, 0.427084, 436.468, 0, 12, 436.3, 177, 437.05, 194, -8880, 5596, 28, 6, 362, -362, 0, 2.58, 3.27, -2576, -5746, -4, -10
121900, 436.9, 436.9, 436.9, 436.85, 0, 436.692, 0.425766, 436.477, 0, 12, 436.3, 177, 437.05, 194, -8781, 5559, 26, 0, 245, 245, 0, 2.56, 3.3, -2607, -5724, -13, -2
122000, 436.9, 436.95, 436.95, 436.85, 0.0500183, 436.72, 0.417615, 436.485, 0, 12, 436.3, 177, 437.05, 194, -8727, 5551, 29, -9, 103, 103, 0, 2.6, 3.26, -2607, -5768, -13, -10
122100, 436.9, 436.95, 437.05, 436.9, 0.0500183, 436.742, 0.416268, 436.495, 0, 12, 436.3, 177, 437.05, 194, -8598, 5511, 63, -27, 367, 367, 0, 2.63, 3.23, -2607, -5768, -10, -6
122200, 436.95, 436.9, 437, 436.9, -0.0500183, 436.762, 0.406052, 436.507, 0, 12, 436.3, 177, 437.05, 194, -8611, 5492, 63, -26, 260, -260, 0, 2.61, 3.22, -2593, -5791, -3, -9
122300, 436.9, 436.85, 436.95, 436.85, -0.0499878, 436.775, 0.40063, 436.517, 0, 12, 436.3, 177, 437.05, 194, -8585, 5478, 59, -23, 251, -251, 0, 2.59, 3.27, -2597, -5788, -4, -8
122400, 436.9, 436.95, 436.95, 436.9, 0.0500183, 436.797, 0.386627, 436.528, 0, 12, 436.3, 177, 437.05, 194, -8521, 5470, 52, -17, 120, 120, 0, 2.62, 3.23, -2597, -5788, 2, -12
122500, 436.95, 436.95, 437, 436.9, 0, 436.817, 0.374539, 436.538, 0, 12, 436.3, 177, 437.05, 194, -8479, 5462, 49, -17, 197, 197, 0, 2.61, 3.23, -2587, -5785, 4, -3
122600, 436.95, 436.9, 437, 436.9, -0.0500183, 436.835, 0.35511, 436.548, 0, 12, 436.3, 177, 437.05, 194, -8442, 5458, 31, -10, 162, -162, 0, 2.62, 3.23, -2606, -5794, 0, -5
122700, 436.9, 436.9, 436.95, 436.9, 0, 436.855, 0.320785, 436.558, 0, 12, 436.4, 180, 437.05, 194, -8420, 5458, 38, -6, 108, -108, 0, 2.61, 3.23, -2606, -5794, -2, 0
122800, 436.9, 436.9, 436.95, 436.85, 0, 436.875, 0.276592, 436.567, 0, 12, 436.4, 180, 437.05, 194, -8420, 5361, 33, -23, 327, -327, 0, 2.63, 3.23, -2601, -5801, 0, -2
122900, 436.95, 436.9, 436.95, 436.9, -0.0500183, 436.895, 0.216571, 436.577, 0, 12, 436.4, 180, 437.05, 194, -8364, 5310, 31, -32, 64, -64, 0, 2.62, 3.23, -2610, -5804, -2, -3
123000, 436.9, 436.95, 436.95, 436.9, 0.0500183, 436.915, 0.148665, 436.588, 0, 12, 436.5, 189, 437.05, 194, -8357, 5309, 24, -30, 103, 103, 0, 2.61, 3.24, -2610, -5804, -4, -3
123100, 436.95, 436.85, 436.95, 436.85, -0.100006, 436.925, 0.0921978, 436.595, 0, 12, 436.5, 189, 437.05, 194, -8340, 5301, 20, -31, 211, -211, 0, 2.6, 3.27, -2618, -5812, -2, -3
123200, 436.85, 436.8, 436.85, 436.8, -0.0500183, 436.92, 0.106776, 436.602, 0, 12, 436.5, 189, 437.05, 194, -8314, 5312, 21, -29, 191, -191, 0, 2.56, 3.29, -2621, -5828, -3, -6
123300, 436.85, 436.8, 436.85, 436.8, -0.0500183, 436.915, 0.11875, 436.608, 0, 12, 436.5, 189, 437.05, 194, -8339, 5316, 16, -9, 46, -46, 0, 2.56, 3.29, -2621, -5828, -4, -5
123400, 436.8, 436.85, 436.9, 436.8, 0.0500183, 436.905, 0.104414, 436.613, 0, 12, 436.5, 189, 437.05, 194, -8315, 5315, 9, 1, 236, 236, 0, 2.58, 3.25, -2633, -5833, -4, -5
123500, 436.85, 436.9, 436.9, 436.85, 0.0499878, 436.9, 0.0948806, 436.618, 0, 12, 436.5, 189, 437.05, 194, -8332, 5315, 5, 1, 134, 134, 0, 2.62, 3.2, -2663, -5843, -10, -7
123600, 436.9, 436.95, 437, 436.9, 0.0500183, 436.9, 0.0948806, 436.625, 0, 12, 436.5, 189, 437.05, 194, -8270, 5314, 14, 2, 294, 294, 0, 2.61, 3.2, -2663, -5843, -9, -6
123700, 436.95, 436.9, 436.95, 436.9, -0.0500183, 436.898, 0.0920712, 436.633, 0, 12, 436.5, 189, 437.05, 194, -8293, 5326, 4, 2, 224, -224, 0, 2.61, 3.22, -2653, -5850, -6, -4
123800, 436.9, 436.9, 436.95, 436.9, 0, 436.898, 0.0920712, 436.641, 0, 12, 436.5, 189, 437.05, 194, -8300, 5326, 7, 2, 12, -12, 0, 2.6, 3.21, -2664, -5858, -8, -6
123900, 436.95, 436.85, 436.95, 436.85, -0.100006, 436.895, 0.0943504, 436.648, 0, 12, 436.55, 190, 437.05, 194, -8334, 5346, -3, 6, 201, -201, 0, 2.55, 3.28, -2664, -5858, -6, -5
124000, 436.85, 436.75, 436.85, 436.75, -0.100006, 436.885, 0.110008, 436.655, 0, 12, 436.65, 191, 437.05, 194, -8395, 5357, -12, 8, 273, -273, 0, 2.51, 3.32, -2660, -5875, 0, -6
124100, 436.75, 436.85, 436.85, 436.75, 0.100006, 436.88, 0.106777, 436.663, 0, 12, 436.75, 220, 437.05, 194, -8362, 5356, -18, 8, 161, 161, 0, 2.56, 3.25, -2659, -5954, 0, -22
124200, 436.85, 436.9, 436.9, 436.85, 0.0499878, 436.88, 0.106777, 436.673, 0, 12, 436.75, 220, 437.05, 194, -8344, 5355, -10, 5, 131, 131, 0, 2.59, 3.21, -2659, -5954, -1, -20
124300, 436.9, 436.9, 436.95, 436.85, 0, 436.882, 0.106191, 436.683, 0, 12, 436.75, 220, 437.05, 194, -8300, 5340, 0, 2, 142, -142, 0, 2.6, 3.2, -2666, -5965, 0, -21
124400, 436.9, 436.95, 436.95, 436.9, 0.0500183, 436.883, 0.10619, 436.694, 0, 12, 436.75, 220, 437, 195, -8207, 5325, 25, -4, 361, 361, 0, 2.63, 3.18, -2676, -5981, -2, -24
124500, 436.95, 436.9, 436.95, 436.8, -0.0500183, 436.88, 0.101985, 436.705, 0, 12, 436.75, 220, 436.95, 224, -8190, 5298, 41, -11, 340, -340, 0, 2.59, 3.23, -2676, -5981, -3, -21
124600, 436.85, 436.9, 436.9, 436.85, 0.0499878, 436.88, 0.101985, 436.714, 0, 12, 436.75, 220, 436.95, 224, -8268, 5327, 18, -5, 68, 68, 0, 2.57, 3.23, -2675, -5999, -3, -9
124700, 436.9, 436.8, 436.9, 436.8, -0.100006, 436.875, 0.107245, 436.723, 0, 12, 436.75, 220, 436.95, 224, -8256, 5320, 17, -7, 195, -195, 0, 2.54, 3.28, -2682, -6017, -4, -12
124800, 436.8, 436.8, 436.85, 436.8, 0, 436.87, 0.111363, 436.73, 0, 12, 436.75, 220, 436.95, 224, -8277, 5278, 4, -12, 89, -89, 0, 2.55, 3.27, -2682, -6017, -3, -10
124900, 436.8, 436.8, 436.8, 436.8, 0, 436.865, 0.114464, 436.738, 0, 12, 436.75, 220, 436.95, 224, -8300, 5278, -18, -9, 108, 0, 0, 2.55, 3.28, -2672, -6054, 0, -14
125000, 436.8, 436.85, 436.85, 436.8, 0.0500183, 436.86, 0.10771, 436.746, 0, 12, 436.75, 220, 436.95, 224, -8298, 5278, -21, -4, 135, 135, 0, 2.54, 3.28, -2683, -6068, -1, -17
125100, 436.85, 436.9, 436.9, 436.85, 0.0499878, 436.862, 0.108979, 436.754, 0, 12, 436.75, 220, 436.95, 224, -8270, 5272, 0, -11, 226, 226, 0, 2.56, 3.24, -2683, -6068, -1, -13
125200, 436.9, 436.9, 436.9, 436.85, 0, 436.867, 0.10619, 436.763, 0, 12, 436.75, 220, 436.95, 224, -8198, 5263, 11, -11, 157, 157, 0, 2.59, 3.22, -2716, -6087, -6, -14
125300, 436.9, 436.9, 436.9, 436.85, 0, 436.872, 0.102352, 436.769, 0, 12, 436.75, 220, 436.95, 224, -8157, 5263, 24, -3, 28, 28, 0, 2.6, 3.2, -2711, -6087, -5, -14
125400, 436.9, 436.95, 436.95, 436.9, 0.0500183, 436.878, 0.107128, 436.778, 0, 12, 436.75, 220, 436.95, 234, -8131, 5263, 33, -3, 35, 35, 0, 2.62, 3.19, -2711, -6087, -7, -6
125500, 436.95, 436.9, 436.95, 436.9, -0.0500183, 436.878, 0.107128, 436.787, 0, 12, 436.75, 220, 436.95, 234, -8126, 5264, 34, -2, 6, -6, 0, 2.61, 3.19, -2708, -6095, -5, -5
125600, 436.9, 436.9, 436.95, 436.85, 0, 436.875, 0.102474, 436.796, 0, 12, 436.75, 220, 436.95, 234, -8137, 5264, 26, -1, 114, -114, 0, 2.57, 3.2, -2726, -6100, -8, -6
125700, 436.9, 436.9, 436.95, 436.9, 0, 436.875, 0.102474, 436.806, 0, 12, 436.75, 220, 436.95, 234, -8109, 5224, 17, -7, 154, -154, 0, 2.6, 3.21, -2726, -6100, -2, -2
125800, 436.9, 436.9, 436.95, 436.9, 0, 436.875, 0.102474, 436.814, 0, 12, 436.75, 220, 436.95, 234, -8105, 5224, 10, -7, 76, -76, 0, 2.58, 3.22, -2743, -6106, -6, -3
125900, 436.9, 436.95, 437, 436.9, 0.0500183, 436.88, 0.106778, 436.823, 0, 12, 436.75, 220, 436.95, 239, -8118, 5219, 2, -8, 300, 300, 0, 2.63, 3.16, -2723, -6124, -2, -7
130000, 437, 437, 437.05, 436.95, 0, 436.892, 0.101375, 436.833, 0, 12, 436.75, 220, 437, 240, -8175, 5219, -9, -9, 224, 0, 0, 2.64, 3.14, -2723, -6124, -3, -5
130100, 437, 436.8, 437.05, 436.8, -0.200012, 436.89, 0.107714, 436.838, 0, 12, 436.75, 220, 437, 240, -8165, 5189, -5, -15, 461, -461, 0, 2.54, 3.28, -2693, -6153, 6, -10
130200, 436.8, 436.85, 436.85, 436.75, 0.0500183, 436.887, 0.108982, 436.843, 0, 12, 436.75, 220, 437, 240, -8315, 5208, -41, -3, 465, 465, 0, 2.54, 3.29, -2691, -6192, 7, -18
130300, 436.85, 436.75, 436.85, 436.75, -0.100006, 436.88, 0.124105, 436.846, 0, 12, 436.75, 243, 437, 240, -8398, 5293, -58, 13, 102, -102, 0, 2.51, 3.34, -2691, -6192, 10, -17
130400, 436.75, 436.75, 436.8, 436.7, 0, 436.87, 0.131914, 436.85, 0, 12, 436.75, 244, 437, 240, -8424, 5336, -61, 23, 282, 0, 0, 2.51, 3.32, -2678, -6239, 9, -23
130500, 436.75, 436.8, 436.85, 436.75, 0.0499878, 436.865, 0.134542, 436.854, 0, 12, 436.75, 244, 437, 240, -8454, 5411, -55, 38, 237, 237, 0, 2.52, 3.32, -2725, -6292, 0, -33
130600, 436.8, 436.75, 436.85, 436.75, -0.0499878, 436.857, 0.142396, 436.858, 0, 12, 436.75, 246, 437, 240, -8480, 5409, -63, 44, 137, -137, 0, 2.53, 3.32, -2725, -6292, -6, -27
130700, 436.75, 436.75, 436.8, 436.75, 0, 436.855, 0.147991, 436.862, 0, 12, 436.75, 247, 437, 240, -8432, 5383, -23, 35, 137, -137, 0, 2.48, 3.37, -2809, -6290, -23, -19
130800, 436.75, 436.8, 436.8, 436.7, 0.0499878, 436.855, 0.147991, 436.867, 0, 12, 436.75, 247, 437, 240, -8456, 5383, -11, 18, 108, 108, 1421, 2.5, 3.34, -2870, -6327, -23, -19
130859, 436.8, 436.8, 436.8, 436.75, 0, 436.855, 0.147991, 436.872, 0, 12, 436.75, 247, 437, 240, -8467, 5383, -8, 9, 2, 2, 1473, 2.51, 0, -2870, -6327, 0, 0
130959, 436.8, 436.75, 436.8, 436.75, -0.0499878, 436.85, 0.154923, 436.875, 0, 12, 436.75, 250, 437, 240, -8466, 5383, -2, -5, 10, -10, 1448, 2.51, 0, -2884, -6328, 0, 0
131059, 436.75, 436.8, 436.8, 436.75, 0.0499878, 436.845, 0.154601, 436.878, 0, 12, 436.75, 250, 437, 240, -8462, 5380, 3, -5, 6, 6, 1352, 2.51, 0, -2886, -6307, 0, 0
131159, 436.8, 436.75, 436.8, 436.75, -0.0499878, 436.837, 0.157722, 436.875, 0, 12, 436.75, 252, 437, 240, -8467, 5381, -7, 0, 17, -17, 1378, 2.51, 0, -2886, -6307, 0, 0
131259, 436.75, 436.75, 436.8, 436.75, 0, 436.83, 0.159378, 436.873, 0, 12, 436.75, 253, 437, 240, -8473, 5381, -3, 0, 82, -82, 1371, 2.52, 0, -2889, -6307, 0, 0
131359, 436.75, 436.8, 436.8, 436.75, 0.0499878, 436.823, 0.149919, 436.868, 0, 12, 436.75, 253, 437, 240, -8449, 5388, 3, 1, 134, 134, 1341, 2.52, 0, -2903, -6310, 0, 0
131459, 436.8, 436.75, 436.8, 436.75, -0.0499878, 436.815, 0.148663, 436.864, 0, 12, 436.75, 255, 437, 240, -8408, 5383, 11, 0, 126, -126, 1344, 2.52, 0, -2903, -6310, 0, 0
131559, 436.75, 436.85, 436.85, 436.75, 0.100006, 436.813, 0.144485, 436.863, 0, 12, 436.75, 255, 437, 240, -8360, 5374, 20, -1, 140, 140, 1647, 2.56, 0, -2907, -6329, 0, 0
131659, 436.85, 436.8, 436.85, 436.75, -0.0500183, 436.808, 0.138838, 436.86, 0, 12, 436.75, 255, 437, 240, -8458, 5441, 1, 12, 209, -209, 1434, 2.5, 0, -2913, -6327, 0, 0
131759, 436.8, 436.8, 436.8, 436.8, 0, 436.802, 0.132197, 436.858, 0, 12, 436.75, 255, 437, 240, -8445, 5439, 5, 11, 95, 0, 1521, 2.53, 0, -2913, -6320, 0, 0
131900, 436.8, 436.85, 436.85, 436.8, 0.0500183, 436.797, 0.116083, 436.858, 0, 12, 436.75, 255, 437, 240, -8463, 5439, -2, 10, 144, 144, 1730, 2.58, 0, -2883, -6358, 0, 0
132000, 436.85, 436.8, 436.85, 436.8, -0.0500183, 436.787, 0.0698206, 436.855, 0, 12, 436.75, 255, 437, 240, -8441, 5435, -6, 10, 104, -104, 1683, 2.54, 0, -2890, -6359, 0, 0
132059, 436.8, 436.75, 436.8, 436.75, -0.0499878, 436.785, 0.0714135, 436.852, 0, 12, 436.75, 261, 437, 240, -8456, 5413, -19, 7, 155, -155, 1487, 2.52, 0, -2890, -6359, 0, 0
132159, 436.75, 436.8, 436.8, 436.75, 0.0499878, 436.782, 0.0653801, 436.85, 0, 12, 436.75, 261, 437, 240, -8453, 5409, 1, -6, 89, 89, 1497, 2.52, 0, -2894, -6352, 0, 0
132259, 436.8, 436.8, 436.8, 436.75, 0, 436.785, 0.064028, 436.849, 0, 12, 436.75, 261, 437, 240, -8472, 5430, -5, -1, 17, 17, 1434, 2.5, 0, -2890, -6386, 0, 0
132359, 436.8, 436.8, 436.8, 436.75, 0, 436.787, 0.0622466, 436.847, 0, 12, 436.75, 261, 437, 240, -8479, 5437, -3, 0, 31, 31, 1479, 2.51, 0, -2890, -6386, 0, 0
132459, 436.75, 436.65, 436.75, 436.65, -0.100006, 436.78, 0.0860214, 436.842, 0, 12, 436.65, 265, 437, 240, -8547, 5438, -21, 0, 351, -351, 888, 2.44, 0, -2885, -6398, 0, 0
132559, 436.65, 436.6, 436.65, 436.6, -0.0499878, 436.773, 0.116077, 436.837, 0, 12, 436.6, 266, 437, 240, -8728, 5563, -54, 30, 620, -620, 520, 2.39, 0, -2917, -6448, 0, 0
132659, 436.6, 436.5, 436.6, 436.5, -0.100006, 436.76, 0.166128, 436.83, 0, 12, 436.5, 267, 437, 240, -8869, 5720, -83, 62, 357, -357, 296, 2.34, 0, -2917, -6448, 0, 0
132759, 436.5, 436.5, 436.55, 436.45, 0, 436.745, 0.199745, 436.823, 0, 12, 436.5, 268, 437, 240, -8992, 5711, -104, 56, 596, 0, 324, 2.33, 0, -3013, -6418, 0, 0
132859, 436.5, 436.55, 436.55, 436.5, 0.0499878, 436.732, 0.215113, 436.818, 0, 12, 436.5, 268, 437, 240, -9029, 5790, -110, 70, 36, 36, 396, 2.34, 0, -3033, -6441, 0, 0
132959, 436.55, 436.5, 436.55, 436.5, -0.0499878, 436.72, 0.237483, 436.81, 0, 12, 436.5, 270, 436.85, 259, -9014, 5789, -93, 70, 189, -189, 193, 2.33, 0, -3033, -6469, 0, 0
133100, 436.5, 436.5, 436.5, 436.45, 0, 436.705, 0.252781, 436.804, 0, 12, 436.5, 271, 436.85, 259, -9006, 5786, -25, -9, 332, 332, 252, 2.33, 0, -3046, -6497, 0, 0
133200, 436.5, 436.55, 436.55, 436.45, 0.0499878, 436.695, 0.260573, 436.8, 0, 12, 436.5, 271, 436.85, 259, -9025, 5787, -31, 13, 111, 111, 130, 2.35, 0, -3038, -6506, 0, 0
133300, 436.55, 436.45, 436.55, 436.45, -0.0999756, 436.68, 0.279994, 436.794, 0, 12, 436.45, 273, 436.85, 259, -9070, 5794, -15, 16, 198, -198, -138, 2.32, 0, -3064, -6542, 0, 0
133400, 436.45, 436.3, 436.45, 436.3, -0.150024, 436.655, 0.319215, 436.785, 0, 12, 436.3, 274, 436.85, 259, -9169, 5818, -28, 5, 946, -946, -765, 2.24, 0, -3064, -6542, 0, 0
133459, 436.3, 436.3, 436.35, 436.25, 0, 436.632, 0.351104, 436.775, 0, 12, 436.3, 275, 436.85, 259, -9084, 5822, -14, 6, 332, -332, -671, 2.25, 0, -3071, -6745, 0, 0
133559, 436.3, 436.3, 436.35, 436.25, 0, 436.605, 0.364553, 436.764, 0, 12, 436.3, 276, 436.85, 259, -9204, 5879, -39, 18, 466, -466, -720, 2.23, 0, -3071, -6745, 0, 0
133659, 436.3, 436.25, 436.3, 436.2, -0.0499878, 436.577, 0.384023, 436.753, 0, 12, 436.25, 277, 436.85, 259, -9211, 5903, -37, 23, 341, -341, -865, 2.2, 0, -3077, -6764, 0, 0
133759, 436.25, 435.9, 436.25, 435.9, -0.350006, 436.532, 0.470399, 436.737, 0, 12, 435.9, 278, 436.85, 259, -9285, 5910, -43, 23, 1956, -1956, -1771, 2.05, 0, -3105, -6786, 0, 0
133859, 435.95, 435.95, 435.95, 435.85, 0, 436.487, 0.510754, 436.722, 0, 12, 435.9, 278, 436.85, 259, -9635, 5832, -93, 2, 1095, 1095, -1384, 2.08, 0, -3105, -6786, 0, 0
133959, 435.9, 435.9, 435.95, 435.85, 0, 436.442, 0.549792, 436.708, 0, 12, 435.9, 280, 436.85, 259, -9652, 5850, -113, 5, 307, -307, -1764, 2.05, 0, -3159, -6810, 0, 0
134059, 435.9, 435.8, 435.95, 435.8, -0.100006, 436.395, 0.597409, 436.69, 0, 12, 435.8, 281, 436.85, 259, -9755, 5861, -110, -3, 722, -722, -2128, 2.02, 0, -3188, -6832, 0, 0
134159, 435.8, 435.9, 435.9, 435.8, 0.100006, 436.35, 0.604151, 436.673, 0, 12, 435.8, 281, 436.85, 259, -9857, 5873, -129, -6, 393, 393, -1882, 2.05, 0, -3188, -6844, 0, 0
134259, 435.9, 435.85, 436, 435.85, -0.0499878, 436.302, 0.604544, 436.656, 0, 12, 435.8, 281, 436.85, 259, -10174, 5895, -177, -3, 821, -821, -1854, 2.04, 0, -3244, -6854, 0, 0
134400, 435.9, 435.9, 435.9, 435.8, 0, 436.257, 0.583331, 436.638, 0, 12, 435.8, 281, 436.85, 259, -10240, 5924, -121, 18, 194, 194, -1728, 2.03, 0, -3286, -6879, 0, 0
134500, 435.9, 435.8, 435.9, 435.75, -0.100006, 436.215, 0.586603, 436.62, 0, 12, 435.8, 285, 436.85, 259, -10242, 5942, -118, 18, 859, -859, -2191, 1.99, 0, -3286, -6955, 0, 0
134559, 435.8, 435.8, 435.85, 435.75, 0, 436.175, 0.585237, 436.602, 0, 12, 435.8, 286, 436.85, 259, -10082, 5975, -65, 22, 372, -372, -1986, 2.02, 0, -3295, -6968, 0, 0
134659, 435.85, 435.7, 435.85, 435.7, -0.149994, 436.135, 0.600082, 436.583, 0, 12, 435.7, 287, 436.85, 259, -10169, 6009, -62, 27, 328, -328, -2474, 1.97, 0, -3314, -7008, 0, 0
134759, 435.7, 435.85, 435.9, 435.7, 0.149994, 436.102, 0.587769, 436.568, 0, 12, 435.7, 287, 436.85, 259, -10270, 6051, -19, 31, 491, 491, -1835, 2.03, 0, -3314, -7008, 0, 0
134859, 435.85, 435.85, 435.85, 435.75, 0, 436.067, 0.559708, 436.552, 0, 12, 435.7, 287, 436.8, 264, -10314, 6052, -14, 25, 154, 154, -2040, 2, 0, -3342, -7055, 0, 0
134959, 435.85, 435.85, 435.9, 435.8, 0, 436.035, 0.530185, 436.535, 0, 12, 435.7, 287, 436.8, 264, -10322, 6048, -16, 21, 201, 201, -1864, 2.03, 0, -3351, -7092, 0, 0
135059, 435.85, 435.95, 436, 435.85, 0.100006, 436.007, 0.486077, 436.519, 0, 12, 435.7, 287, 436.8, 264, -10346, 6056, -52, 16, 356, 356, -1415, 2.05, 0, -3351, -7100, 0, 0
135159, 435.95, 435.9, 435.95, 435.85, -0.0500183, 435.975, 0.418925, 436.503, 0, 12, 435.7, 287, 436.8, 264, -10303, 6052, -26, 8, 258, -258, -1518, 2.03, 0, -3380, -7108, 0, 0
135259, 435.9, 435.9, 435.9, 435.8, 0, 435.947, 0.358428, 436.486, 0, 12, 435.7, 287, 436.8, 264, -10255, 6063, 3, 2, 279, 279, -1651, 2.02, 0, -3380, -7151, 0, 0
135359, 435.85, 435.85, 435.9, 435.8, 0, 435.925, 0.321709, 436.468, 0, 12, 435.7, 287, 436.65, 265, -10189, 6069, 25, 3, 220, 220, -1684, 2, 0, -3380, -7151, 0, 0
135500, 435.8, 435.9, 435.9, 435.8, 0.100006, 435.905, 0.271843, 436.451, 0, 12, 435.7, 287, 436.6, 266, -10067, 6074, 51, 5, 231, 231, -1425, 2.02, 0, -3404, -7179, 0, 0
135559, 435.9, 435.9, 435.95, 435.85, 0, 435.885, 0.202732, 436.434, 0, 12, 435.7, 287, 436.55, 272, -10061, 6071, 57, 3, 249, -249, -1346, 2.03, 0, -3414, -7211, 0, 0
135659, 435.9, 435.85, 435.95, 435.8, -0.0499878, 435.865, 0.114456, 436.417, 0, 12, 435.7, 287, 436.55, 272, -10037, 6058, 53, 1, 337, -337, -1534, 2.01, 0, -3414, -7211, 0, 0
135759, 435.9, 435.85, 435.9, 435.85, -0.0499878, 435.862, 0.113469, 436.399, 0, 12, 435.7, 287, 436.55, 272, -10076, 6059, 35, 0, 91, -91, -1518, 2.01, 0, -3403, -7328, 0, 0
135859, 435.85, 435.85, 435.85, 435.8, 0, 435.858, 0.106182, 436.381, 0, 12, 435.7, 287, 436.55, 272, -10080, 6058, 21, -2, 175, 175, -1557, 2.01, 0, -3410, -7362, 0, 0
135959, 435.85, 435.9, 435.9, 435.85, 0.0499878, 435.857, 0.106182, 436.363, 0, 12, 435.7, 287, 436.55, 272, -10080, 6055, -2, -3, 166, 166, -1304, 2.03, 0, -3410, -7362, 0, 0
140059, 435.9, 435.95, 435.95, 435.9, 0.0500183, 435.865, 0.109999, 436.348, 0, 12, 435.7, 287, 436.55, 272, -10060, 6101, 0, 6, 518, 518, -1449, 2.03, 0, -3426, -7380, 0, 0
140159, 435.9, 435.85, 435.9, 435.85, -0.0499878, 435.862, 0.108972, 436.332, 0, 12, 435.7, 287, 436.45, 273, -10213, 6208, -35, 30, 268, -268, -1646, 2.01, 0, -3441, -7393, 0, 0
140259, 435.9, 436, 436, 435.9, 0.100006, 435.87, 0.124096, 436.319, 0, 12, 435.7, 287, 436.3, 276, -10207, 6221, -26, 32, 461, 461, -988, 2.04, 0, -3441, -7393, 0, 0
140359, 436, 436, 436, 435.95, 0, 435.875, 0.136014, 436.307, 0, 12, 435.7, 287, 436.3, 276, -10287, 6301, -41, 48, 152, 152, -908, 2.05, 0, -3502, -7339, 0, 0
140459, 436, 435.95, 436, 435.95, -0.0499878, 435.883, 0.135184, 436.293, 0, 12, 435.7, 287, 436.3, 276, -10334, 6326, -50, 54, 252, -252, -1005, 2.05, 0, -3554, -7351, 0, 0
140559, 436, 436, 436, 435.95, 0, 435.893, 0.138831, 436.28, 0, 12, 435.7, 287, 436.25, 277, -10277, 6265, -43, 32, 187, 187, -853, 2.09, 0, -3554, -7356, 0, 0
140659, 436, 436.05, 436.05, 436, 0.0499878, 435.91, 0.124895, 436.268, 0, 12, 435.7, 287, 436.05, 307, -10260, 6264, -9, 11, 214, 214, -773, 2.07, 0, -3542, -7370, 0, 0
140759, 436.05, 436, 436.05, 436, -0.0499878, 435.917, 0.127569, 436.255, 0, 12, 435.7, 287, 436.05, 307, -10288, 6271, -16, 10, 190, -190, -756, 2.07, 0, -3571, -7372, 0, 0
140900, 436, 436, 436.05, 436, 0, 435.925, 0.128448, 436.242, 0, 12, 435.7, 287, 436.05, 307, -10287, 6267, 0, -6, 324, -324, -920, 2.05, 0, -3571, -7398, 0, 0
141000, 436, 435.95, 436, 435.95, -0.0499878, 435.93, 0.124093, 436.228, 0, 12, 435.7, 287, 436.05, 307, -10295, 6345, 7, 3, 347, -347, -1235, 2.05, 0, -3634, -7406, 0, 0
141059, 436, 435.95, 436, 435.9, -0.0499878, 435.93, 0.124093, 436.214, 0, 12, 435.7, 287, 436.05, 307, -10338, 6340, -12, 15, 278, -278, -1341, 2.05, 0, -3667, -7420, 0, 0
141159, 435.95, 435.95, 435.95, 435.85, 0, 435.933, 0.123589, 436.201, 0, 12, 435.7, 287, 436.05, 307, -10359, 6358, -19, 18, 338, 338, -1262, 2.05, 0, -3667, -7420, 0, 0
141259, 435.95, 435.95, 436, 435.9, 0, 435.935, 0.122878, 436.188, 0, 12, 435.7, 287, 436.05, 307, -10316, 6353, -5, 16, 141, 141, -1566, 2.04, 0, -3686, -7469, 0, 0
141359, 435.95, 435.9, 435.95, 435.9, -0.0500183, 435.938, 0.117789, 436.173, 0, 12, 435.7, 287, 436.05, 307, -10318, 6355, -6, 17, 112, -112, -1619, 2.04, 0, -3694, -7491, 0, 0
141459, 435.9, 435.85, 435.95, 435.85, -0.0499878, 435.935, 0.122878, 436.158, 0, 12, 435.7, 287, 436.05, 307, -10321, 6351, -5, 1, 112, -112, -1732, 2, 0, -3694, -7491, 0, 0
141559, 435.85, 435.85, 435.9, 435.8, 0, 435.932, 0.127569, 436.141, 0, 12, 435.7, 287, 436.05, 307, -10482, 6441, -28, 20, 720, 720, -1986, 2.01, 0, -3720, -7509, 0, 0
141659, 435.85, 435.65, 435.85, 435.65, -0.200012, 435.922, 0.174571, 436.122, 0, 12, 435.65, 317, 436.05, 307, -10565, 6443, -41, 17, 611, -611, -2813, 1.93, 0, -3720, -7530, 0, 0
141759, 435.65, 435.5, 435.65, 435.4, -0.149994, 435.905, 0.252786, 436.1, 0, 12, 435.5, 318, 436.05, 307, -10745, 6447, -85, 18, 1551, -1551, -3180, 1.88, 0, -3720, -7530, 0, 0
141859, 435.45, 435.55, 435.6, 435.4, 0.0999756, 435.89, 0.295978, 436.078, 0, 12, 435.5, 318, 436.05, 307, -10620, 6460, -60, 21, 487, 487, -2878, 1.9, 0, -3708, -7673, 0, 0
141959, 435.55, 435.6, 435.65, 435.55, 0.0500183, 435.875, 0.321718, 436.058, 0, 12, 435.5, 318, 436.05, 307, -10591, 6482, -54, 26, 246, 246, -2584, 1.91, 0, -3711, -7691, 0, 0
142059, 435.6, 435.85, 435.9, 435.6, 0.25, 435.87, 0.320003, 436.043, 0, 12, 435.5, 318, 436.05, 307, -10522, 6493, -8, 10, 843, 843, -1668, 2.01, 0, -3711, -7696, 0, 0
142159, 435.85, 435.9, 435.95, 435.85, 0.0499878, 435.873, 0.320121, 436.028, 0, 12, 435.5, 318, 436.05, 307, -10527, 6460, 7, 3, 587, 587, -1475, 2.02, 0, -3746, -7692, 0, 0
142259, 435.85, 435.9, 435.9, 435.8, 0.0499878, 435.868, 0.315083, 436.013, 0, 12, 435.5, 318, 436.05, 307, -10528, 6456, 43, 1, 215, 215, -1437, 2.03, 0, -3766, -7658, 0, 0
142400, 435.9, 435.9, 435.9, 435.85, 0, 435.863, 0.30964, 435.998, 0, 12, 435.5, 318, 436.05, 307, -10497, 6467, 24, 1, 57, 57, -1389, 2, 0, -3766, -7665, 0, 0
142500, 435.9, 435.95, 436, 435.9, 0.0500183, 435.863, 0.30964, 435.987, 0, 12, 435.5, 318, 436.05, 307, -10435, 6469, 31, -2, 550, 550, -985, 2.06, 0, -3776, -7684, 0, 0
142559, 436, 436, 436.05, 436, 0, 435.863, 0.30964, 435.977, 0, 12, 435.5, 318, 436.05, 307, -10413, 6446, 21, -9, 395, -395, -700, 2.08, 0, -3763, -7674, 0, 0
142659, 436, 436, 436.05, 436, 0, 435.86, 0.304308, 435.968, 0, 12, 435.5, 318, 436.05, 307, -10437, 6437, 18, -4, 287, -287, -826, 2.07, 0, -3763, -7674, 0, 0
142759, 436, 436, 436.05, 435.95, 0, 435.86, 0.304308, 435.96, 0, 12, 435.5, 318, 436.05, 307, -10470, 6439, 11, -3, 438, 0, -1243, 2.04, 0, -3728, -7678, 0, 0
142859, 436, 436, 436, 435.95, 0, 435.86, 0.304308, 435.951, 0, 12, 435.5, 318, 436.05, 307, -10477, 6441, 4, -5, 135, 135, -1169, 2.05, 0, -3729, -7706, 0, 0
142959, 436, 436.05, 436.05, 436, 0.0499878, 435.865, 0.313212, 435.943, 0, 12, 435.5, 318, 436.05, 330, -10454, 6440, -3, -5, 254, 254, -671, 2.09, 0, -3729, -7706, 0, 0
143059, 436.1, 436.05, 436.15, 436.05, -0.0500183, 435.87, 0.321559, 435.936, 0, 12, 435.5, 318, 436.05, 331, -10321, 6427, 18, -3, 658, -658, -735, 2.09, 0, -3711, -7715, 0, 0
143159, 436.05, 436.1, 436.15, 436.05, 0.0500183, 435.878, 0.335374, 435.928, 0, 12, 435.5, 318, 436.1, 332, -10332, 6423, 21, -2, 157, 157, -695, 2.1, 0, -3738, -7719, 0, 0
143259, 436.1, 436.2, 436.3, 436.1, 0.100006, 435.89, 0.36277, 435.924, 0, 12, 435.5, 318, 436.2, 333, -10375, 6443, 19, 0, 811, 811, -148, 2.13, 0, -3738, -7719, 0, 0
143359, 436.2, 436.1, 436.25, 436.05, -0.100006, 435.9, 0.374169, 435.921, 0, 12, 435.5, 318, 436.2, 333, -10470, 6407, 1, -6, 707, -707, -680, 2.1, 0, -3759, -7687, 0, 0
143500, 436.1, 436.15, 436.2, 436.1, 0.0499878, 435.915, 0.388718, 435.918, 0, 12, 435.5, 318, 436.2, 333, -10318, 6448, 27, 1, 274, 274, -406, 2.12, 0, -3750, -7703, 0, 0
143600, 436.15, 436.15, 436.2, 436.1, 0, 435.93, 0.400502, 435.916, 0, 12, 435.5, 318, 436.2, 333, -10319, 6458, 0, 6, 171, -171, -246, 2.14, 0, -3750, -7712, 0, 0
143659, 436.25, 436.25, 436.3, 436.2, 0, 435.96, 0.401997, 435.916, 0, 12, 435.5, 318, 436.25, 337, -10223, 6436, 21, 2, 198, 0, 62, 2.19, 0, -3727, -7736, 0, 0
143759, 436.25, 436.25, 436.3, 436.25, 0, 435.997, 0.361215, 435.922, 0, 12, 435.5, 318, 436.25, 338, -10194, 6439, 36, 0, 222, -222, 76, 2.17, 0, -3712, -7769, 0, 0
143859, 436.25, 436.35, 436.35, 436.25, 0.100006, 436.037, 0.329963, 435.928, 0, 12, 435.5, 318, 436.35, 339, -10205, 6447, 53, 8, 343, 343, 335, 2.21, 0, -3712, -7769, 0, 0
143959, 436.35, 436.25, 436.35, 436.25, -0.100006, 436.07, 0.274593, 435.934, 0, 12, 435.5, 318, 436.35, 339, -10146, 6436, 34, -2, 230, -230, 83, 2.17, 0, -3676, -7799, 0, 0
144059, 436.25, 436.25, 436.25, 436.2, 0, 436.09, 0.26571, 435.942, 0, 12, 435.5, 318, 436.35, 339, -10127, 6411, 38, -9, 181, 181, 30, 2.17, 0, -3666, -7824, 0, 0
144159, 436.25, 436.25, 436.25, 436.2, 0, 436.108, 0.259377, 435.947, 0, 12, 435.5, 318, 436.35, 339, -10107, 6406, 23, -6, 20, 20, -28, 2.16, 0, -3666, -7824, 0, 0
144259, 436.25, 436.25, 436.25, 436.25, 0, 436.125, 0.247994, 435.954, 0, 12, 435.5, 318, 436.35, 339, -10079, 6401, 23, -7, 99, 0, 28, 2.15, 0, -3635, -7847, 0, 0
144359, 436.25, 436.2, 436.25, 436.2, -0.0499878, 436.14, 0.227158, 435.959, 0, 12, 435.5, 318, 436.35, 339, -10113, 6413, 18, -6, 278, -278, -121, 2.14, 0, -3641, -7905, 0, 0
144459, 436.2, 436.15, 436.2, 436.1, -0.0500183, 436.15, 0.209766, 435.965, 0, 12, 435.5, 318, 436.35, 339, -10178, 6418, -6, -3, 366, -366, -369, 2.1, 0, -3641, -7893, 0, 0
144559, 436.15, 436.15, 436.2, 436.15, 0, 436.158, 0.198184, 435.971, 0, 12, 435.5, 318, 436.35, 339, -10105, 6402, 4, -1, 179, -179, -350, 2.11, 0, -3591, -8013, 0, 0
144659, 436.15, 436.15, 436.2, 436.15, 0, 436.165, 0.184667, 435.978, 0, 12, 435.5, 318, 436.35, 339, -10086, 6405, 4, 0, 46, -46, -330, 2.1, 0, -3610, -8033, 0, 0
144759, 436.15, 436.2, 436.2, 436.15, 0.0500183, 436.175, 0.168825, 435.984, 0, 12, 435.55, 319, 436.35, 339, -10010, 6388, 13, -2, 146, 146, -221, 2.11, 0, -3610, -8010, 0, 0
144859, 436.2, 436.25, 436.3, 436.2, 0.0499878, 436.188, 0.151251, 435.991, 0, 12, 435.6, 320, 436.35, 339, -9912, 6371, 40, -8, 232, 232, -116, 2.13, 0, -3652, -8027, 0, 0
145000, 436.25, 436.25, 436.3, 436.2, 0, 436.197, 0.139557, 435.997, 0, 12, 435.85, 321, 436.35, 339, -9884, 6343, 58, -15, 203, 0, -13, 2.14, 0, -3624, -8005, 0, 0
145100, 436.25, 436.4, 436.4, 436.25, 0.149994, 436.215, 0.14866, 436.005, 0, 12, 435.9, 324, 436.4, 351, -9825, 6259, 56, -28, 379, 379, 509, 2.23, 0, -3624, -7998, 0, 0
145159, 436.4, 436.35, 436.45, 436.35, -0.0499878, 436.227, 0.149918, 436.012, 0, 12, 435.9, 324, 436.4, 351, -9581, 6261, 101, -28, 742, -742, 504, 2.23, 0, -3632, -7977, 0, 0
145259, 436.35, 436.4, 436.45, 436.35, 0.0499878, 436.237, 0.166958, 436.021, 0, 12, 435.9, 324, 436.4, 353, -9639, 6253, 74, -27, 238, 238, 575, 2.25, 0, -3629, -7938, 0, 0
145359, 436.4, 436.35, 436.45, 436.35, -0.0499878, 436.25, 0.161247, 436.029, 0, 12, 435.95, 325, 436.4, 353, -9706, 6237, 41, -26, 290, -290, 409, 2.21, 0, -3629, -7938, 0, 0
145459, 436.3, 436.35, 436.4, 436.3, 0.0500183, 436.26, 0.160002, 436.037, 0, 12, 436, 329, 436.4, 353, -9725, 6225, 31, -23, 169, 169, 373, 2.21, 0, -3642, -7959, 0, 0
145559, 436.35, 436.3, 436.35, 436.3, -0.0500183, 436.267, 0.152562, 436.043, 0, 12, 436, 329, 436.4, 353, -9758, 6227, 13, -6, 184, -184, 340, 2.2, 0, -3649, -7958, 0, 0
145659, 436.3, 436.3, 436.35, 436.3, 0, 436.27, 0.152971, 436.051, 0, 12, 436, 329, 436.4, 353, -9780, 6238, -39, -4, 71, -71, 320, 2.19, 0, -3649, -7946, 0, 0
145759, 436.35, 436.4, 436.4, 436.3, 0.0499878, 436.277, 0.162711, 436.06, 0, 12, 436, 329, 436.4, 358, -9760, 6237, -24, -3, 91, 91, 523, 2.22, 0, -3624, -7968, 0, 0
145859, 436.4, 436.35, 436.4, 436.35, -0.0499878, 436.278, 0.162711, 436.068, 0, 12, 436.05, 331, 436.4, 358, -9747, 6237, -8, 0, 70, -70, 487, 2.24, 0, -3635, -7987, 0, 0
145959, 436.35, 436.35, 436.4, 436.3, 0, 436.283, 0.165151, 436.076, 0, 12, 436.05, 331, 436.4, 358, -9756, 6246, -6, 4, 316, 316, 459, 2.21, 0, -3635, -7987, 0, 0
150100, 436.35, 436.3, 436.4, 436.25, -0.0500183, 436.285, 0.16462, 436.082, 0, 12, 436.1, 334, 436.4, 358, -9751, 6244, 3, -23, 273, -273, 231, 2.19, 0, -3633, -8073, 0, 0
150200, 436.3, 436.15, 436.3, 436.15, -0.149994, 436.28, 0.174356, 436.087, 0, 12, 436.1, 334, 436.4, 358, -9858, 6284, -15, 9, 419, -419, -253, 2.15, 0, -3602, -8122, 0, 0
150300, 436.15, 436.2, 436.2, 436.1, 0.0500183, 436.277, 0.177411, 436.09, 0, 12, 436.1, 334, 436.4, 358, -9866, 6293, -21, 11, 254, 254, -263, 2.14, 0, -3602, -8185, 0, 0
150359, 436.15, 436.2, 436.25, 436.15, 0.0500183, 436.278, 0.177411, 436.093, 0, 12, 436.15, 362, 436.4, 358, -9820, 6291, -14, 10, 195, 195, -485, 2.16, 0, -3622, -8185, 0, 0
150459, 436.2, 436.3, 436.3, 436.2, 0.0999756, 436.285, 0.167629, 436.099, 0, 12, 436.15, 362, 436.4, 358, -9795, 6285, -7, 7, 205, 205, -161, 2.19, 0, -3627, -8198, 0, 0
150559, 436.3, 436.25, 436.35, 436.2, -0.0499878, 436.29, 0.156841, 436.103, 0, 12, 436.15, 362, 436.4, 358, -9744, 6233, 1, -2, 221, -221, -238, 2.19, 0, -3627, -8198, 0, 0
150659, 436.25, 436.3, 436.3, 436.2, 0.0499878, 436.298, 0.143087, 436.107, 0, 12, 436.15, 362, 436.4, 358, -9777, 6243, 16, -8, 117, 117, -166, 2.19, 0, -3659, -8208, 0, 0
150759, 436.3, 436.25, 436.35, 436.25, -0.0499878, 436.3, 0.137838, 436.112, 0, 12, 436.15, 362, 436.4, 358, -9754, 6246, 22, -9, 239, -239, -111, 2.2, 0, -3677, -8220, 0, 0
150859, 436.3, 436.25, 436.3, 436.2, -0.0499878, 436.3, 0.137838, 436.116, 0, 12, 436.15, 362, 436.4, 358, -9794, 6259, 5, -6, 125, -125, -174, 2.19, 0, -3677, -8223, 0, 0
150959, 436.3, 436.3, 436.35, 436.25, 0, 436.302, 0.13592, 436.122, 0, 12, 436.15, 362, 436.4, 358, -9752, 6240, 8, -9, 162, -162, 8, 2.23, 0, -3683, -8239, 0, 0
151059, 436.3, 436.3, 436.35, 436.3, 0, 436.297, 0.128353, 436.128, 0, 12, 436.15, 362, 436.4, 358, -9748, 6244, 0, 2, 102, -102, -89, 2.21, 0, -3655, -8258, 0, 0
151159, 436.3, 436.3, 436.35, 436.3, 0, 436.295, 0.126092, 436.133, 0, 12, 436.15, 362, 436.4, 358, -9770, 6251, 1, 1, 86, -86, 85, 2.24, 0, -3655, -8272, 0, 0
151259, 436.35, 436.3, 436.35, 436.3, -0.0500183, 436.29, 0.116616, 436.139, 0, 12, 436.15, 362, 436.4, 358, -9752, 6232, 0, -2, 180, -180, 56, 2.23, 0, -3651, -8284, 0, 0
151359, 436.35, 436.3, 436.35, 436.3, -0.0500183, 436.288, 0.113464, 436.146, 0, 12, 436.15, 362, 436.4, 358, -9666, 6226, 25, -6, 370, -370, 83, 2.22, 0, -3623, -8292, 0, 0
151459, 436.3, 436.3, 436.3, 436.25, 0, 436.285, 0.109994, 436.153, 0, 12, 436.15, 362, 436.4, 358, -9699, 6228, 10, -2, 52, 52, 43, 2.21, 0, -3623, -8283, 0, 0
151559, 436.25, 436.35, 436.35, 436.25, 0.100006, 436.288, 0.113464, 436.162, 0, 12, 436.15, 362, 436.4, 358, -9640, 6216, 21, -5, 113, 113, 487, 2.24, 0, -3621, -8297, 0, 0
151700, 436.35, 436.35, 436.35, 436.3, 0, 436.29, 0.116616, 436.173, 0, 12, 436.15, 362, 436.4, 358, -9644, 6254, 25, 0, 151, 151, 590, 2.24, 0, -3693, -8320, 0, 0
151800, 436.35, 436.35, 436.35, 436.3, 0, 436.288, 0.108971, 436.188, 0, 12, 436.15, 362, 436.4, 358, -9691, 6319, 12, 17, 307, 307, 645, 2.23, 0, -3693, -8333, 0, 0
151900, 436.35, 436.45, 436.45, 436.35, 0.100006, 436.292, 0.127575, 436.203, 0, 12, 436.15, 362, 436.45, 379, -9770, 6363, -20, 27, 337, 337, 1151, 2.3, 0, -3623, -8333, 0, 0
151959, 436.45, 436.45, 436.5, 436.4, 0, 436.298, 0.143095, 436.217, 0, 12, 436.15, 362, 436.45, 380, -9726, 6412, -5, 36, 169, 169, 1300, 2.32, 0, -3604, -8343, 0, 0
152059, 436.5, 436.5, 436.5, 436.45, 0, 436.308, 0.168156, 436.228, 0, 12, 436.15, 362, 436.5, 381, -9750, 6423, -22, 41, 100, 100, 1377, 2.36, 0, -3604, -8343, 0, 0
152159, 436.5, 436.5, 436.5, 436.45, 0, 436.325, 0.171759, 436.237, 0, 12, 436.15, 362, 436.5, 382, -9773, 6437, -25, 36, 338, 338, 1348, 2.37, 0, -3624, -8357, 0, 0
152259, 436.5, 436.45, 436.5, 436.45, -0.0499878, 436.337, 0.169934, 436.247, 0, 12, 436.15, 362, 436.5, 382, -9878, 6456, -37, 27, 405, -405, 1129, 2.35, 0, -3624, -8357, 0, 0
152359, 436.5, 436.45, 436.5, 436.45, -0.0499878, 436.35, 0.164329, 436.256, 0, 12, 436.15, 362, 436.5, 382, -9968, 6436, -39, 14, 293, -293, 1093, 2.32, 0, -3624, -8357, 0, 0
152459, 436.45, 436.4, 436.5, 436.4, -0.0500183, 436.355, 0.164023, 436.263, 0, 12, 436.15, 362, 436.5, 382, -10030, 6427, -60, 3, 143, -143, 1010, 2.3, 0, -3624, -8357, 0, 0
152559, 436.4, 436.3, 436.45, 436.3, -0.100006, 436.357, 0.158993, 436.268, 0, 12, 436.15, 362, 436.5, 382, -10185, 6445, -87, 4, 298, -298, 474, 2.23, 0, -3624, -8357, 0, 0
152659, 436.3, 436.3, 436.35, 436.3, 0, 436.357, 0.158993, 436.273, 0, 12, 436.15, 362, 436.5, 382, -10219, 6450, -89, 2, 75, -75, 397, 2.24, 0, -3624, -8357, 0, 0
152759, 436.35, 436.4, 436.4, 436.3, 0.0499878, 436.365, 0.152, 436.28, 0, 12, 436.15, 362, 436.5, 382, -10245, 6467, -73, 2, 148, 148, 493, 2.26, 0, -3624, -8357, 0, 0
152859, 436.4, 436.4, 436.45, 436.35, 0, 436.372, 0.143105, 436.287, 0, 12, 436.15, 362, 436.5, 382, -10210, 6443, -48, 1, 328, -328, 649, 2.29, 0, -3624, -8357, 0, 0
153000, 436.45, 436.4, 436.5, 436.4, -0.0500183, 436.378, 0.139566, 436.292, 0, 12, 436.15, 362, 436.5, 382, -10119, 6333, -17, -18, 823, -823, 854, 2.32, 0, -3624, -8357, 0, 0
